ts,value
2009-01-03 00:00:00,1.0
2009-01-04 00:00:00,0.0
2009-01-05 00:00:00,0.0
2009-01-06 00:00:00,0.0
2009-01-07 00:00:00,0.0
2009-01-08 00:00:00,0.0
2009-01-09 00:00:00,1.0
2009-01-10 00:00:00,1.0
2009-01-11 00:00:00,1.0
2009-01-12 00:00:00,1.0
2009-01-13 00:00:00,1.0
2009-01-14 00:00:00,1.0
2009-01-15 00:00:00,1.0
2009-01-16 00:00:00,1.0
2009-01-17 00:00:00,1.0
2009-01-18 00:00:00,1.0
2009-01-19 00:00:00,1.0
2009-01-20 00:00:00,1.0
2009-01-21 00:00:00,1.0
2009-01-22 00:00:00,1.0
2009-01-23 00:00:00,1.0
2009-01-24 00:00:00,1.0
2009-01-25 00:00:00,1.0
2009-01-26 00:00:00,1.0
2009-01-27 00:00:00,1.0
2009-01-28 00:00:00,1.0
2009-01-29 00:00:00,1.0
2009-01-30 00:00:00,1.0
2009-01-31 00:00:00,1.0
2009-02-01 00:00:00,1.0
2009-02-02 00:00:00,1.0
2009-02-03 00:00:00,1.0
2009-02-04 00:00:00,1.0
2009-02-05 00:00:00,1.0
2009-02-06 00:00:00,1.0
2009-02-07 00:00:00,1.0
2009-02-08 00:00:00,1.0
2009-02-09 00:00:00,1.0
2009-02-10 00:00:00,1.0
2009-02-11 00:00:00,1.0
2009-02-12 00:00:00,1.0
2009-02-13 00:00:00,1.0
2009-02-14 00:00:00,1.0
2009-02-15 00:00:00,1.0
2009-02-16 00:00:00,1.0
2009-02-17 00:00:00,1.0
2009-02-18 00:00:00,1.0
2009-02-19 00:00:00,1.0
2009-02-20 00:00:00,1.0
2009-02-21 00:00:00,1.0
2009-02-22 00:00:00,1.0
2009-02-23 00:00:00,1.0
2009-02-24 00:00:00,1.0
2009-02-25 00:00:00,1.0
2009-02-26 00:00:00,1.0
2009-02-27 00:00:00,1.0
2009-02-28 00:00:00,1.0
2009-03-01 00:00:00,1.0
2009-03-02 00:00:00,1.0
2009-03-03 00:00:00,1.0
2009-03-04 00:00:00,1.0
2009-03-05 00:00:00,1.0
2009-03-06 00:00:00,1.0
2009-03-07 00:00:00,1.0
2009-03-08 00:00:00,1.0
2009-03-09 00:00:00,1.0
2009-03-10 00:00:00,1.0
2009-03-11 00:00:00,1.0
2009-03-12 00:00:00,1.0
2009-03-13 00:00:00,1.0
2009-03-14 00:00:00,1.0
2009-03-15 00:00:00,1.0
2009-03-16 00:00:00,1.0
2009-03-17 00:00:00,1.0
2009-03-18 00:00:00,1.0
2009-03-19 00:00:00,1.0
2009-03-20 00:00:00,1.0
2009-03-21 00:00:00,1.0
2009-03-22 00:00:00,1.0
2009-03-23 00:00:00,1.0
2009-03-24 00:00:00,1.0
2009-03-25 00:00:00,1.0
2009-03-26 00:00:00,1.0
2009-03-27 00:00:00,1.0
2009-03-28 00:00:00,1.0
2009-03-29 00:00:00,1.0
2009-03-30 00:00:00,1.0
2009-03-31 00:00:00,1.0
2009-04-01 00:00:00,1.0
2009-04-02 00:00:00,1.0
2009-04-03 00:00:00,1.0
2009-04-04 00:00:00,1.0
2009-04-05 00:00:00,1.0
2009-04-06 00:00:00,1.0
2009-04-07 00:00:00,1.0
2009-04-08 00:00:00,1.0
2009-04-09 00:00:00,1.0
2009-04-10 00:00:00,1.0
2009-04-11 00:00:00,1.0
2009-04-12 00:00:00,1.0
2009-04-13 00:00:00,1.0
2009-04-14 00:00:00,1.0
2009-04-15 00:00:00,1.0
2009-04-16 00:00:00,1.0
2009-04-17 00:00:00,1.0
2009-04-18 00:00:00,1.0
2009-04-19 00:00:00,1.0
2009-04-20 00:00:00,1.0
2009-04-21 00:00:00,1.0
2009-04-22 00:00:00,1.0
2009-04-23 00:00:00,1.0
2009-04-24 00:00:00,1.0
2009-04-25 00:00:00,1.0
2009-04-26 00:00:00,1.0
2009-04-27 00:00:00,1.0
2009-04-28 00:00:00,1.0
2009-04-29 00:00:00,1.0
2009-04-30 00:00:00,1.0
2009-05-01 00:00:00,1.0
2009-05-02 00:00:00,1.0
2009-05-03 00:00:00,1.0
2009-05-04 00:00:00,1.0
2009-05-05 00:00:00,1.0
2009-05-06 00:00:00,1.0
2009-05-07 00:00:00,1.0
2009-05-08 00:00:00,1.0
2009-05-09 00:00:00,1.0
2009-05-10 00:00:00,1.0
2009-05-11 00:00:00,1.0
2009-05-12 00:00:00,1.0
2009-05-13 00:00:00,1.0
2009-05-14 00:00:00,1.0
2009-05-15 00:00:00,1.0
2009-05-16 00:00:00,1.0
2009-05-17 00:00:00,1.0
2009-05-18 00:00:00,1.0
2009-05-19 00:00:00,1.0
2009-05-20 00:00:00,1.0
2009-05-21 00:00:00,1.0
2009-05-22 00:00:00,1.0
2009-05-23 00:00:00,1.0
2009-05-24 00:00:00,1.0
2009-05-25 00:00:00,1.0
2009-05-26 00:00:00,1.0
2009-05-27 00:00:00,1.0
2009-05-28 00:00:00,1.0
2009-05-29 00:00:00,1.0
2009-05-30 00:00:00,1.0
2009-05-31 00:00:00,1.0
2009-06-01 00:00:00,1.0
2009-06-02 00:00:00,1.0
2009-06-03 00:00:00,1.0
2009-06-04 00:00:00,1.0
2009-06-05 00:00:00,1.0
2009-06-06 00:00:00,1.0
2009-06-07 00:00:00,1.0
2009-06-08 00:00:00,1.0
2009-06-09 00:00:00,1.0
2009-06-10 00:00:00,1.0
2009-06-11 00:00:00,1.0
2009-06-12 00:00:00,1.0
2009-06-13 00:00:00,1.0
2009-06-14 00:00:00,1.0
2009-06-15 00:00:00,1.0
2009-06-16 00:00:00,1.0
2009-06-17 00:00:00,1.0
2009-06-18 00:00:00,1.0
2009-06-19 00:00:00,1.0
2009-06-20 00:00:00,1.0
2009-06-21 00:00:00,1.0
2009-06-22 00:00:00,1.0
2009-06-23 00:00:00,1.0
2009-06-24 00:00:00,1.0
2009-06-25 00:00:00,1.0
2009-06-26 00:00:00,1.0
2009-06-27 00:00:00,1.0
2009-06-28 00:00:00,1.0
2009-06-29 00:00:00,1.0
2009-06-30 00:00:00,1.0
2009-07-01 00:00:00,1.0
2009-07-02 00:00:00,1.0
2009-07-03 00:00:00,1.0
2009-07-04 00:00:00,1.0
2009-07-05 00:00:00,1.0
2009-07-06 00:00:00,1.0
2009-07-07 00:00:00,1.0
2009-07-08 00:00:00,1.0
2009-07-09 00:00:00,1.0
2009-07-10 00:00:00,1.0
2009-07-11 00:00:00,1.0
2009-07-12 00:00:00,1.0
2009-07-13 00:00:00,1.0
2009-07-14 00:00:00,1.0
2009-07-15 00:00:00,1.0
2009-07-16 00:00:00,1.0
2009-07-17 00:00:00,1.0
2009-07-18 00:00:00,1.0
2009-07-19 00:00:00,1.0
2009-07-20 00:00:00,1.0
2009-07-21 00:00:00,1.0
2009-07-22 00:00:00,1.0
2009-07-23 00:00:00,1.0
2009-07-24 00:00:00,1.0
2009-07-25 00:00:00,1.0
2009-07-26 00:00:00,1.0
2009-07-27 00:00:00,1.0
2009-07-28 00:00:00,1.0
2009-07-29 00:00:00,1.0
2009-07-30 00:00:00,1.0
2009-07-31 00:00:00,1.0
2009-08-01 00:00:00,1.0
2009-08-02 00:00:00,1.0
2009-08-03 00:00:00,1.0
2009-08-04 00:00:00,1.0
2009-08-05 00:00:00,1.0
2009-08-06 00:00:00,1.0
2009-08-07 00:00:00,1.0
2009-08-08 00:00:00,1.0
2009-08-09 00:00:00,1.0
2009-08-10 00:00:00,1.0
2009-08-11 00:00:00,1.0
2009-08-12 00:00:00,1.0
2009-08-13 00:00:00,1.0
2009-08-14 00:00:00,1.0
2009-08-15 00:00:00,1.0
2009-08-16 00:00:00,1.0
2009-08-17 00:00:00,1.0
2009-08-18 00:00:00,1.0
2009-08-19 00:00:00,1.0
2009-08-20 00:00:00,1.0
2009-08-21 00:00:00,1.0
2009-08-22 00:00:00,1.0
2009-08-23 00:00:00,1.0
2009-08-24 00:00:00,1.0
2009-08-25 00:00:00,1.0
2009-08-26 00:00:00,1.0
2009-08-27 00:00:00,1.0
2009-08-28 00:00:00,1.0
2009-08-29 00:00:00,1.0
2009-08-30 00:00:00,1.0
2009-08-31 00:00:00,1.0
2009-09-01 00:00:00,1.0
2009-09-02 00:00:00,1.0
2009-09-03 00:00:00,1.0
2009-09-04 00:00:00,1.0
2009-09-05 00:00:00,1.0
2009-09-06 00:00:00,1.0
2009-09-07 00:00:00,1.0
2009-09-08 00:00:00,1.0
2009-09-09 00:00:00,1.0
2009-09-10 00:00:00,1.0
2009-09-11 00:00:00,1.0
2009-09-12 00:00:00,1.0
2009-09-13 00:00:00,1.0
2009-09-14 00:00:00,1.0
2009-09-15 00:00:00,1.0
2009-09-16 00:00:00,1.0
2009-09-17 00:00:00,1.0
2009-09-18 00:00:00,1.0
2009-09-19 00:00:00,1.0
2009-09-20 00:00:00,1.0
2009-09-21 00:00:00,1.0
2009-09-22 00:00:00,1.0
2009-09-23 00:00:00,1.0
2009-09-24 00:00:00,1.0
2009-09-25 00:00:00,1.0
2009-09-26 00:00:00,1.0
2009-09-27 00:00:00,1.0
2009-09-28 00:00:00,1.0
2009-09-29 00:00:00,1.0
2009-09-30 00:00:00,1.0
2009-10-01 00:00:00,1.0
2009-10-02 00:00:00,1.0
2009-10-03 00:00:00,1.0
2009-10-04 00:00:00,1.0
2009-10-05 00:00:00,1.0
2009-10-06 00:00:00,1.0
2009-10-07 00:00:00,1.0
2009-10-08 00:00:00,1.0
2009-10-09 00:00:00,1.0
2009-10-10 00:00:00,1.0
2009-10-11 00:00:00,1.0
2009-10-12 00:00:00,1.0
2009-10-13 00:00:00,1.0
2009-10-14 00:00:00,1.0
2009-10-15 00:00:00,1.0
2009-10-16 00:00:00,1.0
2009-10-17 00:00:00,1.0
2009-10-18 00:00:00,1.0
2009-10-19 00:00:00,1.0
2009-10-20 00:00:00,1.0
2009-10-21 00:00:00,1.0
2009-10-22 00:00:00,1.0
2009-10-23 00:00:00,1.0
2009-10-24 00:00:00,1.0
2009-10-25 00:00:00,1.0
2009-10-26 00:00:00,1.0
2009-10-27 00:00:00,1.0
2009-10-28 00:00:00,1.0
2009-10-29 00:00:00,1.0
2009-10-30 00:00:00,1.0
2009-10-31 00:00:00,1.0
2009-11-01 00:00:00,1.0
2009-11-02 00:00:00,1.0
2009-11-03 00:00:00,1.0
2009-11-04 00:00:00,1.0
2009-11-05 00:00:00,1.0
2009-11-06 00:00:00,1.0
2009-11-07 00:00:00,1.0
2009-11-08 00:00:00,1.0
2009-11-09 00:00:00,1.0
2009-11-10 00:00:00,1.0
2009-11-11 00:00:00,1.0
2009-11-12 00:00:00,1.0
2009-11-13 00:00:00,1.0
2009-11-14 00:00:00,1.0
2009-11-15 00:00:00,1.0
2009-11-16 00:00:00,1.0
2009-11-17 00:00:00,1.0
2009-11-18 00:00:00,1.0
2009-11-19 00:00:00,1.0
2009-11-20 00:00:00,1.0
2009-11-21 00:00:00,1.0
2009-11-22 00:00:00,1.0
2009-11-23 00:00:00,1.0
2009-11-24 00:00:00,1.0
2009-11-25 00:00:00,1.0
2009-11-26 00:00:00,1.0
2009-11-27 00:00:00,1.0
2009-11-28 00:00:00,1.0
2009-11-29 00:00:00,1.0
2009-11-30 00:00:00,1.0
2009-12-01 00:00:00,1.0
2009-12-02 00:00:00,1.0
2009-12-03 00:00:00,1.0
2009-12-04 00:00:00,1.0
2009-12-05 00:00:00,1.0
2009-12-06 00:00:00,1.0
2009-12-07 00:00:00,1.0
2009-12-08 00:00:00,1.0
2009-12-09 00:00:00,1.0
2009-12-10 00:00:00,1.0
2009-12-11 00:00:00,1.0
2009-12-12 00:00:00,1.0
2009-12-13 00:00:00,1.0
2009-12-14 00:00:00,1.0
2009-12-15 00:00:00,1.0
2009-12-16 00:00:00,1.0
2009-12-17 00:00:00,1.0
2009-12-18 00:00:00,1.0
2009-12-19 00:00:00,1.0
2009-12-20 00:00:00,1.0
2009-12-21 00:00:00,1.0
2009-12-22 00:00:00,1.0
2009-12-23 00:00:00,1.0
2009-12-24 00:00:00,1.0
2009-12-25 00:00:00,1.0
2009-12-26 00:00:00,1.0
2009-12-27 00:00:00,1.0
2009-12-28 00:00:00,1.0
2009-12-29 00:00:00,1.0
2009-12-30 00:00:00,1.18289953431284
2009-12-31 00:00:00,1.18289953431284
2010-01-01 00:00:00,1.18289953431284
2010-01-02 00:00:00,1.18289953431284
2010-01-03 00:00:00,1.18289953431284
2010-01-04 00:00:00,1.18289953431284
2010-01-05 00:00:00,1.18289953431284
2010-01-06 00:00:00,1.18289953431284
2010-01-07 00:00:00,1.18289953431284
2010-01-08 00:00:00,1.18289953431284
2010-01-09 00:00:00,1.18289953431284
2010-01-10 00:00:00,1.18289953431284
2010-01-11 00:00:00,1.18289953431284
2010-01-12 00:00:00,1.30506213159152
2010-01-13 00:00:00,1.30506213159152
2010-01-14 00:00:00,1.30506213159152
2010-01-15 00:00:00,1.30506213159152
2010-01-16 00:00:00,1.30506213159152
2010-01-17 00:00:00,1.30506213159152
2010-01-18 00:00:00,1.30506213159152
2010-01-19 00:00:00,1.30506213159152
2010-01-20 00:00:00,1.30506213159152
2010-01-21 00:00:00,1.30506213159152
2010-01-22 00:00:00,1.30506213159152
2010-01-23 00:00:00,1.30506213159152
2010-01-24 00:00:00,1.30506213159152
2010-01-25 00:00:00,1.34422497077103
2010-01-26 00:00:00,1.34422497077103
2010-01-27 00:00:00,1.34422497077103
2010-01-28 00:00:00,1.34422497077103
2010-01-29 00:00:00,1.34422497077103
2010-01-30 00:00:00,1.34422497077103
2010-01-31 00:00:00,1.34422497077103
2010-02-01 00:00:00,1.34422497077103
2010-02-02 00:00:00,1.34422497077103
2010-02-03 00:00:00,1.34422497077103
2010-02-04 00:00:00,1.34422497077103
2010-02-05 00:00:00,1.81864853614541
2010-02-06 00:00:00,1.81864853614541
2010-02-07 00:00:00,1.81864853614541
2010-02-08 00:00:00,1.81864853614541
2010-02-09 00:00:00,1.81864853614541
2010-02-10 00:00:00,1.81864853614541
2010-02-11 00:00:00,1.81864853614541
2010-02-12 00:00:00,1.81864853614541
2010-02-13 00:00:00,1.81864853614541
2010-02-14 00:00:00,1.81864853614541
2010-02-15 00:00:00,2.52773821507236
2010-02-16 00:00:00,2.52773821507236
2010-02-17 00:00:00,2.52773821507236
2010-02-18 00:00:00,2.52773821507236
2010-02-19 00:00:00,2.52773821507236
2010-02-20 00:00:00,2.52773821507236
2010-02-21 00:00:00,2.52773821507236
2010-02-22 00:00:00,2.52773821507236
2010-02-23 00:00:00,2.52773821507236
2010-02-24 00:00:00,3.78117925203377
2010-02-25 00:00:00,3.78117925203377
2010-02-26 00:00:00,3.78117925203377
2010-02-27 00:00:00,3.78117925203377
2010-02-28 00:00:00,3.78117925203377
2010-03-01 00:00:00,3.78117925203377
2010-03-02 00:00:00,3.78117925203377
2010-03-03 00:00:00,3.78117925203377
2010-03-04 00:00:00,3.78117925203377
2010-03-05 00:00:00,3.78117925203377
2010-03-06 00:00:00,3.78117925203377
2010-03-07 00:00:00,3.78117925203377
2010-03-08 00:00:00,4.53108175007069
2010-03-09 00:00:00,4.53108175007069
2010-03-10 00:00:00,4.53108175007069
2010-03-11 00:00:00,4.53108175007069
2010-03-12 00:00:00,4.53108175007069
2010-03-13 00:00:00,4.53108175007069
2010-03-14 00:00:00,4.53108175007069
2010-03-15 00:00:00,4.53108175007069
2010-03-16 00:00:00,4.53108175007069
2010-03-17 00:00:00,4.53108175007069
2010-03-18 00:00:00,4.53108175007069
2010-03-19 00:00:00,4.53108175007069
2010-03-20 00:00:00,4.53108175007069
2010-03-21 00:00:00,4.53108175007069
2010-03-22 00:00:00,4.56516291033707
2010-03-23 00:00:00,4.56516291033707
2010-03-24 00:00:00,4.56516291033707
2010-03-25 00:00:00,4.56516291033707
2010-03-26 00:00:00,4.56516291033707
2010-03-27 00:00:00,4.56516291033707
2010-03-28 00:00:00,4.56516291033707
2010-03-29 00:00:00,4.56516291033707
2010-03-30 00:00:00,4.56516291033707
2010-03-31 00:00:00,4.56516291033707
2010-04-01 00:00:00,6.08547690600079
2010-04-02 00:00:00,6.08547690600079
2010-04-03 00:00:00,6.08547690600079
2010-04-04 00:00:00,6.08547690600079
2010-04-05 00:00:00,6.08547690600079
2010-04-06 00:00:00,6.08547690600079
2010-04-07 00:00:00,6.08547690600079
2010-04-08 00:00:00,6.08547690600079
2010-04-09 00:00:00,6.08547690600079
2010-04-10 00:00:00,6.08547690600079
2010-04-11 00:00:00,6.08547690600079
2010-04-12 00:00:00,7.81979699335383
2010-04-13 00:00:00,7.81979699335383
2010-04-14 00:00:00,7.81979699335383
2010-04-15 00:00:00,7.81979699335383
2010-04-16 00:00:00,7.81979699335383
2010-04-17 00:00:00,7.81979699335383
2010-04-18 00:00:00,7.81979699335383
2010-04-19 00:00:00,7.81979699335383
2010-04-20 00:00:00,7.81979699335383
2010-04-21 00:00:00,7.81979699335383
2010-04-22 00:00:00,11.4643158055141
2010-04-23 00:00:00,11.4643158055141
2010-04-24 00:00:00,11.4643158055141
2010-04-25 00:00:00,11.4643158055141
2010-04-26 00:00:00,11.4643158055141
2010-04-27 00:00:00,11.4643158055141
2010-04-28 00:00:00,11.4643158055141
2010-04-29 00:00:00,11.4643158055141
2010-04-30 00:00:00,11.4643158055141
2010-05-01 00:00:00,11.4643158055141
2010-05-02 00:00:00,11.4643158055141
2010-05-03 00:00:00,11.4643158055141
2010-05-04 00:00:00,12.8491831478238
2010-05-05 00:00:00,12.8491831478238
2010-05-06 00:00:00,12.8491831478238
2010-05-07 00:00:00,12.8491831478238
2010-05-08 00:00:00,12.8491831478238
2010-05-09 00:00:00,12.8491831478238
2010-05-10 00:00:00,12.8491831478238
2010-05-11 00:00:00,12.8491831478238
2010-05-12 00:00:00,12.8491831478238
2010-05-13 00:00:00,12.8491831478238
2010-05-14 00:00:00,12.8491831478238
2010-05-15 00:00:00,12.8491831478238
2010-05-16 00:00:00,12.8491831478238
2010-05-17 00:00:00,12.8491831478238
2010-05-18 00:00:00,12.8491831478238
2010-05-19 00:00:00,12.8491831478238
2010-05-20 00:00:00,11.8462281497047
2010-05-21 00:00:00,11.8462281497047
2010-05-22 00:00:00,11.8462281497047
2010-05-23 00:00:00,11.8462281497047
2010-05-24 00:00:00,11.8462281497047
2010-05-25 00:00:00,11.8462281497047
2010-05-26 00:00:00,11.8462281497047
2010-05-27 00:00:00,11.8462281497047
2010-05-28 00:00:00,11.8462281497047
2010-05-29 00:00:00,16.6190787518574
2010-05-30 00:00:00,16.6190787518574
2010-05-31 00:00:00,16.6190787518574
2010-06-01 00:00:00,16.6190787518574
2010-06-02 00:00:00,16.6190787518574
2010-06-03 00:00:00,16.6190787518574
2010-06-04 00:00:00,16.6190787518574
2010-06-05 00:00:00,16.6190787518574
2010-06-06 00:00:00,16.6190787518574
2010-06-07 00:00:00,16.6190787518574
2010-06-08 00:00:00,16.6190787518574
2010-06-09 00:00:00,16.6190787518574
2010-06-10 00:00:00,16.6190787518574
2010-06-11 00:00:00,16.6190787518574
2010-06-12 00:00:00,17.3814881581401
2010-06-13 00:00:00,17.3814881581401
2010-06-14 00:00:00,17.3814881581401
2010-06-15 00:00:00,17.3814881581401
2010-06-16 00:00:00,17.3814881581401
2010-06-17 00:00:00,17.3814881581401
2010-06-18 00:00:00,17.3814881581401
2010-06-19 00:00:00,17.3814881581401
2010-06-20 00:00:00,17.3814881581401
2010-06-21 00:00:00,17.3814881581401
2010-06-22 00:00:00,17.3814881581401
2010-06-23 00:00:00,17.3814881581401
2010-06-24 00:00:00,19.4047963283822
2010-06-25 00:00:00,19.4047963283822
2010-06-26 00:00:00,19.4047963283822
2010-06-27 00:00:00,19.4047963283822
2010-06-28 00:00:00,19.4047963283822
2010-06-29 00:00:00,19.4047963283822
2010-06-30 00:00:00,19.4047963283822
2010-07-01 00:00:00,19.4047963283822
2010-07-02 00:00:00,19.4047963283822
2010-07-03 00:00:00,19.4047963283822
2010-07-04 00:00:00,19.4047963283822
2010-07-05 00:00:00,19.4047963283822
2010-07-06 00:00:00,23.5012572229032
2010-07-07 00:00:00,23.5012572229032
2010-07-08 00:00:00,23.5012572229032
2010-07-09 00:00:00,23.5012572229032
2010-07-10 00:00:00,23.5012572229032
2010-07-11 00:00:00,23.5012572229032
2010-07-12 00:00:00,23.5012572229032
2010-07-13 00:00:00,45.3858223410126
2010-07-14 00:00:00,45.3858223410126
2010-07-15 00:00:00,45.3858223410126
2010-07-16 00:00:00,181.543289364051
2010-07-17 00:00:00,181.543289364051
2010-07-18 00:00:00,181.543289364051
2010-07-19 00:00:00,181.543289364051
2010-07-20 00:00:00,181.543289364051
2010-07-21 00:00:00,181.543289364051
2010-07-22 00:00:00,181.543289364051
2010-07-23 00:00:00,181.543289364051
2010-07-24 00:00:00,181.543289364051
2010-07-25 00:00:00,181.543289364051
2010-07-26 00:00:00,181.543289364051
2010-07-27 00:00:00,244.213223092375
2010-07-28 00:00:00,244.213223092375
2010-07-29 00:00:00,244.213223092375
2010-07-30 00:00:00,244.213223092375
2010-07-31 00:00:00,244.213223092375
2010-08-01 00:00:00,244.213223092375
2010-08-02 00:00:00,244.213223092375
2010-08-03 00:00:00,244.213223092375
2010-08-04 00:00:00,244.213223092375
2010-08-05 00:00:00,244.213223092375
2010-08-06 00:00:00,352.16120906801
2010-08-07 00:00:00,352.16120906801
2010-08-08 00:00:00,352.16120906801
2010-08-09 00:00:00,352.16120906801
2010-08-10 00:00:00,352.16120906801
2010-08-11 00:00:00,352.16120906801
2010-08-12 00:00:00,352.16120906801
2010-08-13 00:00:00,352.16120906801
2010-08-14 00:00:00,352.16120906801
2010-08-15 00:00:00,511.773534256604
2010-08-16 00:00:00,511.773534256604
2010-08-17 00:00:00,511.773534256604
2010-08-18 00:00:00,511.773534256604
2010-08-19 00:00:00,511.773534256604
2010-08-20 00:00:00,511.773534256604
2010-08-21 00:00:00,511.773534256604
2010-08-22 00:00:00,511.773534256604
2010-08-23 00:00:00,511.773534256604
2010-08-24 00:00:00,511.773534256604
2010-08-25 00:00:00,511.773534256604
2010-08-26 00:00:00,511.773534256604
2010-08-27 00:00:00,623.386959868928
2010-08-28 00:00:00,623.386959868928
2010-08-29 00:00:00,623.386959868928
2010-08-30 00:00:00,623.386959868928
2010-08-31 00:00:00,623.386959868928
2010-09-01 00:00:00,623.386959868928
2010-09-02 00:00:00,623.386959868928
2010-09-03 00:00:00,623.386959868928
2010-09-04 00:00:00,623.386959868928
2010-09-05 00:00:00,623.386959868928
2010-09-06 00:00:00,623.386959868928
2010-09-07 00:00:00,623.386959868928
2010-09-08 00:00:00,712.884864552097
2010-09-09 00:00:00,712.884864552097
2010-09-10 00:00:00,712.884864552097
2010-09-11 00:00:00,712.884864552097
2010-09-12 00:00:00,712.884864552097
2010-09-13 00:00:00,712.884864552097
2010-09-14 00:00:00,712.884864552097
2010-09-15 00:00:00,712.884864552097
2010-09-16 00:00:00,712.884864552097
2010-09-17 00:00:00,712.884864552097
2010-09-18 00:00:00,712.884864552097
2010-09-19 00:00:00,917.830741301512
2010-09-20 00:00:00,917.830741301512
2010-09-21 00:00:00,917.830741301512
2010-09-22 00:00:00,917.830741301512
2010-09-23 00:00:00,917.830741301512
2010-09-24 00:00:00,917.830741301512
2010-09-25 00:00:00,917.830741301512
2010-09-26 00:00:00,917.830741301512
2010-09-27 00:00:00,917.830741301512
2010-09-28 00:00:00,917.830741301512
2010-09-29 00:00:00,1318.67005015359
2010-09-30 00:00:00,1318.67005015359
2010-10-01 00:00:00,1318.67005015359
2010-10-02 00:00:00,1318.67005015359
2010-10-03 00:00:00,1318.67005015359
2010-10-04 00:00:00,1318.67005015359
2010-10-05 00:00:00,1318.67005015359
2010-10-06 00:00:00,1318.67005015359
2010-10-07 00:00:00,1318.67005015359
2010-10-08 00:00:00,1318.67005015359
2010-10-09 00:00:00,1318.67005015359
2010-10-10 00:00:00,1318.67005015359
2010-10-11 00:00:00,1318.67005015359
2010-10-12 00:00:00,1378.02816503733
2010-10-13 00:00:00,1378.02816503733
2010-10-14 00:00:00,1378.02816503733
2010-10-15 00:00:00,1378.02816503733
2010-10-16 00:00:00,1378.02816503733
2010-10-17 00:00:00,1378.02816503733
2010-10-18 00:00:00,1378.02816503733
2010-10-19 00:00:00,1378.02816503733
2010-10-20 00:00:00,1378.02816503733
2010-10-21 00:00:00,2149.02181494673
2010-10-22 00:00:00,2149.02181494673
2010-10-23 00:00:00,2149.02181494673
2010-10-24 00:00:00,2149.02181494673
2010-10-25 00:00:00,2149.02181494673
2010-10-26 00:00:00,2149.02181494673
2010-10-27 00:00:00,2149.02181494673
2010-10-28 00:00:00,2149.02181494673
2010-10-29 00:00:00,2149.02181494673
2010-10-30 00:00:00,2149.02181494673
2010-10-31 00:00:00,3091.7368904118
2010-11-01 00:00:00,3091.7368904118
2010-11-02 00:00:00,3091.7368904118
2010-11-03 00:00:00,3091.7368904118
2010-11-04 00:00:00,3091.7368904118
2010-11-05 00:00:00,3091.7368904118
2010-11-06 00:00:00,3091.7368904118
2010-11-07 00:00:00,3091.7368904118
2010-11-08 00:00:00,3091.7368904118
2010-11-09 00:00:00,4536.35372327504
2010-11-10 00:00:00,4536.35372327504
2010-11-11 00:00:00,4536.35372327504
2010-11-12 00:00:00,4536.35372327504
2010-11-13 00:00:00,4536.35372327504
2010-11-14 00:00:00,4536.35372327504
2010-11-15 00:00:00,4536.35372327504
2010-11-16 00:00:00,4536.35372327504
2010-11-17 00:00:00,4536.35372327504
2010-11-18 00:00:00,4536.35372327504
2010-11-19 00:00:00,6866.89864897274
2010-11-20 00:00:00,6866.89864897274
2010-11-21 00:00:00,6866.89864897274
2010-11-22 00:00:00,6866.89864897274
2010-11-23 00:00:00,6866.89864897274
2010-11-24 00:00:00,6866.89864897274
2010-11-25 00:00:00,6866.89864897274
2010-11-26 00:00:00,6866.89864897274
2010-11-27 00:00:00,6866.89864897274
2010-11-28 00:00:00,6866.89864897274
2010-11-29 00:00:00,6866.89864897274
2010-11-30 00:00:00,8078.19525792509
2010-12-01 00:00:00,8078.19525792509
2010-12-02 00:00:00,8078.19525792509
2010-12-03 00:00:00,8078.19525792509
2010-12-04 00:00:00,8078.19525792509
2010-12-05 00:00:00,8078.19525792509
2010-12-06 00:00:00,8078.19525792509
2010-12-07 00:00:00,8078.19525792509
2010-12-08 00:00:00,8078.19525792509
2010-12-09 00:00:00,8078.19525792509
2010-12-10 00:00:00,12251.9997603745
2010-12-11 00:00:00,12251.9997603745
2010-12-12 00:00:00,12251.9997603745
2010-12-13 00:00:00,12251.9997603745
2010-12-14 00:00:00,12251.9997603745
2010-12-15 00:00:00,12251.9997603745
2010-12-16 00:00:00,12251.9997603745
2010-12-17 00:00:00,12251.9997603745
2010-12-18 00:00:00,12251.9997603745
2010-12-19 00:00:00,12251.9997603745
2010-12-20 00:00:00,12251.9997603745
2010-12-21 00:00:00,12251.9997603745
2010-12-22 00:00:00,14484.1623612254
2010-12-23 00:00:00,14484.1623612254
2010-12-24 00:00:00,14484.1623612254
2010-12-25 00:00:00,14484.1623612254
2010-12-26 00:00:00,14484.1623612254
2010-12-27 00:00:00,14484.1623612254
2010-12-28 00:00:00,14484.1623612254
2010-12-29 00:00:00,14484.1623612254
2010-12-30 00:00:00,14484.1623612254
2010-12-31 00:00:00,14484.1623612254
2011-01-01 00:00:00,14484.1623612254
2011-01-02 00:00:00,14484.1623612254
2011-01-03 00:00:00,16307.420938524
2011-01-04 00:00:00,16307.420938524
2011-01-05 00:00:00,16307.420938524
2011-01-06 00:00:00,16307.420938524
2011-01-07 00:00:00,16307.420938524
2011-01-08 00:00:00,16307.420938524
2011-01-09 00:00:00,16307.420938524
2011-01-10 00:00:00,16307.420938524
2011-01-11 00:00:00,16307.420938524
2011-01-12 00:00:00,16307.420938524
2011-01-13 00:00:00,16307.420938524
2011-01-14 00:00:00,16307.420938524
2011-01-15 00:00:00,18437.6443921663
2011-01-16 00:00:00,18437.6443921663
2011-01-17 00:00:00,18437.6443921663
2011-01-18 00:00:00,18437.6443921663
2011-01-19 00:00:00,18437.6443921663
2011-01-20 00:00:00,18437.6443921663
2011-01-21 00:00:00,18437.6443921663
2011-01-22 00:00:00,18437.6443921663
2011-01-23 00:00:00,18437.6443921663
2011-01-24 00:00:00,18437.6443921663
2011-01-25 00:00:00,18437.6443921663
2011-01-26 00:00:00,18437.6443921663
2011-01-27 00:00:00,22012.3813379939
2011-01-28 00:00:00,22012.3813379939
2011-01-29 00:00:00,22012.3813379939
2011-01-30 00:00:00,22012.3813379939
2011-01-31 00:00:00,22012.3813379939
2011-02-01 00:00:00,22012.3813379939
2011-02-02 00:00:00,22012.3813379939
2011-02-03 00:00:00,22012.3813379939
2011-02-04 00:00:00,22012.3813379939
2011-02-05 00:00:00,22012.3813379939
2011-02-06 00:00:00,22012.3813379939
2011-02-07 00:00:00,22012.3813379939
2011-02-08 00:00:00,25997.8799288144
2011-02-09 00:00:00,25997.8799288144
2011-02-10 00:00:00,25997.8799288144
2011-02-11 00:00:00,25997.8799288144
2011-02-12 00:00:00,25997.8799288144
2011-02-13 00:00:00,25997.8799288144
2011-02-14 00:00:00,25997.8799288144
2011-02-15 00:00:00,25997.8799288144
2011-02-16 00:00:00,25997.8799288144
2011-02-17 00:00:00,25997.8799288144
2011-02-18 00:00:00,36459.8869250751
2011-02-19 00:00:00,36459.8869250751
2011-02-20 00:00:00,36459.8869250751
2011-02-21 00:00:00,36459.8869250751
2011-02-22 00:00:00,36459.8869250751
2011-02-23 00:00:00,36459.8869250751
2011-02-24 00:00:00,36459.8869250751
2011-02-25 00:00:00,36459.8869250751
2011-02-26 00:00:00,36459.8869250751
2011-02-27 00:00:00,55589.5181268687
2011-02-28 00:00:00,55589.5181268687
2011-03-01 00:00:00,55589.5181268687
2011-03-02 00:00:00,55589.5181268687
2011-03-03 00:00:00,55589.5181268687
2011-03-04 00:00:00,55589.5181268687
2011-03-05 00:00:00,55589.5181268687
2011-03-06 00:00:00,55589.5181268687
2011-03-07 00:00:00,55589.5181268687
2011-03-08 00:00:00,55589.5181268687
2011-03-09 00:00:00,76192.6193475137
2011-03-10 00:00:00,76192.6193475137
2011-03-11 00:00:00,76192.6193475137
2011-03-12 00:00:00,76192.6193475137
2011-03-13 00:00:00,76192.6193475137
2011-03-14 00:00:00,76192.6193475137
2011-03-15 00:00:00,76192.6193475137
2011-03-16 00:00:00,76192.6193475137
2011-03-17 00:00:00,76192.6193475137
2011-03-18 00:00:00,76192.6193475137
2011-03-19 00:00:00,76192.6193475137
2011-03-20 00:00:00,76192.6193475137
2011-03-21 00:00:00,76192.6193475137
2011-03-22 00:00:00,76192.6193475137
2011-03-23 00:00:00,76192.6193475137
2011-03-24 00:00:00,76192.6193475137
2011-03-25 00:00:00,76192.6193475137
2011-03-26 00:00:00,68977.7846302096
2011-03-27 00:00:00,68977.7846302096
2011-03-28 00:00:00,68977.7846302096
2011-03-29 00:00:00,68977.7846302096
2011-03-30 00:00:00,68977.7846302096
2011-03-31 00:00:00,68977.7846302096
2011-04-01 00:00:00,68977.7846302096
2011-04-02 00:00:00,68977.7846302096
2011-04-03 00:00:00,68977.7846302096
2011-04-04 00:00:00,68977.7846302096
2011-04-05 00:00:00,68977.7846302096
2011-04-06 00:00:00,82345.6441129666
2011-04-07 00:00:00,82345.6441129666
2011-04-08 00:00:00,82345.6441129666
2011-04-09 00:00:00,82345.6441129666
2011-04-10 00:00:00,82345.6441129666
2011-04-11 00:00:00,82345.6441129666
2011-04-12 00:00:00,82345.6441129666
2011-04-13 00:00:00,82345.6441129666
2011-04-14 00:00:00,82345.6441129666
2011-04-15 00:00:00,82345.6441129666
2011-04-16 00:00:00,82345.6441129666
2011-04-17 00:00:00,82345.6441129666
2011-04-18 00:00:00,92347.5909520943
2011-04-19 00:00:00,92347.5909520943
2011-04-20 00:00:00,92347.5909520943
2011-04-21 00:00:00,92347.5909520943
2011-04-22 00:00:00,92347.5909520943
2011-04-23 00:00:00,92347.5909520943
2011-04-24 00:00:00,92347.5909520943
2011-04-25 00:00:00,92347.5909520943
2011-04-26 00:00:00,92347.5909520943
2011-04-27 00:00:00,92347.5909520943
2011-04-28 00:00:00,92347.5909520943
2011-04-29 00:00:00,92347.5909520943
2011-04-30 00:00:00,109670.133292477
2011-05-01 00:00:00,109670.133292477
2011-05-02 00:00:00,109670.133292477
2011-05-03 00:00:00,109670.133292477
2011-05-04 00:00:00,109670.133292477
2011-05-05 00:00:00,109670.133292477
2011-05-06 00:00:00,109670.133292477
2011-05-07 00:00:00,109670.133292477
2011-05-08 00:00:00,109670.133292477
2011-05-09 00:00:00,109670.133292477
2011-05-10 00:00:00,157416.401843649
2011-05-11 00:00:00,157416.401843649
2011-05-12 00:00:00,157416.401843649
2011-05-13 00:00:00,157416.401843649
2011-05-14 00:00:00,157416.401843649
2011-05-15 00:00:00,157416.401843649
2011-05-16 00:00:00,157416.401843649
2011-05-17 00:00:00,157416.401843649
2011-05-18 00:00:00,157416.401843649
2011-05-19 00:00:00,244112.487774336
2011-05-20 00:00:00,244112.487774336
2011-05-21 00:00:00,244112.487774336
2011-05-22 00:00:00,244112.487774336
2011-05-23 00:00:00,244112.487774336
2011-05-24 00:00:00,244112.487774336
2011-05-25 00:00:00,244112.487774336
2011-05-26 00:00:00,244112.487774336
2011-05-27 00:00:00,434877.045527628
2011-05-28 00:00:00,434877.045527628
2011-05-29 00:00:00,434877.045527628
2011-05-30 00:00:00,434877.045527628
2011-05-31 00:00:00,434877.045527628
2011-06-01 00:00:00,434877.045527628
2011-06-02 00:00:00,434877.045527628
2011-06-03 00:00:00,434877.045527628
2011-06-04 00:00:00,434877.045527628
2011-06-05 00:00:00,434877.045527628
2011-06-06 00:00:00,567269.530162422
2011-06-07 00:00:00,567269.530162422
2011-06-08 00:00:00,567269.530162422
2011-06-09 00:00:00,567269.530162422
2011-06-10 00:00:00,567269.530162422
2011-06-11 00:00:00,567269.530162422
2011-06-12 00:00:00,567269.530162422
2011-06-13 00:00:00,567269.530162422
2011-06-14 00:00:00,567269.530162422
2011-06-15 00:00:00,876954.493513537
2011-06-16 00:00:00,876954.493513537
2011-06-17 00:00:00,876954.493513537
2011-06-18 00:00:00,876954.493513537
2011-06-19 00:00:00,876954.493513537
2011-06-20 00:00:00,876954.493513537
2011-06-21 00:00:00,876954.493513537
2011-06-22 00:00:00,876954.493513537
2011-06-23 00:00:00,876954.493513537
2011-06-24 00:00:00,1379192.28822808
2011-06-25 00:00:00,1379192.28822808
2011-06-26 00:00:00,1379192.28822808
2011-06-27 00:00:00,1379192.28822808
2011-06-28 00:00:00,1379192.28822808
2011-06-29 00:00:00,1379192.28822808
2011-06-30 00:00:00,1379192.28822808
2011-07-01 00:00:00,1379192.28822808
2011-07-02 00:00:00,1379192.28822808
2011-07-03 00:00:00,1379192.28822808
2011-07-04 00:00:00,1379192.28822808
2011-07-05 00:00:00,1379192.28822808
2011-07-06 00:00:00,1379192.28822808
2011-07-07 00:00:00,1563027.99611622
2011-07-08 00:00:00,1563027.99611622
2011-07-09 00:00:00,1563027.99611622
2011-07-10 00:00:00,1563027.99611622
2011-07-11 00:00:00,1563027.99611622
2011-07-12 00:00:00,1563027.99611622
2011-07-13 00:00:00,1563027.99611622
2011-07-14 00:00:00,1563027.99611622
2011-07-15 00:00:00,1563027.99611622
2011-07-16 00:00:00,1563027.99611622
2011-07-17 00:00:00,1563027.99611622
2011-07-18 00:00:00,1563027.99611622
2011-07-19 00:00:00,1563027.99611622
2011-07-20 00:00:00,1690895.80305239
2011-07-21 00:00:00,1690895.80305239
2011-07-22 00:00:00,1690895.80305239
2011-07-23 00:00:00,1690895.80305239
2011-07-24 00:00:00,1690895.80305239
2011-07-25 00:00:00,1690895.80305239
2011-07-26 00:00:00,1690895.80305239
2011-07-27 00:00:00,1690895.80305239
2011-07-28 00:00:00,1690895.80305239
2011-07-29 00:00:00,1690895.80305239
2011-07-30 00:00:00,1690895.80305239
2011-07-31 00:00:00,1690895.80305239
2011-08-01 00:00:00,1888786.70535305
2011-08-02 00:00:00,1888786.70535305
2011-08-03 00:00:00,1888786.70535305
2011-08-04 00:00:00,1888786.70535305
2011-08-05 00:00:00,1888786.70535305
2011-08-06 00:00:00,1888786.70535305
2011-08-07 00:00:00,1888786.70535305
2011-08-08 00:00:00,1888786.70535305
2011-08-09 00:00:00,1888786.70535305
2011-08-10 00:00:00,1888786.70535305
2011-08-11 00:00:00,1888786.70535305
2011-08-12 00:00:00,1888786.70535305
2011-08-13 00:00:00,1888786.70535305
2011-08-14 00:00:00,1888786.70535305
2011-08-15 00:00:00,1888786.70535305
2011-08-16 00:00:00,1888786.70535305
2011-08-17 00:00:00,1805700.83619367
2011-08-18 00:00:00,1805700.83619367
2011-08-19 00:00:00,1805700.83619367
2011-08-20 00:00:00,1805700.83619367
2011-08-21 00:00:00,1805700.83619367
2011-08-22 00:00:00,1805700.83619367
2011-08-23 00:00:00,1805700.83619367
2011-08-24 00:00:00,1805700.83619367
2011-08-25 00:00:00,1805700.83619367
2011-08-26 00:00:00,1805700.83619367
2011-08-27 00:00:00,1805700.83619367
2011-08-28 00:00:00,1805700.83619367
2011-08-29 00:00:00,1805700.83619367
2011-08-30 00:00:00,1805700.83619367
2011-08-31 00:00:00,1777774.48200146
2011-09-01 00:00:00,1777774.48200146
2011-09-02 00:00:00,1777774.48200146
2011-09-03 00:00:00,1777774.48200146
2011-09-04 00:00:00,1777774.48200146
2011-09-05 00:00:00,1777774.48200146
2011-09-06 00:00:00,1777774.48200146
2011-09-07 00:00:00,1777774.48200146
2011-09-08 00:00:00,1777774.48200146
2011-09-09 00:00:00,1777774.48200146
2011-09-10 00:00:00,1777774.48200146
2011-09-11 00:00:00,1777774.48200146
2011-09-12 00:00:00,1777774.48200146
2011-09-13 00:00:00,1777774.48200146
2011-09-14 00:00:00,1755425.3203287
2011-09-15 00:00:00,1755425.3203287
2011-09-16 00:00:00,1755425.3203287
2011-09-17 00:00:00,1755425.3203287
2011-09-18 00:00:00,1755425.3203287
2011-09-19 00:00:00,1755425.3203287
2011-09-20 00:00:00,1755425.3203287
2011-09-21 00:00:00,1755425.3203287
2011-09-22 00:00:00,1755425.3203287
2011-09-23 00:00:00,1755425.3203287
2011-09-24 00:00:00,1755425.3203287
2011-09-25 00:00:00,1755425.3203287
2011-09-26 00:00:00,1755425.3203287
2011-09-27 00:00:00,1755425.3203287
2011-09-28 00:00:00,1755425.3203287
2011-09-29 00:00:00,1689334.4045971
2011-09-30 00:00:00,1689334.4045971
2011-10-01 00:00:00,1689334.4045971
2011-10-02 00:00:00,1689334.4045971
2011-10-03 00:00:00,1689334.4045971
2011-10-04 00:00:00,1689334.4045971
2011-10-05 00:00:00,1689334.4045971
2011-10-06 00:00:00,1689334.4045971
2011-10-07 00:00:00,1689334.4045971
2011-10-08 00:00:00,1689334.4045971
2011-10-09 00:00:00,1689334.4045971
2011-10-10 00:00:00,1689334.4045971
2011-10-11 00:00:00,1689334.4045971
2011-10-12 00:00:00,1689334.4045971
2011-10-13 00:00:00,1689334.4045971
2011-10-14 00:00:00,1689334.4045971
2011-10-15 00:00:00,1468195.42722083
2011-10-16 00:00:00,1468195.42722083
2011-10-17 00:00:00,1468195.42722083
2011-10-18 00:00:00,1468195.42722083
2011-10-19 00:00:00,1468195.42722083
2011-10-20 00:00:00,1468195.42722083
2011-10-21 00:00:00,1468195.42722083
2011-10-22 00:00:00,1468195.42722083
2011-10-23 00:00:00,1468195.42722083
2011-10-24 00:00:00,1468195.42722083
2011-10-25 00:00:00,1468195.42722083
2011-10-26 00:00:00,1468195.42722083
2011-10-27 00:00:00,1468195.42722083
2011-10-28 00:00:00,1468195.42722083
2011-10-29 00:00:00,1468195.42722083
2011-10-30 00:00:00,1468195.42722083
2011-10-31 00:00:00,1468195.42722083
2011-11-01 00:00:00,1203461.92637997
2011-11-02 00:00:00,1203461.92637997
2011-11-03 00:00:00,1203461.92637997
2011-11-04 00:00:00,1203461.92637997
2011-11-05 00:00:00,1203461.92637997
2011-11-06 00:00:00,1203461.92637997
2011-11-07 00:00:00,1203461.92637997
2011-11-08 00:00:00,1203461.92637997
2011-11-09 00:00:00,1203461.92637997
2011-11-10 00:00:00,1203461.92637997
2011-11-11 00:00:00,1203461.92637997
2011-11-12 00:00:00,1203461.92637997
2011-11-13 00:00:00,1203461.92637997
2011-11-14 00:00:00,1203461.92637997
2011-11-15 00:00:00,1192497.75008948
2011-11-16 00:00:00,1192497.75008948
2011-11-17 00:00:00,1192497.75008948
2011-11-18 00:00:00,1192497.75008948
2011-11-19 00:00:00,1192497.75008948
2011-11-20 00:00:00,1192497.75008948
2011-11-21 00:00:00,1192497.75008948
2011-11-22 00:00:00,1192497.75008948
2011-11-23 00:00:00,1192497.75008948
2011-11-24 00:00:00,1192497.75008948
2011-11-25 00:00:00,1192497.75008948
2011-11-26 00:00:00,1192497.75008948
2011-11-27 00:00:00,1192497.75008948
2011-11-28 00:00:00,1192497.75008948
2011-11-29 00:00:00,1192497.75008948
2011-11-30 00:00:00,1090715.68005127
2011-12-01 00:00:00,1090715.68005127
2011-12-02 00:00:00,1090715.68005127
2011-12-03 00:00:00,1090715.68005127
2011-12-04 00:00:00,1090715.68005127
2011-12-05 00:00:00,1090715.68005127
2011-12-06 00:00:00,1090715.68005127
2011-12-07 00:00:00,1090715.68005127
2011-12-08 00:00:00,1090715.68005127
2011-12-09 00:00:00,1090715.68005127
2011-12-10 00:00:00,1090715.68005127
2011-12-11 00:00:00,1090715.68005127
2011-12-12 00:00:00,1090715.68005127
2011-12-13 00:00:00,1155038.33396364
2011-12-14 00:00:00,1155038.33396364
2011-12-15 00:00:00,1155038.33396364
2011-12-16 00:00:00,1155038.33396364
2011-12-17 00:00:00,1155038.33396364
2011-12-18 00:00:00,1155038.33396364
2011-12-19 00:00:00,1155038.33396364
2011-12-20 00:00:00,1155038.33396364
2011-12-21 00:00:00,1155038.33396364
2011-12-22 00:00:00,1155038.33396364
2011-12-23 00:00:00,1155038.33396364
2011-12-24 00:00:00,1155038.33396364
2011-12-25 00:00:00,1155038.33396364
2011-12-26 00:00:00,1155038.33396364
2011-12-27 00:00:00,1159929.49722438
2011-12-28 00:00:00,1159929.49722438
2011-12-29 00:00:00,1159929.49722438
2011-12-30 00:00:00,1159929.49722438
2011-12-31 00:00:00,1159929.49722438
2012-01-01 00:00:00,1159929.49722438
2012-01-02 00:00:00,1159929.49722438
2012-01-03 00:00:00,1159929.49722438
2012-01-04 00:00:00,1159929.49722438
2012-01-05 00:00:00,1159929.49722438
2012-01-06 00:00:00,1159929.49722438
2012-01-07 00:00:00,1159929.49722438
2012-01-08 00:00:00,1159929.49722438
2012-01-09 00:00:00,1250757.73927466
2012-01-10 00:00:00,1250757.73927466
2012-01-11 00:00:00,1250757.73927466
2012-01-12 00:00:00,1250757.73927466
2012-01-13 00:00:00,1250757.73927466
2012-01-14 00:00:00,1250757.73927466
2012-01-15 00:00:00,1250757.73927466
2012-01-16 00:00:00,1250757.73927466
2012-01-17 00:00:00,1250757.73927466
2012-01-18 00:00:00,1250757.73927466
2012-01-19 00:00:00,1250757.73927466
2012-01-20 00:00:00,1250757.73927466
2012-01-21 00:00:00,1250757.73927466
2012-01-22 00:00:00,1307728.36060407
2012-01-23 00:00:00,1307728.36060407
2012-01-24 00:00:00,1307728.36060407
2012-01-25 00:00:00,1307728.36060407
2012-01-26 00:00:00,1307728.36060407
2012-01-27 00:00:00,1307728.36060407
2012-01-28 00:00:00,1307728.36060407
2012-01-29 00:00:00,1307728.36060407
2012-01-30 00:00:00,1307728.36060407
2012-01-31 00:00:00,1307728.36060407
2012-02-01 00:00:00,1307728.36060407
2012-02-02 00:00:00,1307728.36060407
2012-02-03 00:00:00,1307728.36060407
2012-02-04 00:00:00,1379647.43921429
2012-02-05 00:00:00,1379647.43921429
2012-02-06 00:00:00,1379647.43921429
2012-02-07 00:00:00,1379647.43921429
2012-02-08 00:00:00,1379647.43921429
2012-02-09 00:00:00,1379647.43921429
2012-02-10 00:00:00,1379647.43921429
2012-02-11 00:00:00,1379647.43921429
2012-02-12 00:00:00,1379647.43921429
2012-02-13 00:00:00,1379647.43921429
2012-02-14 00:00:00,1379647.43921429
2012-02-15 00:00:00,1379647.43921429
2012-02-16 00:00:00,1379647.43921429
2012-02-17 00:00:00,1379647.43921429
2012-02-18 00:00:00,1379647.43921429
2012-02-19 00:00:00,1376302.26788638
2012-02-20 00:00:00,1376302.26788638
2012-02-21 00:00:00,1376302.26788638
2012-02-22 00:00:00,1376302.26788638
2012-02-23 00:00:00,1376302.26788638
2012-02-24 00:00:00,1376302.26788638
2012-02-25 00:00:00,1376302.26788638
2012-02-26 00:00:00,1376302.26788638
2012-02-27 00:00:00,1376302.26788638
2012-02-28 00:00:00,1376302.26788638
2012-02-29 00:00:00,1376302.26788638
2012-03-01 00:00:00,1376302.26788638
2012-03-02 00:00:00,1496978.59502557
2012-03-03 00:00:00,1496978.59502557
2012-03-04 00:00:00,1496978.59502557
2012-03-05 00:00:00,1496978.59502557
2012-03-06 00:00:00,1496978.59502557
2012-03-07 00:00:00,1496978.59502557
2012-03-08 00:00:00,1496978.59502557
2012-03-09 00:00:00,1496978.59502557
2012-03-10 00:00:00,1496978.59502557
2012-03-11 00:00:00,1496978.59502557
2012-03-12 00:00:00,1496978.59502557
2012-03-13 00:00:00,1496978.59502557
2012-03-14 00:00:00,1496978.59502557
2012-03-15 00:00:00,1496978.59502557
2012-03-16 00:00:00,1498294.36281651
2012-03-17 00:00:00,1498294.36281651
2012-03-18 00:00:00,1498294.36281651
2012-03-19 00:00:00,1498294.36281651
2012-03-20 00:00:00,1498294.36281651
2012-03-21 00:00:00,1498294.36281651
2012-03-22 00:00:00,1498294.36281651
2012-03-23 00:00:00,1498294.36281651
2012-03-24 00:00:00,1498294.36281651
2012-03-25 00:00:00,1498294.36281651
2012-03-26 00:00:00,1498294.36281651
2012-03-27 00:00:00,1498294.36281651
2012-03-28 00:00:00,1498294.36281651
2012-03-29 00:00:00,1626553.48132894
2012-03-30 00:00:00,1626553.48132894
2012-03-31 00:00:00,1626553.48132894
2012-04-01 00:00:00,1626553.48132894
2012-04-02 00:00:00,1626553.48132894
2012-04-03 00:00:00,1626553.48132894
2012-04-04 00:00:00,1626553.48132894
2012-04-05 00:00:00,1626553.48132894
2012-04-06 00:00:00,1626553.48132894
2012-04-07 00:00:00,1626553.48132894
2012-04-08 00:00:00,1626553.48132894
2012-04-09 00:00:00,1626553.48132894
2012-04-10 00:00:00,1626553.48132894
2012-04-11 00:00:00,1626553.48132894
2012-04-12 00:00:00,1626553.48132894
2012-04-13 00:00:00,1577913.48567673
2012-04-14 00:00:00,1577913.48567673
2012-04-15 00:00:00,1577913.48567673
2012-04-16 00:00:00,1577913.48567673
2012-04-17 00:00:00,1577913.48567673
2012-04-18 00:00:00,1577913.48567673
2012-04-19 00:00:00,1577913.48567673
2012-04-20 00:00:00,1577913.48567673
2012-04-21 00:00:00,1577913.48567673
2012-04-22 00:00:00,1577913.48567673
2012-04-23 00:00:00,1577913.48567673
2012-04-24 00:00:00,1577913.48567673
2012-04-25 00:00:00,1577913.48567673
2012-04-26 00:00:00,1577913.48567673
2012-04-27 00:00:00,1577913.48567673
2012-04-28 00:00:00,1508589.67206029
2012-04-29 00:00:00,1508589.67206029
2012-04-30 00:00:00,1508589.67206029
2012-05-01 00:00:00,1508589.67206029
2012-05-02 00:00:00,1508589.67206029
2012-05-03 00:00:00,1508589.67206029
2012-05-04 00:00:00,1508589.67206029
2012-05-05 00:00:00,1508589.67206029
2012-05-06 00:00:00,1508589.67206029
2012-05-07 00:00:00,1508589.67206029
2012-05-08 00:00:00,1508589.67206029
2012-05-09 00:00:00,1733207.51384839
2012-05-10 00:00:00,1733207.51384839
2012-05-11 00:00:00,1733207.51384839
2012-05-12 00:00:00,1733207.51384839
2012-05-13 00:00:00,1733207.51384839
2012-05-14 00:00:00,1733207.51384839
2012-05-15 00:00:00,1733207.51384839
2012-05-16 00:00:00,1733207.51384839
2012-05-17 00:00:00,1733207.51384839
2012-05-18 00:00:00,1733207.51384839
2012-05-19 00:00:00,1733207.51384839
2012-05-20 00:00:00,1733207.51384839
2012-05-21 00:00:00,1733207.51384839
2012-05-22 00:00:00,1733207.51384839
2012-05-23 00:00:00,1733207.51384839
2012-05-24 00:00:00,1733207.51384839
2012-05-25 00:00:00,1591074.96184731
2012-05-26 00:00:00,1591074.96184731
2012-05-27 00:00:00,1591074.96184731
2012-05-28 00:00:00,1591074.96184731
2012-05-29 00:00:00,1591074.96184731
2012-05-30 00:00:00,1591074.96184731
2012-05-31 00:00:00,1591074.96184731
2012-06-01 00:00:00,1591074.96184731
2012-06-02 00:00:00,1591074.96184731
2012-06-03 00:00:00,1591074.96184731
2012-06-04 00:00:00,1591074.96184731
2012-06-05 00:00:00,1591074.96184731
2012-06-06 00:00:00,1591074.96184731
2012-06-07 00:00:00,1591074.96184731
2012-06-08 00:00:00,1591074.96184731
2012-06-09 00:00:00,1583177.84744401
2012-06-10 00:00:00,1583177.84744401
2012-06-11 00:00:00,1583177.84744401
2012-06-12 00:00:00,1583177.84744401
2012-06-13 00:00:00,1583177.84744401
2012-06-14 00:00:00,1583177.84744401
2012-06-15 00:00:00,1583177.84744401
2012-06-16 00:00:00,1583177.84744401
2012-06-17 00:00:00,1583177.84744401
2012-06-18 00:00:00,1583177.84744401
2012-06-19 00:00:00,1583177.84744401
2012-06-20 00:00:00,1726566.55919348
2012-06-21 00:00:00,1726566.55919348
2012-06-22 00:00:00,1726566.55919348
2012-06-23 00:00:00,1726566.55919348
2012-06-24 00:00:00,1726566.55919348
2012-06-25 00:00:00,1726566.55919348
2012-06-26 00:00:00,1726566.55919348
2012-06-27 00:00:00,1726566.55919348
2012-06-28 00:00:00,1726566.55919348
2012-06-29 00:00:00,1726566.55919348
2012-06-30 00:00:00,1726566.55919348
2012-07-01 00:00:00,1726566.55919348
2012-07-02 00:00:00,1726566.55919348
2012-07-03 00:00:00,1726566.55919348
2012-07-04 00:00:00,1751454.53534068
2012-07-05 00:00:00,1751454.53534068
2012-07-06 00:00:00,1751454.53534068
2012-07-07 00:00:00,1751454.53534068
2012-07-08 00:00:00,1751454.53534068
2012-07-09 00:00:00,1751454.53534068
2012-07-10 00:00:00,1751454.53534068
2012-07-11 00:00:00,1751454.53534068
2012-07-12 00:00:00,1751454.53534068
2012-07-13 00:00:00,1751454.53534068
2012-07-14 00:00:00,1751454.53534068
2012-07-15 00:00:00,1751454.53534068
2012-07-16 00:00:00,1751454.53534068
2012-07-17 00:00:00,1866391.30500321
2012-07-18 00:00:00,1866391.30500321
2012-07-19 00:00:00,1866391.30500321
2012-07-20 00:00:00,1866391.30500321
2012-07-21 00:00:00,1866391.30500321
2012-07-22 00:00:00,1866391.30500321
2012-07-23 00:00:00,1866391.30500321
2012-07-24 00:00:00,1866391.30500321
2012-07-25 00:00:00,1866391.30500321
2012-07-26 00:00:00,1866391.30500321
2012-07-27 00:00:00,1866391.30500321
2012-07-28 00:00:00,1866391.30500321
2012-07-29 00:00:00,1866391.30500321
2012-07-30 00:00:00,2036671.08869332
2012-07-31 00:00:00,2036671.08869332
2012-08-01 00:00:00,2036671.08869332
2012-08-02 00:00:00,2036671.08869332
2012-08-03 00:00:00,2036671.08869332
2012-08-04 00:00:00,2036671.08869332
2012-08-05 00:00:00,2036671.08869332
2012-08-06 00:00:00,2036671.08869332
2012-08-07 00:00:00,2036671.08869332
2012-08-08 00:00:00,2036671.08869332
2012-08-09 00:00:00,2036671.08869332
2012-08-10 00:00:00,2036671.08869332
2012-08-11 00:00:00,2036671.08869332
2012-08-12 00:00:00,2190865.97010286
2012-08-13 00:00:00,2190865.97010286
2012-08-14 00:00:00,2190865.97010286
2012-08-15 00:00:00,2190865.97010286
2012-08-16 00:00:00,2190865.97010286
2012-08-17 00:00:00,2190865.97010286
2012-08-18 00:00:00,2190865.97010286
2012-08-19 00:00:00,2190865.97010286
2012-08-20 00:00:00,2190865.97010286
2012-08-21 00:00:00,2190865.97010286
2012-08-22 00:00:00,2190865.97010286
2012-08-23 00:00:00,2190865.97010286
2012-08-24 00:00:00,2190865.97010286
2012-08-25 00:00:00,2440642.60691596
2012-08-26 00:00:00,2440642.60691596
2012-08-27 00:00:00,2440642.60691596
2012-08-28 00:00:00,2440642.60691596
2012-08-29 00:00:00,2440642.60691596
2012-08-30 00:00:00,2440642.60691596
2012-08-31 00:00:00,2440642.60691596
2012-09-01 00:00:00,2440642.60691596
2012-09-02 00:00:00,2440642.60691596
2012-09-03 00:00:00,2440642.60691596
2012-09-04 00:00:00,2440642.60691596
2012-09-05 00:00:00,2440642.60691596
2012-09-06 00:00:00,2694047.95295501
2012-09-07 00:00:00,2694047.95295501
2012-09-08 00:00:00,2694047.95295501
2012-09-09 00:00:00,2694047.95295501
2012-09-10 00:00:00,2694047.95295501
2012-09-11 00:00:00,2694047.95295501
2012-09-12 00:00:00,2694047.95295501
2012-09-13 00:00:00,2694047.95295501
2012-09-14 00:00:00,2694047.95295501
2012-09-15 00:00:00,2694047.95295501
2012-09-16 00:00:00,2694047.95295501
2012-09-17 00:00:00,2694047.95295501
2012-09-18 00:00:00,2694047.95295501
2012-09-19 00:00:00,2694047.95295501
2012-09-20 00:00:00,2864140.50781097
2012-09-21 00:00:00,2864140.50781097
2012-09-22 00:00:00,2864140.50781097
2012-09-23 00:00:00,2864140.50781097
2012-09-24 00:00:00,2864140.50781097
2012-09-25 00:00:00,2864140.50781097
2012-09-26 00:00:00,2864140.50781097
2012-09-27 00:00:00,2864140.50781097
2012-09-28 00:00:00,2864140.50781097
2012-09-29 00:00:00,2864140.50781097
2012-09-30 00:00:00,2864140.50781097
2012-10-01 00:00:00,2864140.50781097
2012-10-02 00:00:00,2864140.50781097
2012-10-03 00:00:00,3054627.52694864
2012-10-04 00:00:00,3054627.52694864
2012-10-05 00:00:00,3054627.52694864
2012-10-06 00:00:00,3054627.52694864
2012-10-07 00:00:00,3054627.52694864
2012-10-08 00:00:00,3054627.52694864
2012-10-09 00:00:00,3054627.52694864
2012-10-10 00:00:00,3054627.52694864
2012-10-11 00:00:00,3054627.52694864
2012-10-12 00:00:00,3054627.52694864
2012-10-13 00:00:00,3054627.52694864
2012-10-14 00:00:00,3054627.52694864
2012-10-15 00:00:00,3054627.52694864
2012-10-16 00:00:00,3054627.52694864
2012-10-17 00:00:00,3072321.73202076
2012-10-18 00:00:00,3072321.73202076
2012-10-19 00:00:00,3072321.73202076
2012-10-20 00:00:00,3072321.73202076
2012-10-21 00:00:00,3072321.73202076
2012-10-22 00:00:00,3072321.73202076
2012-10-23 00:00:00,3072321.73202076
2012-10-24 00:00:00,3072321.73202076
2012-10-25 00:00:00,3072321.73202076
2012-10-26 00:00:00,3072321.73202076
2012-10-27 00:00:00,3072321.73202076
2012-10-28 00:00:00,3072321.73202076
2012-10-29 00:00:00,3072321.73202076
2012-10-30 00:00:00,3304356.39299034
2012-10-31 00:00:00,3304356.39299034
2012-11-01 00:00:00,3304356.39299034
2012-11-02 00:00:00,3304356.39299034
2012-11-03 00:00:00,3304356.39299034
2012-11-04 00:00:00,3304356.39299034
2012-11-05 00:00:00,3304356.39299034
2012-11-06 00:00:00,3304356.39299034
2012-11-07 00:00:00,3304356.39299034
2012-11-08 00:00:00,3304356.39299034
2012-11-09 00:00:00,3304356.39299034
2012-11-10 00:00:00,3304356.39299034
2012-11-11 00:00:00,3304356.39299034
2012-11-12 00:00:00,3368767.14053294
2012-11-13 00:00:00,3368767.14053294
2012-11-14 00:00:00,3368767.14053294
2012-11-15 00:00:00,3368767.14053294
2012-11-16 00:00:00,3368767.14053294
2012-11-17 00:00:00,3368767.14053294
2012-11-18 00:00:00,3368767.14053294
2012-11-19 00:00:00,3368767.14053294
2012-11-20 00:00:00,3368767.14053294
2012-11-21 00:00:00,3368767.14053294
2012-11-22 00:00:00,3368767.14053294
2012-11-23 00:00:00,3368767.14053294
2012-11-24 00:00:00,3368767.14053294
2012-11-25 00:00:00,3368767.14053294
2012-11-26 00:00:00,3438908.96015914
2012-11-27 00:00:00,3438908.96015914
2012-11-28 00:00:00,3438908.96015914
2012-11-29 00:00:00,3438908.96015914
2012-11-30 00:00:00,3438908.96015914
2012-12-01 00:00:00,3438908.96015914
2012-12-02 00:00:00,3438908.96015914
2012-12-03 00:00:00,3438908.96015914
2012-12-04 00:00:00,3438908.96015914
2012-12-05 00:00:00,3438908.96015914
2012-12-06 00:00:00,3438908.96015914
2012-12-07 00:00:00,3438908.96015914
2012-12-08 00:00:00,3438908.96015914
2012-12-09 00:00:00,3438908.96015914
2012-12-10 00:00:00,3438908.96015914
2012-12-11 00:00:00,3370181.79927784
2012-12-12 00:00:00,3370181.79927784
2012-12-13 00:00:00,3370181.79927784
2012-12-14 00:00:00,3370181.79927784
2012-12-15 00:00:00,3370181.79927784
2012-12-16 00:00:00,3370181.79927784
2012-12-17 00:00:00,3370181.79927784
2012-12-18 00:00:00,3370181.79927784
2012-12-19 00:00:00,3370181.79927784
2012-12-20 00:00:00,3370181.79927784
2012-12-21 00:00:00,3370181.79927784
2012-12-22 00:00:00,3370181.79927784
2012-12-23 00:00:00,3370181.79927784
2012-12-24 00:00:00,3370181.79927784
2012-12-25 00:00:00,3370181.79927784
2012-12-26 00:00:00,3370181.79927784
2012-12-27 00:00:00,2979636.61693807
2012-12-28 00:00:00,2979636.61693807
2012-12-29 00:00:00,2979636.61693807
2012-12-30 00:00:00,2979636.61693807
2012-12-31 00:00:00,2979636.61693807
2013-01-01 00:00:00,2979636.61693807
2013-01-02 00:00:00,2979636.61693807
2013-01-03 00:00:00,2979636.61693807
2013-01-04 00:00:00,2979636.61693807
2013-01-05 00:00:00,2979636.61693807
2013-01-06 00:00:00,2979636.61693807
2013-01-07 00:00:00,2979636.61693807
2013-01-08 00:00:00,3249549.58448721
2013-01-09 00:00:00,3249549.58448721
2013-01-10 00:00:00,3249549.58448721
2013-01-11 00:00:00,3249549.58448721
2013-01-12 00:00:00,3249549.58448721
2013-01-13 00:00:00,3249549.58448721
2013-01-14 00:00:00,3249549.58448721
2013-01-15 00:00:00,3249549.58448721
2013-01-16 00:00:00,3249549.58448721
2013-01-17 00:00:00,3249549.58448721
2013-01-18 00:00:00,3249549.58448721
2013-01-19 00:00:00,3249549.58448721
2013-01-20 00:00:00,3249549.58448721
2013-01-21 00:00:00,3249549.58448721
2013-01-22 00:00:00,3249549.58448721
2013-01-23 00:00:00,3249549.58448721
2013-01-24 00:00:00,3249549.58448721
2013-01-25 00:00:00,2968775.33207507
2013-01-26 00:00:00,2968775.33207507
2013-01-27 00:00:00,2968775.33207507
2013-01-28 00:00:00,2968775.33207507
2013-01-29 00:00:00,2968775.33207507
2013-01-30 00:00:00,2968775.33207507
2013-01-31 00:00:00,2968775.33207507
2013-02-01 00:00:00,2968775.33207507
2013-02-02 00:00:00,2968775.33207507
2013-02-03 00:00:00,2968775.33207507
2013-02-04 00:00:00,2968775.33207507
2013-02-05 00:00:00,3275464.58656562
2013-02-06 00:00:00,3275464.58656562
2013-02-07 00:00:00,3275464.58656562
2013-02-08 00:00:00,3275464.58656562
2013-02-09 00:00:00,3275464.58656562
2013-02-10 00:00:00,3275464.58656562
2013-02-11 00:00:00,3275464.58656562
2013-02-12 00:00:00,3275464.58656562
2013-02-13 00:00:00,3275464.58656562
2013-02-14 00:00:00,3275464.58656562
2013-02-15 00:00:00,3275464.58656562
2013-02-16 00:00:00,3275464.58656562
2013-02-17 00:00:00,3275464.58656562
2013-02-18 00:00:00,3651011.63069321
2013-02-19 00:00:00,3651011.63069321
2013-02-20 00:00:00,3651011.63069321
2013-02-21 00:00:00,3651011.63069321
2013-02-22 00:00:00,3651011.63069321
2013-02-23 00:00:00,3651011.63069321
2013-02-24 00:00:00,3651011.63069321
2013-02-25 00:00:00,3651011.63069321
2013-02-26 00:00:00,3651011.63069321
2013-02-27 00:00:00,3651011.63069321
2013-02-28 00:00:00,3651011.63069321
2013-03-01 00:00:00,4367876.0008422
2013-03-02 00:00:00,4367876.0008422
2013-03-03 00:00:00,4367876.0008422
2013-03-04 00:00:00,4367876.0008422
2013-03-05 00:00:00,4367876.0008422
2013-03-06 00:00:00,4367876.0008422
2013-03-07 00:00:00,4367876.0008422
2013-03-08 00:00:00,4367876.0008422
2013-03-09 00:00:00,4367876.0008422
2013-03-10 00:00:00,4367876.0008422
2013-03-11 00:00:00,4367876.0008422
2013-03-12 00:00:00,4367876.0008422
2013-03-13 00:00:00,4367876.0008422
2013-03-14 00:00:00,4847647.15206561
2013-03-15 00:00:00,4847647.15206561
2013-03-16 00:00:00,4847647.15206561
2013-03-17 00:00:00,4847647.15206561
2013-03-18 00:00:00,4847647.15206561
2013-03-19 00:00:00,4847647.15206561
2013-03-20 00:00:00,4847647.15206561
2013-03-21 00:00:00,4847647.15206561
2013-03-22 00:00:00,4847647.15206561
2013-03-23 00:00:00,4847647.15206561
2013-03-24 00:00:00,6695826.28259625
2013-03-25 00:00:00,6695826.28259625
2013-03-26 00:00:00,6695826.28259625
2013-03-27 00:00:00,6695826.28259625
2013-03-28 00:00:00,6695826.28259625
2013-03-29 00:00:00,6695826.28259625
2013-03-30 00:00:00,6695826.28259625
2013-03-31 00:00:00,6695826.28259625
2013-04-01 00:00:00,6695826.28259625
2013-04-02 00:00:00,6695826.28259625
2013-04-03 00:00:00,6695826.28259625
2013-04-04 00:00:00,6695826.28259625
2013-04-05 00:00:00,7672999.92016414
2013-04-06 00:00:00,7672999.92016414
2013-04-07 00:00:00,7672999.92016414
2013-04-08 00:00:00,7672999.92016414
2013-04-09 00:00:00,7672999.92016414
2013-04-10 00:00:00,7672999.92016414
2013-04-11 00:00:00,7672999.92016414
2013-04-12 00:00:00,7672999.92016414
2013-04-13 00:00:00,7672999.92016414
2013-04-14 00:00:00,7672999.92016414
2013-04-15 00:00:00,7672999.92016414
2013-04-16 00:00:00,7672999.92016414
2013-04-17 00:00:00,8974296.01488785
2013-04-18 00:00:00,8974296.01488785
2013-04-19 00:00:00,8974296.01488785
2013-04-20 00:00:00,8974296.01488785
2013-04-21 00:00:00,8974296.01488785
2013-04-22 00:00:00,8974296.01488785
2013-04-23 00:00:00,8974296.01488785
2013-04-24 00:00:00,8974296.01488785
2013-04-25 00:00:00,8974296.01488785
2013-04-26 00:00:00,8974296.01488785
2013-04-27 00:00:00,8974296.01488785
2013-04-28 00:00:00,8974296.01488785
2013-04-29 00:00:00,8974296.01488785
2013-04-30 00:00:00,10076292.8834187
2013-05-01 00:00:00,10076292.8834187
2013-05-02 00:00:00,10076292.8834187
2013-05-03 00:00:00,10076292.8834187
2013-05-04 00:00:00,10076292.8834187
2013-05-05 00:00:00,10076292.8834187
2013-05-06 00:00:00,10076292.8834187
2013-05-07 00:00:00,10076292.8834187
2013-05-08 00:00:00,10076292.8834187
2013-05-09 00:00:00,10076292.8834187
2013-05-10 00:00:00,10076292.8834187
2013-05-11 00:00:00,10076292.8834187
2013-05-12 00:00:00,10076292.8834187
2013-05-13 00:00:00,11187257.4613608
2013-05-14 00:00:00,11187257.4613608
2013-05-15 00:00:00,11187257.4613608
2013-05-16 00:00:00,11187257.4613608
2013-05-17 00:00:00,11187257.4613608
2013-05-18 00:00:00,11187257.4613608
2013-05-19 00:00:00,11187257.4613608
2013-05-20 00:00:00,11187257.4613608
2013-05-21 00:00:00,11187257.4613608
2013-05-22 00:00:00,11187257.4613608
2013-05-23 00:00:00,11187257.4613608
2013-05-24 00:00:00,11187257.4613608
2013-05-25 00:00:00,12153411.7097758
2013-05-26 00:00:00,12153411.7097758
2013-05-27 00:00:00,12153411.7097758
2013-05-28 00:00:00,12153411.7097758
2013-05-29 00:00:00,12153411.7097758
2013-05-30 00:00:00,12153411.7097758
2013-05-31 00:00:00,12153411.7097758
2013-06-01 00:00:00,12153411.7097758
2013-06-02 00:00:00,12153411.7097758
2013-06-03 00:00:00,12153411.7097758
2013-06-04 00:00:00,12153411.7097758
2013-06-05 00:00:00,15605632.6812859
2013-06-06 00:00:00,15605632.6812859
2013-06-07 00:00:00,15605632.6812859
2013-06-08 00:00:00,15605632.6812859
2013-06-09 00:00:00,15605632.6812859
2013-06-10 00:00:00,15605632.6812859
2013-06-11 00:00:00,15605632.6812859
2013-06-12 00:00:00,15605632.6812859
2013-06-13 00:00:00,15605632.6812859
2013-06-14 00:00:00,15605632.6812859
2013-06-15 00:00:00,15605632.6812859
2013-06-16 00:00:00,15605632.6812859
2013-06-17 00:00:00,19339258.2723867
2013-06-18 00:00:00,19339258.2723867
2013-06-19 00:00:00,19339258.2723867
2013-06-20 00:00:00,19339258.2723867
2013-06-21 00:00:00,19339258.2723867
2013-06-22 00:00:00,19339258.2723867
2013-06-23 00:00:00,19339258.2723867
2013-06-24 00:00:00,19339258.2723867
2013-06-25 00:00:00,19339258.2723867
2013-06-26 00:00:00,19339258.2723867
2013-06-27 00:00:00,19339258.2723867
2013-06-28 00:00:00,19339258.2723867
2013-06-29 00:00:00,21335329.113983
2013-06-30 00:00:00,21335329.113983
2013-07-01 00:00:00,21335329.113983
2013-07-02 00:00:00,21335329.113983
2013-07-03 00:00:00,21335329.113983
2013-07-04 00:00:00,21335329.113983
2013-07-05 00:00:00,21335329.113983
2013-07-06 00:00:00,21335329.113983
2013-07-07 00:00:00,21335329.113983
2013-07-08 00:00:00,21335329.113983
2013-07-09 00:00:00,21335329.113983
2013-07-10 00:00:00,21335329.113983
2013-07-11 00:00:00,26162875.6825699
2013-07-12 00:00:00,26162875.6825699
2013-07-13 00:00:00,26162875.6825699
2013-07-14 00:00:00,26162875.6825699
2013-07-15 00:00:00,26162875.6825699
2013-07-16 00:00:00,26162875.6825699
2013-07-17 00:00:00,26162875.6825699
2013-07-18 00:00:00,26162875.6825699
2013-07-19 00:00:00,26162875.6825699
2013-07-20 00:00:00,26162875.6825699
2013-07-21 00:00:00,26162875.6825699
2013-07-22 00:00:00,31256960.7277689
2013-07-23 00:00:00,31256960.7277689
2013-07-24 00:00:00,31256960.7277689
2013-07-25 00:00:00,31256960.7277689
2013-07-26 00:00:00,31256960.7277689
2013-07-27 00:00:00,31256960.7277689
2013-07-28 00:00:00,31256960.7277689
2013-07-29 00:00:00,31256960.7277689
2013-07-30 00:00:00,31256960.7277689
2013-07-31 00:00:00,31256960.7277689
2013-08-01 00:00:00,31256960.7277689
2013-08-02 00:00:00,31256960.7277689
2013-08-03 00:00:00,37392766.1364746
2013-08-04 00:00:00,37392766.1364746
2013-08-05 00:00:00,37392766.1364746
2013-08-06 00:00:00,37392766.1364746
2013-08-07 00:00:00,37392766.1364746
2013-08-08 00:00:00,37392766.1364746
2013-08-09 00:00:00,37392766.1364746
2013-08-10 00:00:00,37392766.1364746
2013-08-11 00:00:00,37392766.1364746
2013-08-12 00:00:00,37392766.1364746
2013-08-13 00:00:00,50810339.0482765
2013-08-14 00:00:00,50810339.0482765
2013-08-15 00:00:00,50810339.0482765
2013-08-16 00:00:00,50810339.0482765
2013-08-17 00:00:00,50810339.0482765
2013-08-18 00:00:00,50810339.0482765
2013-08-19 00:00:00,50810339.0482765
2013-08-20 00:00:00,50810339.0482765
2013-08-21 00:00:00,50810339.0482765
2013-08-22 00:00:00,50810339.0482765
2013-08-23 00:00:00,50810339.0482765
2013-08-24 00:00:00,65750060.1490848
2013-08-25 00:00:00,65750060.1490848
2013-08-26 00:00:00,65750060.1490848
2013-08-27 00:00:00,65750060.1490848
2013-08-28 00:00:00,65750060.1490848
2013-08-29 00:00:00,65750060.1490848
2013-08-30 00:00:00,65750060.1490848
2013-08-31 00:00:00,65750060.1490848
2013-09-01 00:00:00,65750060.1490848
2013-09-02 00:00:00,65750060.1490848
2013-09-03 00:00:00,65750060.1490848
2013-09-04 00:00:00,86933017.7711944
2013-09-05 00:00:00,86933017.7711944
2013-09-06 00:00:00,86933017.7711944
2013-09-07 00:00:00,86933017.7711944
2013-09-08 00:00:00,86933017.7711944
2013-09-09 00:00:00,86933017.7711944
2013-09-10 00:00:00,86933017.7711944
2013-09-11 00:00:00,86933017.7711944
2013-09-12 00:00:00,86933017.7711944
2013-09-13 00:00:00,86933017.7711944
2013-09-14 00:00:00,86933017.7711944
2013-09-15 00:00:00,112628548.666347
2013-09-16 00:00:00,112628548.666347
2013-09-17 00:00:00,112628548.666347
2013-09-18 00:00:00,112628548.666347
2013-09-19 00:00:00,112628548.666347
2013-09-20 00:00:00,112628548.666347
2013-09-21 00:00:00,112628548.666347
2013-09-22 00:00:00,112628548.666347
2013-09-23 00:00:00,112628548.666347
2013-09-24 00:00:00,112628548.666347
2013-09-25 00:00:00,148819199.805093
2013-09-26 00:00:00,148819199.805093
2013-09-27 00:00:00,148819199.805093
2013-09-28 00:00:00,148819199.805093
2013-09-29 00:00:00,148819199.805093
2013-09-30 00:00:00,148819199.805093
2013-10-01 00:00:00,148819199.805093
2013-10-02 00:00:00,148819199.805093
2013-10-03 00:00:00,148819199.805093
2013-10-04 00:00:00,148819199.805093
2013-10-05 00:00:00,148819199.805093
2013-10-06 00:00:00,189281249.281033
2013-10-07 00:00:00,189281249.281033
2013-10-08 00:00:00,189281249.281033
2013-10-09 00:00:00,189281249.281033
2013-10-10 00:00:00,189281249.281033
2013-10-11 00:00:00,189281249.281033
2013-10-12 00:00:00,189281249.281033
2013-10-13 00:00:00,189281249.281033
2013-10-14 00:00:00,189281249.281033
2013-10-15 00:00:00,189281249.281033
2013-10-16 00:00:00,267731249.482421
2013-10-17 00:00:00,267731249.482421
2013-10-18 00:00:00,267731249.482421
2013-10-19 00:00:00,267731249.482421
2013-10-20 00:00:00,267731249.482421
2013-10-21 00:00:00,267731249.482421
2013-10-22 00:00:00,267731249.482421
2013-10-23 00:00:00,267731249.482421
2013-10-24 00:00:00,267731249.482421
2013-10-25 00:00:00,267731249.482421
2013-10-26 00:00:00,390928787.638086
2013-10-27 00:00:00,390928787.638086
2013-10-28 00:00:00,390928787.638086
2013-10-29 00:00:00,390928787.638086
2013-10-30 00:00:00,390928787.638086
2013-10-31 00:00:00,390928787.638086
2013-11-01 00:00:00,390928787.638086
2013-11-02 00:00:00,390928787.638086
2013-11-03 00:00:00,390928787.638086
2013-11-04 00:00:00,390928787.638086
2013-11-05 00:00:00,390928787.638086
2013-11-06 00:00:00,510929738.016152
2013-11-07 00:00:00,510929738.016152
2013-11-08 00:00:00,510929738.016152
2013-11-09 00:00:00,510929738.016152
2013-11-10 00:00:00,510929738.016152
2013-11-11 00:00:00,510929738.016152
2013-11-12 00:00:00,510929738.016152
2013-11-13 00:00:00,510929738.016152
2013-11-14 00:00:00,510929738.016152
2013-11-15 00:00:00,510929738.016152
2013-11-16 00:00:00,510929738.016152
2013-11-17 00:00:00,609482679.888355
2013-11-18 00:00:00,609482679.888355
2013-11-19 00:00:00,609482679.888355
2013-11-20 00:00:00,609482679.888355
2013-11-21 00:00:00,609482679.888355
2013-11-22 00:00:00,609482679.888355
2013-11-23 00:00:00,609482679.888355
2013-11-24 00:00:00,609482679.888355
2013-11-25 00:00:00,609482679.888355
2013-11-26 00:00:00,609482679.888355
2013-11-27 00:00:00,609482679.888355
2013-11-28 00:00:00,609482679.888355
2013-11-29 00:00:00,707408283.051497
2013-11-30 00:00:00,707408283.051497
2013-12-01 00:00:00,707408283.051497
2013-12-02 00:00:00,707408283.051497
2013-12-03 00:00:00,707408283.051497
2013-12-04 00:00:00,707408283.051497
2013-12-05 00:00:00,707408283.051497
2013-12-06 00:00:00,707408283.051497
2013-12-07 00:00:00,707408283.051497
2013-12-08 00:00:00,707408283.051497
2013-12-09 00:00:00,707408283.051497
2013-12-10 00:00:00,908350862.437022
2013-12-11 00:00:00,908350862.437022
2013-12-12 00:00:00,908350862.437022
2013-12-13 00:00:00,908350862.437022
2013-12-14 00:00:00,908350862.437022
2013-12-15 00:00:00,908350862.437022
2013-12-16 00:00:00,908350862.437022
2013-12-17 00:00:00,908350862.437022
2013-12-18 00:00:00,908350862.437022
2013-12-19 00:00:00,908350862.437022
2013-12-20 00:00:00,908350862.437022
2013-12-21 00:00:00,1180923195.25803
2013-12-22 00:00:00,1180923195.25803
2013-12-23 00:00:00,1180923195.25803
2013-12-24 00:00:00,1180923195.25803
2013-12-25 00:00:00,1180923195.25803
2013-12-26 00:00:00,1180923195.25803
2013-12-27 00:00:00,1180923195.25803
2013-12-28 00:00:00,1180923195.25803
2013-12-29 00:00:00,1180923195.25803
2013-12-30 00:00:00,1180923195.25803
2013-12-31 00:00:00,1180923195.25803
2014-01-01 00:00:00,1180923195.25803
2014-01-02 00:00:00,1418481395.26264
2014-01-03 00:00:00,1418481395.26264
2014-01-04 00:00:00,1418481395.26264
2014-01-05 00:00:00,1418481395.26264
2014-01-06 00:00:00,1418481395.26264
2014-01-07 00:00:00,1418481395.26264
2014-01-08 00:00:00,1418481395.26264
2014-01-09 00:00:00,1418481395.26264
2014-01-10 00:00:00,1418481395.26264
2014-01-11 00:00:00,1418481395.26264
2014-01-12 00:00:00,1418481395.26264
2014-01-13 00:00:00,1789546951.05324
2014-01-14 00:00:00,1789546951.05324
2014-01-15 00:00:00,1789546951.05324
2014-01-16 00:00:00,1789546951.05324
2014-01-17 00:00:00,1789546951.05324
2014-01-18 00:00:00,1789546951.05324
2014-01-19 00:00:00,1789546951.05324
2014-01-20 00:00:00,1789546951.05324
2014-01-21 00:00:00,1789546951.05324
2014-01-22 00:00:00,1789546951.05324
2014-01-23 00:00:00,1789546951.05324
2014-01-24 00:00:00,2193847870.17428
2014-01-25 00:00:00,2193847870.17428
2014-01-26 00:00:00,2193847870.17428
2014-01-27 00:00:00,2193847870.17428
2014-01-28 00:00:00,2193847870.17428
2014-01-29 00:00:00,2193847870.17428
2014-01-30 00:00:00,2193847870.17428
2014-01-31 00:00:00,2193847870.17428
2014-02-01 00:00:00,2193847870.17428
2014-02-02 00:00:00,2193847870.17428
2014-02-03 00:00:00,2193847870.17428
2014-02-04 00:00:00,2193847870.17428
2014-02-05 00:00:00,2621404453.06462
2014-02-06 00:00:00,2621404453.06462
2014-02-07 00:00:00,2621404453.06462
2014-02-08 00:00:00,2621404453.06462
2014-02-09 00:00:00,2621404453.06462
2014-02-10 00:00:00,2621404453.06462
2014-02-11 00:00:00,2621404453.06462
2014-02-12 00:00:00,2621404453.06462
2014-02-13 00:00:00,2621404453.06462
2014-02-14 00:00:00,2621404453.06462
2014-02-15 00:00:00,2621404453.06462
2014-02-16 00:00:00,2621404453.06462
2014-02-17 00:00:00,3129573174.52229
2014-02-18 00:00:00,3129573174.52229
2014-02-19 00:00:00,3129573174.52229
2014-02-20 00:00:00,3129573174.52229
2014-02-21 00:00:00,3129573174.52229
2014-02-22 00:00:00,3129573174.52229
2014-02-23 00:00:00,3129573174.52229
2014-02-24 00:00:00,3129573174.52229
2014-02-25 00:00:00,3129573174.52229
2014-02-26 00:00:00,3129573174.52229
2014-02-27 00:00:00,3129573174.52229
2014-02-28 00:00:00,3815723798.81463
2014-03-01 00:00:00,3815723798.81463
2014-03-02 00:00:00,3815723798.81463
2014-03-03 00:00:00,3815723798.81463
2014-03-04 00:00:00,3815723798.81463
2014-03-05 00:00:00,3815723798.81463
2014-03-06 00:00:00,3815723798.81463
2014-03-07 00:00:00,3815723798.81463
2014-03-08 00:00:00,3815723798.81463
2014-03-09 00:00:00,3815723798.81463
2014-03-10 00:00:00,3815723798.81463
2014-03-11 00:00:00,3815723798.81463
2014-03-12 00:00:00,3815723798.81463
2014-03-13 00:00:00,4250217919.86954
2014-03-14 00:00:00,4250217919.86954
2014-03-15 00:00:00,4250217919.86954
2014-03-16 00:00:00,4250217919.86954
2014-03-17 00:00:00,4250217919.86954
2014-03-18 00:00:00,4250217919.86954
2014-03-19 00:00:00,4250217919.86954
2014-03-20 00:00:00,4250217919.86954
2014-03-21 00:00:00,4250217919.86954
2014-03-22 00:00:00,4250217919.86954
2014-03-23 00:00:00,4250217919.86954
2014-03-24 00:00:00,4250217919.86954
2014-03-25 00:00:00,5006860589.2054
2014-03-26 00:00:00,5006860589.2054
2014-03-27 00:00:00,5006860589.2054
2014-03-28 00:00:00,5006860589.2054
2014-03-29 00:00:00,5006860589.2054
2014-03-30 00:00:00,5006860589.2054
2014-03-31 00:00:00,5006860589.2054
2014-04-01 00:00:00,5006860589.2054
2014-04-02 00:00:00,5006860589.2054
2014-04-03 00:00:00,5006860589.2054
2014-04-04 00:00:00,5006860589.2054
2014-04-05 00:00:00,6119726089.12815
2014-04-06 00:00:00,6119726089.12815
2014-04-07 00:00:00,6119726089.12815
2014-04-08 00:00:00,6119726089.12815
2014-04-09 00:00:00,6119726089.12815
2014-04-10 00:00:00,6119726089.12815
2014-04-11 00:00:00,6119726089.12815
2014-04-12 00:00:00,6119726089.12815
2014-04-13 00:00:00,6119726089.12815
2014-04-14 00:00:00,6119726089.12815
2014-04-15 00:00:00,6119726089.12815
2014-04-16 00:00:00,6119726089.12815
2014-04-17 00:00:00,6978842649.59238
2014-04-18 00:00:00,6978842649.59238
2014-04-19 00:00:00,6978842649.59238
2014-04-20 00:00:00,6978842649.59238
2014-04-21 00:00:00,6978842649.59238
2014-04-22 00:00:00,6978842649.59238
2014-04-23 00:00:00,6978842649.59238
2014-04-24 00:00:00,6978842649.59238
2014-04-25 00:00:00,6978842649.59238
2014-04-26 00:00:00,6978842649.59238
2014-04-27 00:00:00,6978842649.59238
2014-04-28 00:00:00,6978842649.59238
2014-04-29 00:00:00,6978842649.59238
2014-04-30 00:00:00,8000872135.96816
2014-05-01 00:00:00,8000872135.96816
2014-05-02 00:00:00,8000872135.96816
2014-05-03 00:00:00,8000872135.96816
2014-05-04 00:00:00,8000872135.96816
2014-05-05 00:00:00,8000872135.96816
2014-05-06 00:00:00,8000872135.96816
2014-05-07 00:00:00,8000872135.96816
2014-05-08 00:00:00,8000872135.96816
2014-05-09 00:00:00,8000872135.96816
2014-05-10 00:00:00,8000872135.96816
2014-05-11 00:00:00,8000872135.96816
2014-05-12 00:00:00,8853416309.1278
2014-05-13 00:00:00,8853416309.1278
2014-05-14 00:00:00,8853416309.1278
2014-05-15 00:00:00,8853416309.1278
2014-05-16 00:00:00,8853416309.1278
2014-05-17 00:00:00,8853416309.1278
2014-05-18 00:00:00,8853416309.1278
2014-05-19 00:00:00,8853416309.1278
2014-05-20 00:00:00,8853416309.1278
2014-05-21 00:00:00,8853416309.1278
2014-05-22 00:00:00,8853416309.1278
2014-05-23 00:00:00,8853416309.1278
2014-05-24 00:00:00,10455720138.4848
2014-05-25 00:00:00,10455720138.4848
2014-05-26 00:00:00,10455720138.4848
2014-05-27 00:00:00,10455720138.4848
2014-05-28 00:00:00,10455720138.4848
2014-05-29 00:00:00,10455720138.4848
2014-05-30 00:00:00,10455720138.4848
2014-05-31 00:00:00,10455720138.4848
2014-06-01 00:00:00,10455720138.4848
2014-06-02 00:00:00,10455720138.4848
2014-06-03 00:00:00,10455720138.4848
2014-06-04 00:00:00,10455720138.4848
2014-06-05 00:00:00,10455720138.4848
2014-06-06 00:00:00,11756551916.904
2014-06-07 00:00:00,11756551916.904
2014-06-08 00:00:00,11756551916.904
2014-06-09 00:00:00,11756551916.904
2014-06-10 00:00:00,11756551916.904
2014-06-11 00:00:00,11756551916.904
2014-06-12 00:00:00,11756551916.904
2014-06-13 00:00:00,11756551916.904
2014-06-14 00:00:00,11756551916.904
2014-06-15 00:00:00,11756551916.904
2014-06-16 00:00:00,11756551916.904
2014-06-17 00:00:00,11756551916.904
2014-06-18 00:00:00,13462580114.5253
2014-06-19 00:00:00,13462580114.5253
2014-06-20 00:00:00,13462580114.5253
2014-06-21 00:00:00,13462580114.5253
2014-06-22 00:00:00,13462580114.5253
2014-06-23 00:00:00,13462580114.5253
2014-06-24 00:00:00,13462580114.5253
2014-06-25 00:00:00,13462580114.5253
2014-06-26 00:00:00,13462580114.5253
2014-06-27 00:00:00,13462580114.5253
2014-06-28 00:00:00,13462580114.5253
2014-06-29 00:00:00,16818461371.1611
2014-06-30 00:00:00,16818461371.1611
2014-07-01 00:00:00,16818461371.1611
2014-07-02 00:00:00,16818461371.1611
2014-07-03 00:00:00,16818461371.1611
2014-07-04 00:00:00,16818461371.1611
2014-07-05 00:00:00,16818461371.1611
2014-07-06 00:00:00,16818461371.1611
2014-07-07 00:00:00,16818461371.1611
2014-07-08 00:00:00,16818461371.1611
2014-07-09 00:00:00,16818461371.1611
2014-07-10 00:00:00,16818461371.1611
2014-07-11 00:00:00,16818461371.1611
2014-07-12 00:00:00,16818461371.1611
2014-07-13 00:00:00,17336316978.5078
2014-07-14 00:00:00,17336316978.5078
2014-07-15 00:00:00,17336316978.5078
2014-07-16 00:00:00,17336316978.5078
2014-07-17 00:00:00,17336316978.5078
2014-07-18 00:00:00,17336316978.5078
2014-07-19 00:00:00,17336316978.5078
2014-07-20 00:00:00,17336316978.5078
2014-07-21 00:00:00,17336316978.5078
2014-07-22 00:00:00,17336316978.5078
2014-07-23 00:00:00,17336316978.5078
2014-07-24 00:00:00,17336316978.5078
2014-07-25 00:00:00,17336316978.5078
2014-07-26 00:00:00,18736441558.3102
2014-07-27 00:00:00,18736441558.3102
2014-07-28 00:00:00,18736441558.3102
2014-07-29 00:00:00,18736441558.3102
2014-07-30 00:00:00,18736441558.3102
2014-07-31 00:00:00,18736441558.3102
2014-08-01 00:00:00,18736441558.3102
2014-08-02 00:00:00,18736441558.3102
2014-08-03 00:00:00,18736441558.3102
2014-08-04 00:00:00,18736441558.3102
2014-08-05 00:00:00,18736441558.3102
2014-08-06 00:00:00,18736441558.3102
2014-08-07 00:00:00,18736441558.3102
2014-08-08 00:00:00,19729645940.5771
2014-08-09 00:00:00,19729645940.5771
2014-08-10 00:00:00,19729645940.5771
2014-08-11 00:00:00,19729645940.5771
2014-08-12 00:00:00,19729645940.5771
2014-08-13 00:00:00,19729645940.5771
2014-08-14 00:00:00,19729645940.5771
2014-08-15 00:00:00,19729645940.5771
2014-08-16 00:00:00,19729645940.5771
2014-08-17 00:00:00,19729645940.5771
2014-08-18 00:00:00,19729645940.5771
2014-08-19 00:00:00,19729645940.5771
2014-08-20 00:00:00,23844670038.8033
2014-08-21 00:00:00,23844670038.8033
2014-08-22 00:00:00,23844670038.8033
2014-08-23 00:00:00,23844670038.8033
2014-08-24 00:00:00,23844670038.8033
2014-08-25 00:00:00,23844670038.8033
2014-08-26 00:00:00,23844670038.8033
2014-08-27 00:00:00,23844670038.8033
2014-08-28 00:00:00,23844670038.8033
2014-08-29 00:00:00,23844670038.8033
2014-08-30 00:00:00,23844670038.8033
2014-08-31 00:00:00,23844670038.8033
2014-09-01 00:00:00,27428630902.2579
2014-09-02 00:00:00,27428630902.2579
2014-09-03 00:00:00,27428630902.2579
2014-09-04 00:00:00,27428630902.2579
2014-09-05 00:00:00,27428630902.2579
2014-09-06 00:00:00,27428630902.2579
2014-09-07 00:00:00,27428630902.2579
2014-09-08 00:00:00,27428630902.2579
2014-09-09 00:00:00,27428630902.2579
2014-09-10 00:00:00,27428630902.2579
2014-09-11 00:00:00,27428630902.2579
2014-09-12 00:00:00,27428630902.2579
2014-09-13 00:00:00,27428630902.2579
2014-09-14 00:00:00,29829733124.0404
2014-09-15 00:00:00,29829733124.0404
2014-09-16 00:00:00,29829733124.0404
2014-09-17 00:00:00,29829733124.0404
2014-09-18 00:00:00,29829733124.0404
2014-09-19 00:00:00,29829733124.0404
2014-09-20 00:00:00,29829733124.0404
2014-09-21 00:00:00,29829733124.0404
2014-09-22 00:00:00,29829733124.0404
2014-09-23 00:00:00,29829733124.0404
2014-09-24 00:00:00,29829733124.0404
2014-09-25 00:00:00,29829733124.0404
2014-09-26 00:00:00,34661425923.9769
2014-09-27 00:00:00,34661425923.9769
2014-09-28 00:00:00,34661425923.9769
2014-09-29 00:00:00,34661425923.9769
2014-09-30 00:00:00,34661425923.9769
2014-10-01 00:00:00,34661425923.9769
2014-10-02 00:00:00,34661425923.9769
2014-10-03 00:00:00,34661425923.9769
2014-10-04 00:00:00,34661425923.9769
2014-10-05 00:00:00,34661425923.9769
2014-10-06 00:00:00,34661425923.9769
2014-10-07 00:00:00,34661425923.9769
2014-10-08 00:00:00,34661425923.9769
2014-10-09 00:00:00,35002482026.1332
2014-10-10 00:00:00,35002482026.1332
2014-10-11 00:00:00,35002482026.1332
2014-10-12 00:00:00,35002482026.1332
2014-10-13 00:00:00,35002482026.1332
2014-10-14 00:00:00,35002482026.1332
2014-10-15 00:00:00,35002482026.1332
2014-10-16 00:00:00,35002482026.1332
2014-10-17 00:00:00,35002482026.1332
2014-10-18 00:00:00,35002482026.1332
2014-10-19 00:00:00,35002482026.1332
2014-10-20 00:00:00,35002482026.1332
2014-10-21 00:00:00,35002482026.1332
2014-10-22 00:00:00,35002482026.1332
2014-10-23 00:00:00,35985640265.0762
2014-10-24 00:00:00,35985640265.0762
2014-10-25 00:00:00,35985640265.0762
2014-10-26 00:00:00,35985640265.0762
2014-10-27 00:00:00,35985640265.0762
2014-10-28 00:00:00,35985640265.0762
2014-10-29 00:00:00,35985640265.0762
2014-10-30 00:00:00,35985640265.0762
2014-10-31 00:00:00,35985640265.0762
2014-11-01 00:00:00,35985640265.0762
2014-11-02 00:00:00,35985640265.0762
2014-11-03 00:00:00,35985640265.0762
2014-11-04 00:00:00,35985640265.0762
2014-11-05 00:00:00,39603666252.4184
2014-11-06 00:00:00,39603666252.4184
2014-11-07 00:00:00,39603666252.4184
2014-11-08 00:00:00,39603666252.4184
2014-11-09 00:00:00,39603666252.4184
2014-11-10 00:00:00,39603666252.4184
2014-11-11 00:00:00,39603666252.4184
2014-11-12 00:00:00,39603666252.4184
2014-11-13 00:00:00,39603666252.4184
2014-11-14 00:00:00,39603666252.4184
2014-11-15 00:00:00,39603666252.4184
2014-11-16 00:00:00,39603666252.4184
2014-11-17 00:00:00,39603666252.4184
2014-11-18 00:00:00,39603666252.4184
2014-11-19 00:00:00,40300030327.8914
2014-11-20 00:00:00,40300030327.8914
2014-11-21 00:00:00,40300030327.8914
2014-11-22 00:00:00,40300030327.8914
2014-11-23 00:00:00,40300030327.8914
2014-11-24 00:00:00,40300030327.8914
2014-11-25 00:00:00,40300030327.8914
2014-11-26 00:00:00,40300030327.8914
2014-11-27 00:00:00,40300030327.8914
2014-11-28 00:00:00,40300030327.8914
2014-11-29 00:00:00,40300030327.8914
2014-11-30 00:00:00,40300030327.8914
2014-12-01 00:00:00,40300030327.8914
2014-12-02 00:00:00,40300030327.8914
2014-12-03 00:00:00,40300030327.8914
2014-12-04 00:00:00,40007470271.2713
2014-12-05 00:00:00,40007470271.2713
2014-12-06 00:00:00,40007470271.2713
2014-12-07 00:00:00,40007470271.2713
2014-12-08 00:00:00,40007470271.2713
2014-12-09 00:00:00,40007470271.2713
2014-12-10 00:00:00,40007470271.2713
2014-12-11 00:00:00,40007470271.2713
2014-12-12 00:00:00,40007470271.2713
2014-12-13 00:00:00,40007470271.2713
2014-12-14 00:00:00,40007470271.2713
2014-12-15 00:00:00,40007470271.2713
2014-12-16 00:00:00,40007470271.2713
2014-12-17 00:00:00,40007470271.2713
2014-12-18 00:00:00,39457671307.1387
2014-12-19 00:00:00,39457671307.1387
2014-12-20 00:00:00,39457671307.1387
2014-12-21 00:00:00,39457671307.1387
2014-12-22 00:00:00,39457671307.1387
2014-12-23 00:00:00,39457671307.1387
2014-12-24 00:00:00,39457671307.1387
2014-12-25 00:00:00,39457671307.1387
2014-12-26 00:00:00,39457671307.1387
2014-12-27 00:00:00,39457671307.1387
2014-12-28 00:00:00,39457671307.1387
2014-12-29 00:00:00,39457671307.1387
2014-12-30 00:00:00,39457671307.1387
2014-12-31 00:00:00,40640955016.5765
2015-01-01 00:00:00,40640955016.5765
2015-01-02 00:00:00,40640955016.5765
2015-01-03 00:00:00,40640955016.5765
2015-01-04 00:00:00,40640955016.5765
2015-01-05 00:00:00,40640955016.5765
2015-01-06 00:00:00,40640955016.5765
2015-01-07 00:00:00,40640955016.5765
2015-01-08 00:00:00,40640955016.5765
2015-01-09 00:00:00,40640955016.5765
2015-01-10 00:00:00,40640955016.5765
2015-01-11 00:00:00,40640955016.5765
2015-01-12 00:00:00,43971662056.0896
2015-01-13 00:00:00,43971662056.0896
2015-01-14 00:00:00,43971662056.0896
2015-01-15 00:00:00,43971662056.0896
2015-01-16 00:00:00,43971662056.0896
2015-01-17 00:00:00,43971662056.0896
2015-01-18 00:00:00,43971662056.0896
2015-01-19 00:00:00,43971662056.0896
2015-01-20 00:00:00,43971662056.0896
2015-01-21 00:00:00,43971662056.0896
2015-01-22 00:00:00,43971662056.0896
2015-01-23 00:00:00,43971662056.0896
2015-01-24 00:00:00,43971662056.0896
2015-01-25 00:00:00,43971662056.0896
2015-01-26 00:00:00,43971662056.0896
2015-01-27 00:00:00,43971662056.0896
2015-01-28 00:00:00,41272873894.697
2015-01-29 00:00:00,41272873894.697
2015-01-30 00:00:00,41272873894.697
2015-01-31 00:00:00,41272873894.697
2015-02-01 00:00:00,41272873894.697
2015-02-02 00:00:00,41272873894.697
2015-02-03 00:00:00,41272873894.697
2015-02-04 00:00:00,41272873894.697
2015-02-05 00:00:00,41272873894.697
2015-02-06 00:00:00,41272873894.697
2015-02-07 00:00:00,41272873894.697
2015-02-08 00:00:00,41272873894.697
2015-02-09 00:00:00,44455415962.3438
2015-02-10 00:00:00,44455415962.3438
2015-02-11 00:00:00,44455415962.3438
2015-02-12 00:00:00,44455415962.3438
2015-02-13 00:00:00,44455415962.3438
2015-02-14 00:00:00,44455415962.3438
2015-02-15 00:00:00,44455415962.3438
2015-02-16 00:00:00,44455415962.3438
2015-02-17 00:00:00,44455415962.3438
2015-02-18 00:00:00,44455415962.3438
2015-02-19 00:00:00,44455415962.3438
2015-02-20 00:00:00,44455415962.3438
2015-02-21 00:00:00,44455415962.3438
2015-02-22 00:00:00,44455415962.3438
2015-02-23 00:00:00,46684376316.8603
2015-02-24 00:00:00,46684376316.8603
2015-02-25 00:00:00,46684376316.8603
2015-02-26 00:00:00,46684376316.8603
2015-02-27 00:00:00,46684376316.8603
2015-02-28 00:00:00,46684376316.8603
2015-03-01 00:00:00,46684376316.8603
2015-03-02 00:00:00,46684376316.8603
2015-03-03 00:00:00,46684376316.8603
2015-03-04 00:00:00,46684376316.8603
2015-03-05 00:00:00,46684376316.8603
2015-03-06 00:00:00,46684376316.8603
2015-03-07 00:00:00,46684376316.8603
2015-03-08 00:00:00,46684376316.8603
2015-03-09 00:00:00,47427554950.6483
2015-03-10 00:00:00,47427554950.6483
2015-03-11 00:00:00,47427554950.6483
2015-03-12 00:00:00,47427554950.6483
2015-03-13 00:00:00,47427554950.6483
2015-03-14 00:00:00,47427554950.6483
2015-03-15 00:00:00,47427554950.6483
2015-03-16 00:00:00,47427554950.6483
2015-03-17 00:00:00,47427554950.6483
2015-03-18 00:00:00,47427554950.6483
2015-03-19 00:00:00,47427554950.6483
2015-03-20 00:00:00,47427554950.6483
2015-03-21 00:00:00,47427554950.6483
2015-03-22 00:00:00,47427554950.6483
2015-03-23 00:00:00,47427554950.6483
2015-03-24 00:00:00,46717549644.7064
2015-03-25 00:00:00,46717549644.7064
2015-03-26 00:00:00,46717549644.7064
2015-03-27 00:00:00,46717549644.7064
2015-03-28 00:00:00,46717549644.7064
2015-03-29 00:00:00,46717549644.7064
2015-03-30 00:00:00,46717549644.7064
2015-03-31 00:00:00,46717549644.7064
2015-04-01 00:00:00,46717549644.7064
2015-04-02 00:00:00,46717549644.7064
2015-04-03 00:00:00,46717549644.7064
2015-04-04 00:00:00,46717549644.7064
2015-04-05 00:00:00,49446390688.2414
2015-04-06 00:00:00,49446390688.2414
2015-04-07 00:00:00,49446390688.2414
2015-04-08 00:00:00,49446390688.2414
2015-04-09 00:00:00,49446390688.2414
2015-04-10 00:00:00,49446390688.2414
2015-04-11 00:00:00,49446390688.2414
2015-04-12 00:00:00,49446390688.2414
2015-04-13 00:00:00,49446390688.2414
2015-04-14 00:00:00,49446390688.2414
2015-04-15 00:00:00,49446390688.2414
2015-04-16 00:00:00,49446390688.2414
2015-04-17 00:00:00,49446390688.2414
2015-04-18 00:00:00,49446390688.2414
2015-04-19 00:00:00,49446390688.2414
2015-04-20 00:00:00,49446390688.2414
2015-04-21 00:00:00,47610564513.4713
2015-04-22 00:00:00,47610564513.4713
2015-04-23 00:00:00,47610564513.4713
2015-04-24 00:00:00,47610564513.4713
2015-04-25 00:00:00,47610564513.4713
2015-04-26 00:00:00,47610564513.4713
2015-04-27 00:00:00,47610564513.4713
2015-04-28 00:00:00,47610564513.4713
2015-04-29 00:00:00,47610564513.4713
2015-04-30 00:00:00,47610564513.4713
2015-05-01 00:00:00,47610564513.4713
2015-05-02 00:00:00,47610564513.4713
2015-05-03 00:00:00,47610564513.4713
2015-05-04 00:00:00,47643398017.8034
2015-05-05 00:00:00,47643398017.8034
2015-05-06 00:00:00,47643398017.8034
2015-05-07 00:00:00,47643398017.8034
2015-05-08 00:00:00,47643398017.8034
2015-05-09 00:00:00,47643398017.8034
2015-05-10 00:00:00,47643398017.8034
2015-05-11 00:00:00,47643398017.8034
2015-05-12 00:00:00,47643398017.8034
2015-05-13 00:00:00,47643398017.8034
2015-05-14 00:00:00,47643398017.8034
2015-05-15 00:00:00,47643398017.8034
2015-05-16 00:00:00,47643398017.8034
2015-05-17 00:00:00,48807487244.6814
2015-05-18 00:00:00,48807487244.6814
2015-05-19 00:00:00,48807487244.6814
2015-05-20 00:00:00,48807487244.6814
2015-05-21 00:00:00,48807487244.6814
2015-05-22 00:00:00,48807487244.6814
2015-05-23 00:00:00,48807487244.6814
2015-05-24 00:00:00,48807487244.6814
2015-05-25 00:00:00,48807487244.6814
2015-05-26 00:00:00,48807487244.6814
2015-05-27 00:00:00,48807487244.6814
2015-05-28 00:00:00,48807487244.6814
2015-05-29 00:00:00,48807487244.6814
2015-05-30 00:00:00,48807487244.6814
2015-05-31 00:00:00,48807487244.6814
2015-06-01 00:00:00,48807487244.6814
2015-06-02 00:00:00,47589591153.625
2015-06-03 00:00:00,47589591153.625
2015-06-04 00:00:00,47589591153.625
2015-06-05 00:00:00,47589591153.625
2015-06-06 00:00:00,47589591153.625
2015-06-07 00:00:00,47589591153.625
2015-06-08 00:00:00,47589591153.625
2015-06-09 00:00:00,47589591153.625
2015-06-10 00:00:00,47589591153.625
2015-06-11 00:00:00,47589591153.625
2015-06-12 00:00:00,47589591153.625
2015-06-13 00:00:00,47589591153.625
2015-06-14 00:00:00,49692386354.8938
2015-06-15 00:00:00,49692386354.8938
2015-06-16 00:00:00,49692386354.8938
2015-06-17 00:00:00,49692386354.8938
2015-06-18 00:00:00,49692386354.8938
2015-06-19 00:00:00,49692386354.8938
2015-06-20 00:00:00,49692386354.8938
2015-06-21 00:00:00,49692386354.8938
2015-06-22 00:00:00,49692386354.8938
2015-06-23 00:00:00,49692386354.8938
2015-06-24 00:00:00,49692386354.8938
2015-06-25 00:00:00,49692386354.8938
2015-06-26 00:00:00,49692386354.8938
2015-06-27 00:00:00,49692386354.8938
2015-06-28 00:00:00,49692386354.8938
2015-06-29 00:00:00,49402014931.2275
2015-06-30 00:00:00,49402014931.2275
2015-07-01 00:00:00,49402014931.2275
2015-07-02 00:00:00,49402014931.2275
2015-07-03 00:00:00,49402014931.2275
2015-07-04 00:00:00,49402014931.2275
2015-07-05 00:00:00,49402014931.2275
2015-07-06 00:00:00,49402014931.2275
2015-07-07 00:00:00,49402014931.2275
2015-07-08 00:00:00,49402014931.2275
2015-07-09 00:00:00,49402014931.2275
2015-07-10 00:00:00,49402014931.2275
2015-07-11 00:00:00,49402014931.2275
2015-07-12 00:00:00,51076366303.4819
2015-07-13 00:00:00,51076366303.4819
2015-07-14 00:00:00,51076366303.4819
2015-07-15 00:00:00,51076366303.4819
2015-07-16 00:00:00,51076366303.4819
2015-07-17 00:00:00,51076366303.4819
2015-07-18 00:00:00,51076366303.4819
2015-07-19 00:00:00,51076366303.4819
2015-07-20 00:00:00,51076366303.4819
2015-07-21 00:00:00,51076366303.4819
2015-07-22 00:00:00,51076366303.4819
2015-07-23 00:00:00,51076366303.4819
2015-07-24 00:00:00,51076366303.4819
2015-07-25 00:00:00,52278304845.5917
2015-07-26 00:00:00,52278304845.5917
2015-07-27 00:00:00,52278304845.5917
2015-07-28 00:00:00,52278304845.5917
2015-07-29 00:00:00,52278304845.5917
2015-07-30 00:00:00,52278304845.5917
2015-07-31 00:00:00,52278304845.5917
2015-08-01 00:00:00,52278304845.5917
2015-08-02 00:00:00,52278304845.5917
2015-08-03 00:00:00,52278304845.5917
2015-08-04 00:00:00,52278304845.5917
2015-08-05 00:00:00,52278304845.5917
2015-08-06 00:00:00,52278304845.5917
2015-08-07 00:00:00,52278304845.5917
2015-08-08 00:00:00,52699842409.347
2015-08-09 00:00:00,52699842409.347
2015-08-10 00:00:00,52699842409.347
2015-08-11 00:00:00,52699842409.347
2015-08-12 00:00:00,52699842409.347
2015-08-13 00:00:00,52699842409.347
2015-08-14 00:00:00,52699842409.347
2015-08-15 00:00:00,52699842409.347
2015-08-16 00:00:00,52699842409.347
2015-08-17 00:00:00,52699842409.347
2015-08-18 00:00:00,52699842409.347
2015-08-19 00:00:00,52699842409.347
2015-08-20 00:00:00,52699842409.347
2015-08-21 00:00:00,52699842409.347
2015-08-22 00:00:00,54256630327.89
2015-08-23 00:00:00,54256630327.89
2015-08-24 00:00:00,54256630327.89
2015-08-25 00:00:00,54256630327.89
2015-08-26 00:00:00,54256630327.89
2015-08-27 00:00:00,54256630327.89
2015-08-28 00:00:00,54256630327.89
2015-08-29 00:00:00,54256630327.89
2015-08-30 00:00:00,54256630327.89
2015-08-31 00:00:00,54256630327.89
2015-09-01 00:00:00,54256630327.89
2015-09-02 00:00:00,54256630327.89
2015-09-03 00:00:00,54256630327.89
2015-09-04 00:00:00,56957648455.01
2015-09-05 00:00:00,56957648455.01
2015-09-06 00:00:00,56957648455.01
2015-09-07 00:00:00,56957648455.01
2015-09-08 00:00:00,56957648455.01
2015-09-09 00:00:00,56957648455.01
2015-09-10 00:00:00,56957648455.01
2015-09-11 00:00:00,56957648455.01
2015-09-12 00:00:00,56957648455.01
2015-09-13 00:00:00,56957648455.01
2015-09-14 00:00:00,56957648455.01
2015-09-15 00:00:00,56957648455.01
2015-09-16 00:00:00,56957648455.01
2015-09-17 00:00:00,56957648455.01
2015-09-18 00:00:00,59335351233.8666
2015-09-19 00:00:00,59335351233.8666
2015-09-20 00:00:00,59335351233.8666
2015-09-21 00:00:00,59335351233.8666
2015-09-22 00:00:00,59335351233.8666
2015-09-23 00:00:00,59335351233.8666
2015-09-24 00:00:00,59335351233.8666
2015-09-25 00:00:00,59335351233.8666
2015-09-26 00:00:00,59335351233.8666
2015-09-27 00:00:00,59335351233.8666
2015-09-28 00:00:00,59335351233.8666
2015-09-29 00:00:00,59335351233.8666
2015-09-30 00:00:00,59335351233.8666
2015-10-01 00:00:00,60813224039.4403
2015-10-02 00:00:00,60813224039.4403
2015-10-03 00:00:00,60813224039.4403
2015-10-04 00:00:00,60813224039.4403
2015-10-05 00:00:00,60813224039.4403
2015-10-06 00:00:00,60813224039.4403
2015-10-07 00:00:00,60813224039.4403
2015-10-08 00:00:00,60813224039.4403
2015-10-09 00:00:00,60813224039.4403
2015-10-10 00:00:00,60813224039.4403
2015-10-11 00:00:00,60813224039.4403
2015-10-12 00:00:00,60813224039.4403
2015-10-13 00:00:00,60813224039.4403
2015-10-14 00:00:00,60813224039.4403
2015-10-15 00:00:00,60883825480.0983
2015-10-16 00:00:00,60883825480.0983
2015-10-17 00:00:00,60883825480.0983
2015-10-18 00:00:00,60883825480.0983
2015-10-19 00:00:00,60883825480.0983
2015-10-20 00:00:00,60883825480.0983
2015-10-21 00:00:00,60883825480.0983
2015-10-22 00:00:00,60883825480.0983
2015-10-23 00:00:00,60883825480.0983
2015-10-24 00:00:00,60883825480.0983
2015-10-25 00:00:00,60883825480.0983
2015-10-26 00:00:00,60883825480.0983
2015-10-27 00:00:00,60883825480.0983
2015-10-28 00:00:00,60883825480.0983
2015-10-29 00:00:00,62253982449.7608
2015-10-30 00:00:00,62253982449.7608
2015-10-31 00:00:00,62253982449.7608
2015-11-01 00:00:00,62253982449.7608
2015-11-02 00:00:00,62253982449.7608
2015-11-03 00:00:00,62253982449.7608
2015-11-04 00:00:00,62253982449.7608
2015-11-05 00:00:00,62253982449.7608
2015-11-06 00:00:00,62253982449.7608
2015-11-07 00:00:00,62253982449.7608
2015-11-08 00:00:00,62253982449.7608
2015-11-09 00:00:00,62253982449.7608
2015-11-10 00:00:00,62253982449.7608
2015-11-11 00:00:00,65848255179.7026
2015-11-12 00:00:00,65848255179.7026
2015-11-13 00:00:00,65848255179.7026
2015-11-14 00:00:00,65848255179.7026
2015-11-15 00:00:00,65848255179.7026
2015-11-16 00:00:00,65848255179.7026
2015-11-17 00:00:00,65848255179.7026
2015-11-18 00:00:00,65848255179.7026
2015-11-19 00:00:00,65848255179.7026
2015-11-20 00:00:00,65848255179.7026
2015-11-21 00:00:00,65848255179.7026
2015-11-22 00:00:00,65848255179.7026
2015-11-23 00:00:00,65848255179.7026
2015-11-24 00:00:00,72722780642.5472
2015-11-25 00:00:00,72722780642.5472
2015-11-26 00:00:00,72722780642.5472
2015-11-27 00:00:00,72722780642.5472
2015-11-28 00:00:00,72722780642.5472
2015-11-29 00:00:00,72722780642.5472
2015-11-30 00:00:00,72722780642.5472
2015-12-01 00:00:00,72722780642.5472
2015-12-02 00:00:00,72722780642.5472
2015-12-03 00:00:00,72722780642.5472
2015-12-04 00:00:00,72722780642.5472
2015-12-05 00:00:00,72722780642.5472
2015-12-06 00:00:00,72722780642.5472
2015-12-07 00:00:00,79102380900.226
2015-12-08 00:00:00,79102380900.226
2015-12-09 00:00:00,79102380900.226
2015-12-10 00:00:00,79102380900.226
2015-12-11 00:00:00,79102380900.226
2015-12-12 00:00:00,79102380900.226
2015-12-13 00:00:00,79102380900.226
2015-12-14 00:00:00,79102380900.226
2015-12-15 00:00:00,79102380900.226
2015-12-16 00:00:00,79102380900.226
2015-12-17 00:00:00,79102380900.226
2015-12-18 00:00:00,79102380900.226
2015-12-19 00:00:00,93448670796.3238
2015-12-20 00:00:00,93448670796.3238
2015-12-21 00:00:00,93448670796.3238
2015-12-22 00:00:00,93448670796.3238
2015-12-23 00:00:00,93448670796.3238
2015-12-24 00:00:00,93448670796.3238
2015-12-25 00:00:00,93448670796.3238
2015-12-26 00:00:00,93448670796.3238
2015-12-27 00:00:00,93448670796.3238
2015-12-28 00:00:00,93448670796.3238
2015-12-29 00:00:00,93448670796.3238
2015-12-30 00:00:00,93448670796.3238
2015-12-31 00:00:00,103880340815.456
2016-01-01 00:00:00,103880340815.456
2016-01-02 00:00:00,103880340815.456
2016-01-03 00:00:00,103880340815.456
2016-01-04 00:00:00,103880340815.456
2016-01-05 00:00:00,103880340815.456
2016-01-06 00:00:00,103880340815.456
2016-01-07 00:00:00,103880340815.456
2016-01-08 00:00:00,103880340815.456
2016-01-09 00:00:00,103880340815.456
2016-01-10 00:00:00,103880340815.456
2016-01-11 00:00:00,103880340815.456
2016-01-12 00:00:00,103880340815.456
2016-01-13 00:00:00,113354299801.471
2016-01-14 00:00:00,113354299801.471
2016-01-15 00:00:00,113354299801.471
2016-01-16 00:00:00,113354299801.471
2016-01-17 00:00:00,113354299801.471
2016-01-18 00:00:00,113354299801.471
2016-01-19 00:00:00,113354299801.471
2016-01-20 00:00:00,113354299801.471
2016-01-21 00:00:00,113354299801.471
2016-01-22 00:00:00,113354299801.471
2016-01-23 00:00:00,113354299801.471
2016-01-24 00:00:00,113354299801.471
2016-01-25 00:00:00,113354299801.471
2016-01-26 00:00:00,120033340651.237
2016-01-27 00:00:00,120033340651.237
2016-01-28 00:00:00,120033340651.237
2016-01-29 00:00:00,120033340651.237
2016-01-30 00:00:00,120033340651.237
2016-01-31 00:00:00,120033340651.237
2016-02-01 00:00:00,120033340651.237
2016-02-02 00:00:00,120033340651.237
2016-02-03 00:00:00,120033340651.237
2016-02-04 00:00:00,120033340651.237
2016-02-05 00:00:00,120033340651.237
2016-02-06 00:00:00,120033340651.237
2016-02-07 00:00:00,144116447847.349
2016-02-08 00:00:00,144116447847.349
2016-02-09 00:00:00,144116447847.349
2016-02-10 00:00:00,144116447847.349
2016-02-11 00:00:00,144116447847.349
2016-02-12 00:00:00,144116447847.349
2016-02-13 00:00:00,144116447847.349
2016-02-14 00:00:00,144116447847.349
2016-02-15 00:00:00,144116447847.349
2016-02-16 00:00:00,144116447847.349
2016-02-17 00:00:00,144116447847.349
2016-02-18 00:00:00,144116447847.349
2016-02-19 00:00:00,163491654908.959
2016-02-20 00:00:00,163491654908.959
2016-02-21 00:00:00,163491654908.959
2016-02-22 00:00:00,163491654908.959
2016-02-23 00:00:00,163491654908.959
2016-02-24 00:00:00,163491654908.959
2016-02-25 00:00:00,163491654908.959
2016-02-26 00:00:00,163491654908.959
2016-02-27 00:00:00,163491654908.959
2016-02-28 00:00:00,163491654908.959
2016-02-29 00:00:00,163491654908.959
2016-03-01 00:00:00,163491654908.959
2016-03-02 00:00:00,163491654908.959
2016-03-03 00:00:00,163491654908.959
2016-03-04 00:00:00,163491654908.959
2016-03-05 00:00:00,163491654908.959
2016-03-06 00:00:00,158427203767.392
2016-03-07 00:00:00,158427203767.392
2016-03-08 00:00:00,158427203767.392
2016-03-09 00:00:00,158427203767.392
2016-03-10 00:00:00,158427203767.392
2016-03-11 00:00:00,158427203767.392
2016-03-12 00:00:00,158427203767.392
2016-03-13 00:00:00,158427203767.392
2016-03-14 00:00:00,158427203767.392
2016-03-15 00:00:00,158427203767.392
2016-03-16 00:00:00,158427203767.392
2016-03-17 00:00:00,158427203767.392
2016-03-18 00:00:00,165496835118.226
2016-03-19 00:00:00,165496835118.226
2016-03-20 00:00:00,165496835118.226
2016-03-21 00:00:00,165496835118.226
2016-03-22 00:00:00,165496835118.226
2016-03-23 00:00:00,165496835118.226
2016-03-24 00:00:00,165496835118.226
2016-03-25 00:00:00,165496835118.226
2016-03-26 00:00:00,165496835118.226
2016-03-27 00:00:00,165496835118.226
2016-03-28 00:00:00,165496835118.226
2016-03-29 00:00:00,165496835118.226
2016-03-30 00:00:00,165496835118.226
2016-03-31 00:00:00,165496835118.226
2016-04-01 00:00:00,166851513282.777
2016-04-02 00:00:00,166851513282.777
2016-04-03 00:00:00,166851513282.777
2016-04-04 00:00:00,166851513282.777
2016-04-05 00:00:00,166851513282.777
2016-04-06 00:00:00,166851513282.777
2016-04-07 00:00:00,166851513282.777
2016-04-08 00:00:00,166851513282.777
2016-04-09 00:00:00,166851513282.777
2016-04-10 00:00:00,166851513282.777
2016-04-11 00:00:00,166851513282.777
2016-04-12 00:00:00,166851513282.777
2016-04-13 00:00:00,166851513282.777
2016-04-14 00:00:00,178678307671.688
2016-04-15 00:00:00,178678307671.688
2016-04-16 00:00:00,178678307671.688
2016-04-17 00:00:00,178678307671.688
2016-04-18 00:00:00,178678307671.688
2016-04-19 00:00:00,178678307671.688
2016-04-20 00:00:00,178678307671.0
2016-04-21 00:00:00,178678307671.0
2016-04-22 00:00:00,178678307671.0
2016-04-23 00:00:00,178678307671.0
2016-04-24 00:00:00,178678307671.0
2016-04-25 00:00:00,178678307671.0
2016-04-26 00:00:00,178678307671.0
2016-04-27 00:00:00,178678307671.0
2016-04-28 00:00:00,178666121338.551
2016-04-29 00:00:00,178659257772.0
2016-04-30 00:00:00,178659257772.0
2016-05-01 00:00:00,178659257772.0
2016-05-02 00:00:00,178659257772.0
2016-05-03 00:00:00,178659257772.0
2016-05-04 00:00:00,178659257772.0
2016-05-05 00:00:00,178659257772.0
2016-05-06 00:00:00,178659257772.0
2016-05-07 00:00:00,178659257772.0
2016-05-08 00:00:00,178659257772.0
2016-05-09 00:00:00,178659257772.0
2016-05-10 00:00:00,178659257772.0
2016-05-11 00:00:00,190502504490.88
2016-05-12 00:00:00,194254820283.0
2016-05-13 00:00:00,194254820283.0
2016-05-14 00:00:00,194254820283.0
2016-05-15 00:00:00,194254820283.0
2016-05-16 00:00:00,194254820283.0
2016-05-17 00:00:00,194254820283.0
2016-05-18 00:00:00,194254820283.0
2016-05-19 00:00:00,194254820283.0
2016-05-20 00:00:00,194254820283.0
2016-05-21 00:00:00,194254820283.0
2016-05-22 00:00:00,194254820283.0
2016-05-23 00:00:00,194254820283.0
2016-05-24 00:00:00,194770865920.551
2016-05-25 00:00:00,199312067531.0
2016-05-26 00:00:00,199312067531.0
2016-05-27 00:00:00,199312067531.0
2016-05-28 00:00:00,199312067531.0
2016-05-29 00:00:00,199312067531.0
2016-05-30 00:00:00,199312067531.0
2016-05-31 00:00:00,199312067531.0
2016-06-01 00:00:00,199312067531.0
2016-06-02 00:00:00,199312067531.0
2016-06-03 00:00:00,199312067531.0
2016-06-04 00:00:00,199312067531.0
2016-06-05 00:00:00,199312067531.0
2016-06-06 00:00:00,199312067531.0
2016-06-07 00:00:00,199312067531.0
2016-06-08 00:00:00,196422606560.333
2016-06-09 00:00:00,196061423939.0
2016-06-10 00:00:00,196061423939.0
2016-06-11 00:00:00,196061423939.0
2016-06-12 00:00:00,196061423939.0
2016-06-13 00:00:00,196061423939.25
2016-06-14 00:00:00,196061423939.0
2016-06-15 00:00:00,196061423939.0
2016-06-16 00:00:00,196061423939.0
2016-06-17 00:00:00,196061423939.0
2016-06-18 00:00:00,196061423939.0
2016-06-19 00:00:00,196061423939.0
2016-06-20 00:00:00,196061423939.0
2016-06-21 00:00:00,206307449112.047
2016-06-22 00:00:00,209453158595.0
2016-06-23 00:00:00,209453158595.0
2016-06-24 00:00:00,209453158595.0
2016-06-25 00:00:00,209453158595.0
2016-06-26 00:00:00,209453158595.0
2016-06-27 00:00:00,209453158595.0
2016-06-28 00:00:00,209453158595.0
2016-06-29 00:00:00,209453158595.0
2016-06-30 00:00:00,209453158595.0
2016-07-01 00:00:00,209453158595.0
2016-07-02 00:00:00,209453158595.0
2016-07-03 00:00:00,209453158595.0
2016-07-04 00:00:00,209557682217.146
2016-07-05 00:00:00,213398925331.0
2016-07-06 00:00:00,213398925331.0
2016-07-07 00:00:00,213398925331.0
2016-07-08 00:00:00,213398925331.0
2016-07-09 00:00:00,213398925331.0
2016-07-10 00:00:00,213398925331.0
2016-07-11 00:00:00,213398925331.0
2016-07-12 00:00:00,213398925331.0
2016-07-13 00:00:00,213398925331.0
2016-07-14 00:00:00,213398925331.0
2016-07-15 00:00:00,213398925331.0
2016-07-16 00:00:00,213398925331.0
2016-07-17 00:00:00,213398925331.0
2016-07-18 00:00:00,213402065457.711
2016-07-19 00:00:00,213492501107.0
2016-07-20 00:00:00,213492501107.0
2016-07-21 00:00:00,213492501107.0
2016-07-22 00:00:00,213492501107.0
2016-07-23 00:00:00,213492501107.0
2016-07-24 00:00:00,213492501107.0
2016-07-25 00:00:00,213492501107.0
2016-07-26 00:00:00,213492501107.0
2016-07-27 00:00:00,213492501107.0
2016-07-28 00:00:00,213492501107.0
2016-07-29 00:00:00,213492501107.0
2016-07-30 00:00:00,213492501107.0
2016-07-31 00:00:00,213492501107.0
2016-08-01 00:00:00,213492501107.0
2016-08-02 00:00:00,210798472402.845
2016-08-03 00:00:00,201893210853.0
2016-08-04 00:00:00,201893210853.0
2016-08-05 00:00:00,201893210853.0
2016-08-06 00:00:00,201893210853.0
2016-08-07 00:00:00,201893210853.0
2016-08-08 00:00:00,201893210853.0
2016-08-09 00:00:00,201893210853.0
2016-08-10 00:00:00,201893210853.0
2016-08-11 00:00:00,201893210853.0
2016-08-12 00:00:00,201893210853.0
2016-08-13 00:00:00,201893210853.0
2016-08-14 00:00:00,201893210853.0
2016-08-15 00:00:00,203483855226.699
2016-08-16 00:00:00,217375482757.0
2016-08-17 00:00:00,217375482757.0
2016-08-18 00:00:00,217375482757.0
2016-08-19 00:00:00,217375482757.0
2016-08-20 00:00:00,217375482757.0
2016-08-21 00:00:00,217375482757.0
2016-08-22 00:00:00,217375482757.0
2016-08-23 00:00:00,217375482757.0
2016-08-24 00:00:00,217375482757.0
2016-08-25 00:00:00,217375482757.0
2016-08-26 00:00:00,217375482757.0
2016-08-27 00:00:00,217375482757.0
2016-08-28 00:00:00,217375482757.0
2016-08-29 00:00:00,218441791494.792
2016-08-30 00:00:00,220755908330.0
2016-08-31 00:00:00,220755908330.0
2016-09-01 00:00:00,220755908330.0
2016-09-02 00:00:00,220755908330.0
2016-09-03 00:00:00,220755908330.0
2016-09-04 00:00:00,220755908330.0
2016-09-05 00:00:00,220755908330.0
2016-09-06 00:00:00,220755908330.0
2016-09-07 00:00:00,220755908330.0
2016-09-08 00:00:00,220755908330.0
2016-09-09 00:00:00,220755908330.0
2016-09-10 00:00:00,220755908330.0
2016-09-11 00:00:00,220755908330.0
2016-09-12 00:00:00,224586991479.859
2016-09-13 00:00:00,225832872179.0
2016-09-14 00:00:00,225832872179.0
2016-09-15 00:00:00,225832872179.0
2016-09-16 00:00:00,225832872179.0
2016-09-17 00:00:00,225832872179.0
2016-09-18 00:00:00,225832872179.0
2016-09-19 00:00:00,225832872179.0
2016-09-20 00:00:00,225832872179.0
2016-09-21 00:00:00,225832872179.0
2016-09-22 00:00:00,225832872179.0
2016-09-23 00:00:00,225832872179.0
2016-09-24 00:00:00,225832872179.0
2016-09-25 00:00:00,234688749067.978
2016-09-26 00:00:00,241227200229.0
2016-09-27 00:00:00,241227200229.0
2016-09-28 00:00:00,241227200229.0
2016-09-29 00:00:00,241227200229.0
2016-09-30 00:00:00,241227200229.0
2016-10-01 00:00:00,241227200229.0
2016-10-02 00:00:00,241227200229.0
2016-10-03 00:00:00,241227200229.0
2016-10-04 00:00:00,241227200229.0
2016-10-05 00:00:00,241227200229.0
2016-10-06 00:00:00,241227200229.0
2016-10-07 00:00:00,241227200229.0
2016-10-08 00:00:00,250540187707.846
2016-10-09 00:00:00,258522748404.0
2016-10-10 00:00:00,258522748404.0
2016-10-11 00:00:00,258522748404.0
2016-10-12 00:00:00,258522748404.0
2016-10-13 00:00:00,258522748404.0
2016-10-14 00:00:00,258522748404.0
2016-10-15 00:00:00,258522748404.0
2016-10-16 00:00:00,258522748404.0
2016-10-17 00:00:00,258522748404.0
2016-10-18 00:00:00,258522748404.0
2016-10-19 00:00:00,258522748404.0
2016-10-20 00:00:00,258522748404.0
2016-10-21 00:00:00,258522748404.0
2016-10-22 00:00:00,257535264827.557
2016-10-23 00:00:00,253618246641.0
2016-10-24 00:00:00,253618246641.0
2016-10-25 00:00:00,253618246641.0
2016-10-26 00:00:00,253618246641.0
2016-10-27 00:00:00,253618246641.0
2016-10-28 00:00:00,253618246641.0
2016-10-29 00:00:00,253618246641.0
2016-10-30 00:00:00,253618246641.0
2016-10-31 00:00:00,253618246641.0
2016-11-01 00:00:00,253618246641.0
2016-11-02 00:00:00,253618246641.0
2016-11-03 00:00:00,253618246641.0
2016-11-04 00:00:00,253618246641.0
2016-11-05 00:00:00,253967917207.953
2016-11-06 00:00:00,254620187304.0
2016-11-07 00:00:00,254620187304.0
2016-11-08 00:00:00,254620187304.0
2016-11-09 00:00:00,254620187304.0
2016-11-10 00:00:00,254620187304.0
2016-11-11 00:00:00,254620187304.0
2016-11-12 00:00:00,254620187304.0
2016-11-13 00:00:00,254620187304.0
2016-11-14 00:00:00,254620187304.0
2016-11-15 00:00:00,254620187304.0
2016-11-16 00:00:00,254620187304.0
2016-11-17 00:00:00,254620187304.0
2016-11-18 00:00:00,272434584596.115
2016-11-19 00:00:00,281800917193.0
2016-11-20 00:00:00,281800917193.0
2016-11-21 00:00:00,281800917193.0
2016-11-22 00:00:00,281800917193.0
2016-11-23 00:00:00,281800917193.0
2016-11-24 00:00:00,281800917193.0
2016-11-25 00:00:00,281800917193.0
2016-11-26 00:00:00,281800917193.0
2016-11-27 00:00:00,281800917193.0
2016-11-28 00:00:00,281800917193.0
2016-11-29 00:00:00,281800917193.0
2016-11-30 00:00:00,281800917193.0
2016-12-01 00:00:00,281800917193.0
2016-12-02 00:00:00,286179638739.035
2016-12-03 00:00:00,286765766820.0
2016-12-04 00:00:00,286765766820.0
2016-12-05 00:00:00,286765766820.0
2016-12-06 00:00:00,286765766820.0
2016-12-07 00:00:00,286765766820.0
2016-12-08 00:00:00,286765766820.0
2016-12-09 00:00:00,286765766820.0
2016-12-10 00:00:00,286765766820.0
2016-12-11 00:00:00,286765766820.0
2016-12-12 00:00:00,286765766820.0
2016-12-13 00:00:00,286765766820.0
2016-12-14 00:00:00,286765766820.0
2016-12-15 00:00:00,308312273901.189
2016-12-16 00:00:00,310153855703.0
2016-12-17 00:00:00,310153855703.0
2016-12-18 00:00:00,310153855703.0
2016-12-19 00:00:00,310153855703.0
2016-12-20 00:00:00,310153855703.0
2016-12-21 00:00:00,310153855703.0
2016-12-22 00:00:00,310153855703.0
2016-12-23 00:00:00,310153855703.0
2016-12-24 00:00:00,310153855703.0
2016-12-25 00:00:00,310153855703.0
2016-12-26 00:00:00,310153855703.0
2016-12-27 00:00:00,310153855703.0
2016-12-28 00:00:00,312083434211.183
2016-12-29 00:00:00,317688400354.0
2016-12-30 00:00:00,317688400354.0
2016-12-31 00:00:00,317688400354.0
2017-01-01 00:00:00,317688400354.0
2017-01-02 00:00:00,317688400354.0
2017-01-03 00:00:00,317688400354.0
2017-01-04 00:00:00,317688400354.0
2017-01-05 00:00:00,317688400354.0
2017-01-06 00:00:00,317688400354.0
2017-01-07 00:00:00,317688400354.0
2017-01-08 00:00:00,317688400354.0
2017-01-09 00:00:00,317688400354.0
2017-01-10 00:00:00,319489481520.344
2017-01-11 00:00:00,336899932795.0
2017-01-12 00:00:00,336899932795.0
2017-01-13 00:00:00,336899932795.0
2017-01-14 00:00:00,336899932795.0
2017-01-15 00:00:00,336899932795.0
2017-01-16 00:00:00,336899932795.0
2017-01-17 00:00:00,336899932795.0
2017-01-18 00:00:00,336899932795.0
2017-01-19 00:00:00,336899932795.0
2017-01-20 00:00:00,336899932795.0
2017-01-21 00:00:00,336899932795.0
2017-01-22 00:00:00,339477557142.08
2017-01-23 00:00:00,392963262344.0
2017-01-24 00:00:00,392963262344.0
2017-01-25 00:00:00,392963262344.0
2017-01-26 00:00:00,392963262344.0
2017-01-27 00:00:00,392963262344.0
2017-01-28 00:00:00,392963262344.0
2017-01-29 00:00:00,392963262344.0
2017-01-30 00:00:00,392963262344.0
2017-01-31 00:00:00,392963262344.0
2017-02-01 00:00:00,392963262344.0
2017-02-02 00:00:00,392963262344.0
2017-02-03 00:00:00,392963262344.0
2017-02-04 00:00:00,393567551403.428
2017-02-05 00:00:00,422170566883.0
2017-02-06 00:00:00,422170566883.0
2017-02-07 00:00:00,422170566883.0
2017-02-08 00:00:00,422170566883.0
2017-02-09 00:00:00,422170566883.0
2017-02-10 00:00:00,422170566883.0
2017-02-11 00:00:00,422170566883.0
2017-02-12 00:00:00,422170566883.0
2017-02-13 00:00:00,422170566883.0
2017-02-14 00:00:00,422170566883.0
2017-02-15 00:00:00,422170566883.0
2017-02-16 00:00:00,422170566883.0
2017-02-17 00:00:00,422170566883.0
2017-02-18 00:00:00,432944392642.632
2017-02-19 00:00:00,440779902286.0
2017-02-20 00:00:00,440779902286.0
2017-02-21 00:00:00,440779902286.0
2017-02-22 00:00:00,440779902286.0
2017-02-23 00:00:00,440779902286.0
2017-02-24 00:00:00,440779902286.0
2017-02-25 00:00:00,440779902286.0
2017-02-26 00:00:00,440779902286.0
2017-02-27 00:00:00,440779902286.0
2017-02-28 00:00:00,440779902286.0
2017-03-01 00:00:00,440779902286.0
2017-03-02 00:00:00,440779902286.0
2017-03-03 00:00:00,445545600358.477
2017-03-04 00:00:00,460769358090.0
2017-03-05 00:00:00,460769358090.0
2017-03-06 00:00:00,460769358090.0
2017-03-07 00:00:00,460769358090.0
2017-03-08 00:00:00,460769358090.0
2017-03-09 00:00:00,460769358090.0
2017-03-10 00:00:00,460769358090.0
2017-03-11 00:00:00,460769358090.0
2017-03-12 00:00:00,460769358090.0
2017-03-13 00:00:00,460769358090.0
2017-03-14 00:00:00,460769358090.0
2017-03-15 00:00:00,460769358090.0
2017-03-16 00:00:00,460769358090.0
2017-03-17 00:00:00,469886043903.468
2017-03-18 00:00:00,475705205061.0
2017-03-19 00:00:00,475705205061.0
2017-03-20 00:00:00,475705205061.0
2017-03-21 00:00:00,475705205061.0
2017-03-22 00:00:00,475705205061.0
2017-03-23 00:00:00,475705205061.0
2017-03-24 00:00:00,475705205061.0
2017-03-25 00:00:00,475705205061.0
2017-03-26 00:00:00,475705205061.0
2017-03-27 00:00:00,475705205061.0
2017-03-28 00:00:00,475705205061.0
2017-03-29 00:00:00,475705205061.0
2017-03-30 00:00:00,482855238676.823
2017-03-31 00:00:00,499635929816.0
2017-04-01 00:00:00,499635929816.0
2017-04-02 00:00:00,499635929816.0
2017-04-03 00:00:00,499635929816.0
2017-04-04 00:00:00,499635929816.0
2017-04-05 00:00:00,499635929816.0
2017-04-06 00:00:00,499635929816.0
2017-04-07 00:00:00,499635929816.0
2017-04-08 00:00:00,499635929816.0
2017-04-09 00:00:00,499635929816.0
2017-04-10 00:00:00,499635929816.0
2017-04-11 00:00:00,499635929816.0
2017-04-12 00:00:00,499635929816.0
2017-04-13 00:00:00,517807877351.858
2017-04-14 00:00:00,520808749422.0
2017-04-15 00:00:00,520808749422.0
2017-04-16 00:00:00,520808749422.0
2017-04-17 00:00:00,520808749422.0
2017-04-18 00:00:00,520808749422.0
2017-04-19 00:00:00,520808749422.0
2017-04-20 00:00:00,520808749422.0
2017-04-21 00:00:00,520808749422.0
2017-04-22 00:00:00,520808749422.0
2017-04-23 00:00:00,520808749422.0
2017-04-24 00:00:00,520808749422.0
2017-04-25 00:00:00,520808749422.0
2017-04-26 00:00:00,520808749422.0
2017-04-27 00:00:00,521839702599.075
2017-04-28 00:00:00,521974519553.0
2017-04-29 00:00:00,521974519553.0
2017-04-30 00:00:00,521974519553.0
2017-05-01 00:00:00,521974519553.0
2017-05-02 00:00:00,521974519553.0
2017-05-03 00:00:00,521974519553.0
2017-05-04 00:00:00,521974519553.0
2017-05-05 00:00:00,521974519553.0
2017-05-06 00:00:00,521974519553.0
2017-05-07 00:00:00,521974519553.0
2017-05-08 00:00:00,521974519553.0
2017-05-09 00:00:00,521974519553.0
2017-05-10 00:00:00,555092980096.736
2017-05-11 00:00:00,559970892890.0
2017-05-12 00:00:00,559970892890.0
2017-05-13 00:00:00,559970892890.0
2017-05-14 00:00:00,559970892890.0
2017-05-15 00:00:00,559970892890.0
2017-05-16 00:00:00,559970892890.0
2017-05-17 00:00:00,559970892890.0
2017-05-18 00:00:00,559970892890.0
2017-05-19 00:00:00,559970892890.0
2017-05-20 00:00:00,559970892890.0
2017-05-21 00:00:00,559970892890.0
2017-05-22 00:00:00,559970892890.0
2017-05-23 00:00:00,584152236544.97
2017-05-24 00:00:00,595921917085.0
2017-05-25 00:00:00,595921917085.0
2017-05-26 00:00:00,595921917085.0
2017-05-27 00:00:00,595921917085.0
2017-05-28 00:00:00,595921917085.0
2017-05-29 00:00:00,595921917085.0
2017-05-30 00:00:00,595921917085.0
2017-05-31 00:00:00,595921917085.0
2017-06-01 00:00:00,595921917085.0
2017-06-02 00:00:00,595921917085.0
2017-06-03 00:00:00,595921917085.0
2017-06-04 00:00:00,628336862170.783
2017-06-05 00:00:00,678760110082.0
2017-06-06 00:00:00,678760110082.0
2017-06-07 00:00:00,678760110082.0
2017-06-08 00:00:00,678760110082.0
2017-06-09 00:00:00,678760110082.0
2017-06-10 00:00:00,678760110082.0
2017-06-11 00:00:00,678760110082.0
2017-06-12 00:00:00,678760110082.0
2017-06-13 00:00:00,678760110082.0
2017-06-14 00:00:00,678760110082.0
2017-06-15 00:00:00,678760110082.0
2017-06-16 00:00:00,678760110082.0
2017-06-17 00:00:00,679668719408.648
2017-06-18 00:00:00,711697198173.0
2017-06-19 00:00:00,711697198173.0
2017-06-20 00:00:00,711697198173.0
2017-06-21 00:00:00,711697198173.0
2017-06-22 00:00:00,711697198173.0
2017-06-23 00:00:00,711697198173.0
2017-06-24 00:00:00,711697198173.0
2017-06-25 00:00:00,711697198173.0
2017-06-26 00:00:00,711697198173.0
2017-06-27 00:00:00,711697198173.0
2017-06-28 00:00:00,711697198173.0
2017-06-29 00:00:00,711697198173.0
2017-06-30 00:00:00,711697198173.0
2017-07-01 00:00:00,711697198173.0
2017-07-02 00:00:00,708707940675.899
2017-07-03 00:00:00,708659466230.0
2017-07-04 00:00:00,708659466230.0
2017-07-05 00:00:00,708659466230.0
2017-07-06 00:00:00,708659466230.0
2017-07-07 00:00:00,708659466230.0
2017-07-08 00:00:00,708659466230.0
2017-07-09 00:00:00,708659466230.0
2017-07-10 00:00:00,708659466230.0
2017-07-11 00:00:00,708659466230.0
2017-07-12 00:00:00,708659466230.0
2017-07-13 00:00:00,708659466230.0
2017-07-14 00:00:00,761764941640.259
2017-07-15 00:00:00,804525194568.0
2017-07-16 00:00:00,804525194568.0
2017-07-17 00:00:00,804525194568.0
2017-07-18 00:00:00,804525194568.0
2017-07-19 00:00:00,804525194568.0
2017-07-20 00:00:00,804525194568.0
2017-07-21 00:00:00,804525194568.0
2017-07-22 00:00:00,804525194568.0
2017-07-23 00:00:00,804525194568.0
2017-07-24 00:00:00,804525194568.0
2017-07-25 00:00:00,804525194568.0
2017-07-26 00:00:00,804525194568.0
2017-07-27 00:00:00,836351931635.429
2017-07-28 00:00:00,860221984436.0
2017-07-29 00:00:00,860221984436.0
2017-07-30 00:00:00,860221984436.0
2017-07-31 00:00:00,860221984436.0
2017-08-01 00:00:00,860221984436.0
2017-08-02 00:00:00,860221984436.0
2017-08-03 00:00:00,860221984436.0
2017-08-04 00:00:00,860221984436.0
2017-08-05 00:00:00,860221984436.0
2017-08-06 00:00:00,860221984436.0
2017-08-07 00:00:00,860221984436.0
2017-08-08 00:00:00,860221984436.0
2017-08-09 00:00:00,888074709977.536
2017-08-10 00:00:00,923233068448.0
2017-08-11 00:00:00,923233068448.0
2017-08-12 00:00:00,923233068448.0
2017-08-13 00:00:00,923233068448.0
2017-08-14 00:00:00,923233068448.0
2017-08-15 00:00:00,923233068448.0
2017-08-16 00:00:00,923233068448.0
2017-08-17 00:00:00,923233068448.0
2017-08-18 00:00:00,923233068448.0
2017-08-19 00:00:00,923233068448.0
2017-08-20 00:00:00,923233068448.0
2017-08-21 00:00:00,923233068448.0
2017-08-22 00:00:00,923233068448.0
2017-08-23 00:00:00,923233068448.0
2017-08-24 00:00:00,891643263404.624
2017-08-25 00:00:00,888171856257.0
2017-08-26 00:00:00,888171856257.0
2017-08-27 00:00:00,888171856257.0
2017-08-28 00:00:00,888171856257.0
2017-08-29 00:00:00,888171856257.0
2017-08-30 00:00:00,888171856257.0
2017-08-31 00:00:00,888171856257.0
2017-09-01 00:00:00,888171856257.0
2017-09-02 00:00:00,888171856257.0
2017-09-03 00:00:00,888171856257.0
2017-09-04 00:00:00,888171856257.0
2017-09-05 00:00:00,888171856257.0
2017-09-06 00:00:00,903315386418.901
2017-09-07 00:00:00,922724699725.0
2017-09-08 00:00:00,922724699725.0
2017-09-09 00:00:00,922724699725.0
2017-09-10 00:00:00,922724699725.0
2017-09-11 00:00:00,922724699725.0
2017-09-12 00:00:00,922724699725.0
2017-09-13 00:00:00,922724699725.0
2017-09-14 00:00:00,922724699725.0
2017-09-15 00:00:00,922724699725.0
2017-09-16 00:00:00,922724699725.0
2017-09-17 00:00:00,922724699725.0
2017-09-18 00:00:00,1052185622754.52
2017-09-19 00:00:00,1103400932964.0
2017-09-20 00:00:00,1103400932964.0
2017-09-21 00:00:00,1103400932964.0
2017-09-22 00:00:00,1103400932964.0
2017-09-23 00:00:00,1103400932964.0
2017-09-24 00:00:00,1103400932964.0
2017-09-25 00:00:00,1103400932964.0
2017-09-26 00:00:00,1103400932964.0
2017-09-27 00:00:00,1103400932964.0
2017-09-28 00:00:00,1103400932964.0
2017-09-29 00:00:00,1103400932964.0
2017-09-30 00:00:00,1103400932964.0
2017-10-01 00:00:00,1103400932964.0
2017-10-02 00:00:00,1123590453769.76
2017-10-03 00:00:00,1123863285132.0
2017-10-04 00:00:00,1123863285132.0
2017-10-05 00:00:00,1123863285132.0
2017-10-06 00:00:00,1123863285132.0
2017-10-07 00:00:00,1123863285132.0
2017-10-08 00:00:00,1123863285132.0
2017-10-09 00:00:00,1123863285132.0
2017-10-10 00:00:00,1123863285132.0
2017-10-11 00:00:00,1123863285132.0
2017-10-12 00:00:00,1123863285132.0
2017-10-13 00:00:00,1123863285132.0
2017-10-14 00:00:00,1123863285132.0
2017-10-15 00:00:00,1182954806242.91
2017-10-16 00:00:00,1196792694098.0
2017-10-17 00:00:00,1196792694098.0
2017-10-18 00:00:00,1196792694098.0
2017-10-19 00:00:00,1196792694098.0
2017-10-20 00:00:00,1196792694098.0
2017-10-21 00:00:00,1196792694098.0
2017-10-22 00:00:00,1196792694098.0
2017-10-23 00:00:00,1196792694098.0
2017-10-24 00:00:00,1196792694098.0
2017-10-25 00:00:00,1196792694098.0
2017-10-26 00:00:00,1233777273049.23
2017-10-27 00:00:00,1452839779145.0
2017-10-28 00:00:00,1452839779145.0
2017-10-29 00:00:00,1452839779145.0
2017-10-30 00:00:00,1452839779145.0
2017-10-31 00:00:00,1452839779145.0
2017-11-01 00:00:00,1452839779145.0
2017-11-02 00:00:00,1452839779145.0
2017-11-03 00:00:00,1452839779145.0
2017-11-04 00:00:00,1452839779145.0
2017-11-05 00:00:00,1452839779145.0
2017-11-06 00:00:00,1452839779145.0
2017-11-07 00:00:00,1452839779145.0
2017-11-08 00:00:00,1452839779145.0
2017-11-09 00:00:00,1452839779145.0
2017-11-10 00:00:00,1423367213138.33
2017-11-11 00:00:00,1364422081125.0
2017-11-12 00:00:00,1364422081125.0
2017-11-13 00:00:00,1364422081125.0
2017-11-14 00:00:00,1364422081125.0
2017-11-15 00:00:00,1364422081125.0
2017-11-16 00:00:00,1364422081125.0
2017-11-17 00:00:00,1364422081125.0
2017-11-18 00:00:00,1364422081125.0
2017-11-19 00:00:00,1364422081125.0
2017-11-20 00:00:00,1364422081125.0
2017-11-21 00:00:00,1364422081125.0
2017-11-22 00:00:00,1364422081125.0
2017-11-23 00:00:00,1364422081125.0
2017-11-24 00:00:00,1361966821649.11
2017-11-25 00:00:00,1347001430558.0
2017-11-26 00:00:00,1347001430558.0
2017-11-27 00:00:00,1347001430558.0
2017-11-28 00:00:00,1347001430558.0
2017-11-29 00:00:00,1347001430558.0
2017-11-30 00:00:00,1347001430558.0
2017-12-01 00:00:00,1347001430558.0
2017-12-02 00:00:00,1347001430558.0
2017-12-03 00:00:00,1347001430558.0
2017-12-04 00:00:00,1347001430558.0
2017-12-05 00:00:00,1347001430558.0
2017-12-06 00:00:00,1407975304733.0
2017-12-07 00:00:00,1590896927258.0
2017-12-08 00:00:00,1590896927258.0
2017-12-09 00:00:00,1590896927258.0
2017-12-10 00:00:00,1590896927258.0
2017-12-11 00:00:00,1590896927258.0
2017-12-12 00:00:00,1590896927258.0
2017-12-13 00:00:00,1590896927258.0
2017-12-14 00:00:00,1590896927258.0
2017-12-15 00:00:00,1590896927258.0
2017-12-16 00:00:00,1590896927258.0
2017-12-17 00:00:00,1590896927258.0
2017-12-18 00:00:00,1718045833483.09
2017-12-19 00:00:00,1873105475221.0
2017-12-20 00:00:00,1873105475221.0
2017-12-21 00:00:00,1873105475221.0
2017-12-22 00:00:00,1873105475221.0
2017-12-23 00:00:00,1873105475221.0
2017-12-24 00:00:00,1873105475221.0
2017-12-25 00:00:00,1873105475221.0
2017-12-26 00:00:00,1873105475221.0
2017-12-27 00:00:00,1873105475221.0
2017-12-28 00:00:00,1873105475221.0
2017-12-29 00:00:00,1873105475221.0
2017-12-30 00:00:00,1873105475221.0
2017-12-31 00:00:00,1873105475221.0
2018-01-01 00:00:00,1922580604979.83
2018-01-02 00:00:00,1931136454487.0
2018-01-03 00:00:00,1931136454487.0
2018-01-04 00:00:00,1931136454487.0
2018-01-05 00:00:00,1931136454487.0
2018-01-06 00:00:00,1931136454487.0
2018-01-07 00:00:00,1931136454487.0
2018-01-08 00:00:00,1931136454487.0
2018-01-09 00:00:00,1931136454487.0
2018-01-10 00:00:00,1931136454487.0
2018-01-11 00:00:00,1931136454487.0
2018-01-12 00:00:00,1931136454487.0
2018-01-13 00:00:00,2134254177773.12
2018-01-14 00:00:00,2227847638503.0
2018-01-15 00:00:00,2227847638503.0
2018-01-16 00:00:00,2227847638503.0
2018-01-17 00:00:00,2227847638503.0
2018-01-18 00:00:00,2227847638503.0
2018-01-19 00:00:00,2227847638503.0
2018-01-20 00:00:00,2227847638503.0
2018-01-21 00:00:00,2227847638503.0
2018-01-22 00:00:00,2227847638503.0
2018-01-23 00:00:00,2227847638503.0
2018-01-24 00:00:00,2227847638503.0
2018-01-25 00:00:00,2460585023617.37
2018-01-26 00:00:00,2603077300218.0
2018-01-27 00:00:00,2603077300218.0
2018-01-28 00:00:00,2603077300218.0
2018-01-29 00:00:00,2603077300218.0
2018-01-30 00:00:00,2603077300218.0
2018-01-31 00:00:00,2603077300218.0
2018-02-01 00:00:00,2603077300218.0
2018-02-02 00:00:00,2603077300218.0
2018-02-03 00:00:00,2603077300218.0
2018-02-04 00:00:00,2603077300218.0
2018-02-05 00:00:00,2603077300218.0
2018-02-06 00:00:00,2607870187292.06
2018-02-07 00:00:00,2874674234415.0
2018-02-08 00:00:00,2874674234415.0
2018-02-09 00:00:00,2874674234415.0
2018-02-10 00:00:00,2874674234415.0
2018-02-11 00:00:00,2874674234415.0
2018-02-12 00:00:00,2874674234415.0
2018-02-13 00:00:00,2874674234415.0
2018-02-14 00:00:00,2874674234415.0
2018-02-15 00:00:00,2874674234415.0
2018-02-16 00:00:00,2874674234415.0
2018-02-17 00:00:00,2874674234415.0
2018-02-18 00:00:00,2874674234415.0
2018-02-19 00:00:00,2874674234415.0
2018-02-20 00:00:00,2967853337743.98
2018-02-21 00:00:00,3007383866429.0
2018-02-22 00:00:00,3007383866429.0
2018-02-23 00:00:00,3007383866429.0
2018-02-24 00:00:00,3007383866429.0
2018-02-25 00:00:00,3007383866429.0
2018-02-26 00:00:00,3007383866429.0
2018-02-27 00:00:00,3007383866429.0
2018-02-28 00:00:00,3007383866429.0
2018-03-01 00:00:00,3007383866429.0
2018-03-02 00:00:00,3007383866429.0
2018-03-03 00:00:00,3007383866429.0
2018-03-04 00:00:00,3007383866429.0
2018-03-05 00:00:00,3233581400367.21
2018-03-06 00:00:00,3290605988755.0
2018-03-07 00:00:00,3290605988755.0
2018-03-08 00:00:00,3290605988755.0
2018-03-09 00:00:00,3290605988755.0
2018-03-10 00:00:00,3290605988755.0
2018-03-11 00:00:00,3290605988755.0
2018-03-12 00:00:00,3290605988755.0
2018-03-13 00:00:00,3290605988755.0
2018-03-14 00:00:00,3290605988755.0
2018-03-15 00:00:00,3290605988755.0
2018-03-16 00:00:00,3290605988755.0
2018-03-17 00:00:00,3290605988755.0
2018-03-18 00:00:00,3381698122495.93
2018-03-19 00:00:00,3462542391191.0
2018-03-20 00:00:00,3462542391191.0
2018-03-21 00:00:00,3462542391191.0
2018-03-22 00:00:00,3462542391191.0
2018-03-23 00:00:00,3462542391191.0
2018-03-24 00:00:00,3462542391191.0
2018-03-25 00:00:00,3462542391191.0
2018-03-26 00:00:00,3462542391191.0
2018-03-27 00:00:00,3462542391191.0
2018-03-28 00:00:00,3462542391191.0
2018-03-29 00:00:00,3462542391191.0
2018-03-30 00:00:00,3462542391191.0
2018-03-31 00:00:00,3462542391191.0
2018-04-01 00:00:00,3494288842678.95
2018-04-02 00:00:00,3511060552899.0
2018-04-03 00:00:00,3511060552899.0
2018-04-04 00:00:00,3511060552899.0
2018-04-05 00:00:00,3511060552899.0
2018-04-06 00:00:00,3511060552899.0
2018-04-07 00:00:00,3511060552899.0
2018-04-08 00:00:00,3511060552899.0
2018-04-09 00:00:00,3511060552899.0
2018-04-10 00:00:00,3511060552899.0
2018-04-11 00:00:00,3511060552899.0
2018-04-12 00:00:00,3511060552899.0
2018-04-13 00:00:00,3511060552899.0
2018-04-14 00:00:00,3796188328004.62
2018-04-15 00:00:00,3839316899029.0
2018-04-16 00:00:00,3839316899029.0
2018-04-17 00:00:00,3839316899029.0
2018-04-18 00:00:00,3839316899029.0
2018-04-19 00:00:00,3839316899029.0
2018-04-20 00:00:00,3839316899029.0
2018-04-21 00:00:00,3839316899029.0
2018-04-22 00:00:00,3839316899029.0
2018-04-23 00:00:00,3839316899029.0
2018-04-24 00:00:00,3839316899029.0
2018-04-25 00:00:00,3839316899029.0
2018-04-26 00:00:00,3839316899029.0
2018-04-27 00:00:00,3943557223451.08
2018-04-28 00:00:00,4022059196164.0
2018-04-29 00:00:00,4022059196164.0
2018-04-30 00:00:00,4022059196164.0
2018-05-01 00:00:00,4022059196164.0
2018-05-02 00:00:00,4022059196164.0
2018-05-03 00:00:00,4022059196164.0
2018-05-04 00:00:00,4022059196164.0
2018-05-05 00:00:00,4022059196164.0
2018-05-06 00:00:00,4022059196164.0
2018-05-07 00:00:00,4022059196164.0
2018-05-08 00:00:00,4022059196164.0
2018-05-09 00:00:00,4022059196164.0
2018-05-10 00:00:00,4022059196164.0
2018-05-11 00:00:00,4138123233245.81
2018-05-12 00:00:00,4143878474754.0
2018-05-13 00:00:00,4143878474754.0
2018-05-14 00:00:00,4143878474754.0
2018-05-15 00:00:00,4143878474754.0
2018-05-16 00:00:00,4143878474754.0
2018-05-17 00:00:00,4143878474754.0
2018-05-18 00:00:00,4143878474754.0
2018-05-19 00:00:00,4143878474754.0
2018-05-20 00:00:00,4143878474754.0
2018-05-21 00:00:00,4143878474754.0
2018-05-22 00:00:00,4143878474754.0
2018-05-23 00:00:00,4143878474754.0
2018-05-24 00:00:00,4219142059012.62
2018-05-25 00:00:00,4306949573981.0
2018-05-26 00:00:00,4306949573981.0
2018-05-27 00:00:00,4306949573981.0
2018-05-28 00:00:00,4306949573981.0
2018-05-29 00:00:00,4306949573981.0
2018-05-30 00:00:00,4306949573981.0
2018-05-31 00:00:00,4306949573981.0
2018-06-01 00:00:00,4306949573981.0
2018-06-02 00:00:00,4306949573981.0
2018-06-03 00:00:00,4306949573981.0
2018-06-04 00:00:00,4306949573981.0
2018-06-05 00:00:00,4415593341673.57
2018-06-06 00:00:00,4940704885521.0
2018-06-07 00:00:00,4940704885521.0
2018-06-08 00:00:00,4940704885521.0
2018-06-09 00:00:00,4940704885521.0
2018-06-10 00:00:00,4940704885521.0
2018-06-11 00:00:00,4940704885521.0
2018-06-12 00:00:00,4940704885521.0
2018-06-13 00:00:00,4940704885521.0
2018-06-14 00:00:00,4940704885521.0
2018-06-15 00:00:00,4940704885521.0
2018-06-16 00:00:00,4940704885521.0
2018-06-17 00:00:00,4940704885521.0
2018-06-18 00:00:00,4940704885521.0
2018-06-19 00:00:00,5024546460933.97
2018-06-20 00:00:00,5077499034879.0
2018-06-21 00:00:00,5077499034879.0
2018-06-22 00:00:00,5077499034879.0
2018-06-23 00:00:00,5077499034879.0
2018-06-24 00:00:00,5077499034879.0
2018-06-25 00:00:00,5077499034879.0
2018-06-26 00:00:00,5077499034879.0
2018-06-27 00:00:00,5077499034879.0
2018-06-28 00:00:00,5077499034879.0
2018-06-29 00:00:00,5077499034879.0
2018-06-30 00:00:00,5077499034879.0
2018-07-01 00:00:00,5077499034879.0
2018-07-02 00:00:00,5172892177079.67
2018-07-03 00:00:00,5363678461481.0
2018-07-04 00:00:00,5363678461481.0
2018-07-05 00:00:00,5363678461481.0
2018-07-06 00:00:00,5363678461481.0
2018-07-07 00:00:00,5363678461481.0
2018-07-08 00:00:00,5363678461481.0
2018-07-09 00:00:00,5363678461481.0
2018-07-10 00:00:00,5363678461481.0
2018-07-11 00:00:00,5363678461481.0
2018-07-12 00:00:00,5363678461481.0
2018-07-13 00:00:00,5363678461481.0
2018-07-14 00:00:00,5363678461481.0
2018-07-15 00:00:00,5363678461481.0
2018-07-16 00:00:00,5363678461481.0
2018-07-17 00:00:00,5199615302174.91
2018-07-18 00:00:00,5178671069072.0
2018-07-19 00:00:00,5178671069072.0
2018-07-20 00:00:00,5178671069072.0
2018-07-21 00:00:00,5178671069072.0
2018-07-22 00:00:00,5178671069072.0
2018-07-23 00:00:00,5178671069072.0
2018-07-24 00:00:00,5178671069072.0
2018-07-25 00:00:00,5178671069072.0
2018-07-26 00:00:00,5178671069072.0
2018-07-27 00:00:00,5178671069072.0
2018-07-28 00:00:00,5178671069072.0
2018-07-29 00:00:00,5595791656327.32
2018-07-30 00:00:00,5949437371609.0
2018-07-31 00:00:00,5949437371609.0
2018-08-01 00:00:00,5949437371609.0
2018-08-02 00:00:00,5949437371609.0
2018-08-03 00:00:00,5949437371609.0
2018-08-04 00:00:00,5949437371610.0
2018-08-05 00:00:00,5949437371610.0
2018-08-06 00:00:00,5949437371610.0
2018-08-07 00:00:00,5949437371610.0
2018-08-08 00:00:00,5949437371610.0
2018-08-09 00:00:00,5949437371610.0
2018-08-10 00:00:00,5949437371610.0
2018-08-11 00:00:00,6197839919507.6
2018-08-12 00:00:00,6389316883512.0
2018-08-13 00:00:00,6389316883512.0
2018-08-14 00:00:00,6389316883512.0
2018-08-15 00:00:00,6389316883512.0
2018-08-16 00:00:00,6389316883512.0
2018-08-17 00:00:00,6389316883512.0
2018-08-18 00:00:00,6389316883512.0
2018-08-19 00:00:00,6389316883512.0
2018-08-20 00:00:00,6389316883512.0
2018-08-21 00:00:00,6389316883512.0
2018-08-22 00:00:00,6389316883512.0
2018-08-23 00:00:00,6389316883512.0
2018-08-24 00:00:00,6505039002077.41
2018-08-25 00:00:00,6727225469723.0
2018-08-26 00:00:00,6727225469723.0
2018-08-27 00:00:00,6727225469723.0
2018-08-28 00:00:00,6727225469723.0
2018-08-29 00:00:00,6727225469723.0
2018-08-30 00:00:00,6727225469723.0
2018-08-31 00:00:00,6727225469723.0
2018-09-01 00:00:00,6727225469723.0
2018-09-02 00:00:00,6727225469723.0
2018-09-03 00:00:00,6727225469723.0
2018-09-04 00:00:00,6727225469723.0
2018-09-05 00:00:00,6727225469723.0
2018-09-06 00:00:00,6727225469723.0
2018-09-07 00:00:00,6971177230937.86
2018-09-08 00:00:00,7019199231177.0
2018-09-09 00:00:00,7019199231177.0
2018-09-10 00:00:00,7019199231177.0
2018-09-11 00:00:00,7019199231177.0
2018-09-12 00:00:00,7019199231177.0
2018-09-13 00:00:00,7019199231177.0
2018-09-14 00:00:00,7019199231177.0
2018-09-15 00:00:00,7019199231177.0
2018-09-16 00:00:00,7019199231177.0
2018-09-17 00:00:00,7019199231177.0
2018-09-18 00:00:00,7019199231177.0
2018-09-19 00:00:00,7019199231177.0
2018-09-20 00:00:00,7031329605788.73
2018-09-21 00:00:00,7152633351906.0
2018-09-22 00:00:00,7152633351906.0
2018-09-23 00:00:00,7152633351906.0
2018-09-24 00:00:00,7152633351906.0
2018-09-25 00:00:00,7152633351906.0
2018-09-26 00:00:00,7152633351906.0
2018-09-27 00:00:00,7152633351906.0
2018-09-28 00:00:00,7152633351906.0
2018-09-29 00:00:00,7152633351906.0
2018-09-30 00:00:00,7152633351906.0
2018-10-01 00:00:00,7152633351906.0
2018-10-02 00:00:00,7152633351906.0
2018-10-03 00:00:00,7152633351906.0
2018-10-04 00:00:00,7364268059355.9
2018-10-05 00:00:00,7454968648263.0
2018-10-06 00:00:00,7454968648263.0
2018-10-07 00:00:00,7454968648263.0
2018-10-08 00:00:00,7454968648263.0
2018-10-09 00:00:00,7454968648263.0
2018-10-10 00:00:00,7454968648263.0
2018-10-11 00:00:00,7454968648263.0
2018-10-12 00:00:00,7454968648263.0
2018-10-13 00:00:00,7454968648263.0
2018-10-14 00:00:00,7454968648263.0
2018-10-15 00:00:00,7454968648263.0
2018-10-16 00:00:00,7454968648263.0
2018-10-17 00:00:00,7454968648263.0
2018-10-18 00:00:00,7427362643331.48
2018-10-19 00:00:00,7182852313938.0
2018-10-20 00:00:00,7182852313938.0
2018-10-21 00:00:00,7182852313938.0
2018-10-22 00:00:00,7182852313938.0
2018-10-23 00:00:00,7182852313938.0
2018-10-24 00:00:00,7182852313938.0
2018-10-25 00:00:00,7182852313938.0
2018-10-26 00:00:00,7182852313938.0
2018-10-27 00:00:00,7182852313938.0
2018-10-28 00:00:00,7182852313938.0
2018-10-29 00:00:00,7182852313938.0
2018-10-30 00:00:00,7182852313938.0
2018-10-31 00:00:00,7182852313938.0
2018-11-01 00:00:00,7183013626017.38
2018-11-02 00:00:00,7184404942702.0
2018-11-03 00:00:00,7184404942702.0
2018-11-04 00:00:00,7184404942702.0
2018-11-05 00:00:00,7184404942702.0
2018-11-06 00:00:00,7184404942702.0
2018-11-07 00:00:00,7184404942702.0
2018-11-08 00:00:00,7184404942702.0
2018-11-09 00:00:00,7184404942702.0
2018-11-10 00:00:00,7184404942702.0
2018-11-11 00:00:00,7184404942702.0
2018-11-12 00:00:00,7184404942702.0
2018-11-13 00:00:00,7184404942702.0
2018-11-14 00:00:00,7184404942702.0
2018-11-15 00:00:00,7184404942702.0
2018-11-16 00:00:00,7175974755379.84
2018-11-17 00:00:00,6653303141406.0
2018-11-18 00:00:00,6653303141406.0
2018-11-19 00:00:00,6653303141406.0
2018-11-20 00:00:00,6653303141406.0
2018-11-21 00:00:00,6653303141406.0
2018-11-22 00:00:00,6653303141406.0
2018-11-23 00:00:00,6653303141406.0
2018-11-24 00:00:00,6653303141406.0
2018-11-25 00:00:00,6653303141406.0
2018-11-26 00:00:00,6653303141406.0
2018-11-27 00:00:00,6653303141406.0
2018-11-28 00:00:00,6653303141406.0
2018-11-29 00:00:00,6653303141406.0
2018-11-30 00:00:00,6653303141406.0
2018-12-01 00:00:00,6653303141406.0
2018-12-02 00:00:00,6653303141406.0
2018-12-03 00:00:00,6194015746026.25
2018-12-04 00:00:00,5646403851535.0
2018-12-05 00:00:00,5646403851535.0
2018-12-06 00:00:00,5646403851535.0
2018-12-07 00:00:00,5646403851535.0
2018-12-08 00:00:00,5646403851535.0
2018-12-09 00:00:00,5646403851535.0
2018-12-10 00:00:00,5646403851535.0
2018-12-11 00:00:00,5646403851535.0
2018-12-12 00:00:00,5646403851535.0
2018-12-13 00:00:00,5646403851535.0
2018-12-14 00:00:00,5646403851535.0
2018-12-15 00:00:00,5646403851535.0
2018-12-16 00:00:00,5646403851535.0
2018-12-17 00:00:00,5646403851535.0
2018-12-18 00:00:00,5621092245587.73
2018-12-19 00:00:00,5106422924660.0
2018-12-20 00:00:00,5106422924660.0
2018-12-21 00:00:00,5106422924660.0
2018-12-22 00:00:00,5106422924660.0
2018-12-23 00:00:00,5106422924660.0
2018-12-24 00:00:00,5106422924660.0
2018-12-25 00:00:00,5106422924660.0
2018-12-26 00:00:00,5106422924660.0
2018-12-27 00:00:00,5106422924660.0
2018-12-28 00:00:00,5106422924660.0
2018-12-29 00:00:00,5106422924660.0
2018-12-30 00:00:00,5106422924660.0
2018-12-31 00:00:00,5248509606855.48
2019-01-01 00:00:00,5618595848853.0
2019-01-02 00:00:00,5618595848853.0
2019-01-03 00:00:00,5618595848853.0
2019-01-04 00:00:00,5618595848853.0
2019-01-05 00:00:00,5618595848853.0
2019-01-06 00:00:00,5618595848853.0
2019-01-07 00:00:00,5618595848853.0
2019-01-08 00:00:00,5618595848853.0
2019-01-09 00:00:00,5618595848853.0
2019-01-10 00:00:00,5618595848853.0
2019-01-11 00:00:00,5618595848853.0
2019-01-12 00:00:00,5618595848853.0
2019-01-13 00:00:00,5618595848853.0
2019-01-14 00:00:00,5862614531725.31
2019-01-15 00:00:00,5883988430955.0
2019-01-16 00:00:00,5883988430955.0
2019-01-17 00:00:00,5883988430955.0
2019-01-18 00:00:00,5883988430955.0
2019-01-19 00:00:00,5883988430955.0
2019-01-20 00:00:00,5883988430955.0
2019-01-21 00:00:00,5883988430955.0
2019-01-22 00:00:00,5883988430955.0
2019-01-23 00:00:00,5883988430955.0
2019-01-24 00:00:00,5883988430955.0
2019-01-25 00:00:00,5883988430955.0
2019-01-26 00:00:00,5883988430955.0
2019-01-27 00:00:00,5883988430955.0
2019-01-28 00:00:00,5836655168808.54
2019-01-29 00:00:00,5814661935892.0
2019-01-30 00:00:00,5814661935892.0
2019-01-31 00:00:00,5814661935892.0
2019-02-01 00:00:00,5814661935892.0
2019-02-02 00:00:00,5814661935892.0
2019-02-03 00:00:00,5814661935892.0
2019-02-04 00:00:00,5814661935892.0
2019-02-05 00:00:00,5814661935892.0
2019-02-06 00:00:00,5814661935892.0
2019-02-07 00:00:00,5814661935892.0
2019-02-08 00:00:00,5814661935892.0
2019-02-09 00:00:00,5814661935892.0
2019-02-10 00:00:00,5894008795042.54
2019-02-11 00:00:00,6061518831027.0
2019-02-12 00:00:00,6061518831027.0
2019-02-13 00:00:00,6061518831027.0
2019-02-14 00:00:00,6061518831027.0
2019-02-15 00:00:00,6061518831027.0
2019-02-16 00:00:00,6061518831027.0
2019-02-17 00:00:00,6061518831027.0
2019-02-18 00:00:00,6061518831027.0
2019-02-19 00:00:00,6061518831027.0
2019-02-20 00:00:00,6061518831027.0
2019-02-21 00:00:00,6061518831027.0
2019-02-22 00:00:00,6061518831027.0
2019-02-23 00:00:00,6061518831027.0
2019-02-24 00:00:00,6064081790460.55
2019-02-25 00:00:00,6071846049921.0
2019-02-26 00:00:00,6071846049921.0
2019-02-27 00:00:00,6071846049921.0
2019-02-28 00:00:00,6071846049921.0
2019-03-01 00:00:00,6071846049921.0
2019-03-02 00:00:00,6071846049921.0
2019-03-03 00:00:00,6071846049921.0
2019-03-04 00:00:00,6071846049921.0
2019-03-05 00:00:00,6071846049921.0
2019-03-06 00:00:00,6071846049921.0
2019-03-07 00:00:00,6071846049921.0
2019-03-08 00:00:00,6071846049921.0
2019-03-09 00:00:00,6071846049921.0
2019-03-10 00:00:00,6071216044486.62
2019-03-11 00:00:00,6068891541677.0
2019-03-12 00:00:00,6068891541677.0
2019-03-13 00:00:00,6068891541677.0
2019-03-14 00:00:00,6068891541677.0
2019-03-15 00:00:00,6068891541677.0
2019-03-16 00:00:00,6068891541677.0
2019-03-17 00:00:00,6068891541677.0
2019-03-18 00:00:00,6068891541677.0
2019-03-19 00:00:00,6068891541677.0
2019-03-20 00:00:00,6068891541677.0
2019-03-21 00:00:00,6068891541677.0
2019-03-22 00:00:00,6068891541677.0
2019-03-23 00:00:00,6068891541677.0
2019-03-24 00:00:00,6368919654419.87
2019-03-25 00:00:00,6379265451411.0
2019-03-26 00:00:00,6379265451411.0
2019-03-27 00:00:00,6379265451411.0
2019-03-28 00:00:00,6379265451411.0
2019-03-29 00:00:00,6379265451411.0
2019-03-30 00:00:00,6379265451411.0
2019-03-31 00:00:00,6379265451411.0
2019-04-01 00:00:00,6379265451411.0
2019-04-02 00:00:00,6379265451411.0
2019-04-03 00:00:00,6379265451411.0
2019-04-04 00:00:00,6379265451411.0
2019-04-05 00:00:00,6379265451411.0
2019-04-06 00:00:00,6379562392399.29
2019-04-07 00:00:00,6393023717202.0
2019-04-08 00:00:00,6393023717202.0
2019-04-09 00:00:00,6393023717202.0
2019-04-10 00:00:00,6393023717202.0
2019-04-11 00:00:00,6393023717202.0
2019-04-12 00:00:00,6393023717202.0
2019-04-13 00:00:00,6393023717202.0
2019-04-14 00:00:00,6393023717202.0
2019-04-15 00:00:00,6393023717202.0
2019-04-16 00:00:00,6393023717202.0
2019-04-17 00:00:00,6393023717202.0
2019-04-18 00:00:00,6393023717202.0
2019-04-19 00:00:00,6393023717202.0
2019-04-20 00:00:00,6393023717202.0
2019-04-21 00:00:00,6357721118108.33
2019-04-22 00:00:00,6353030562984.0
2019-04-23 00:00:00,6353030562984.0
2019-04-24 00:00:00,6353030562984.0
2019-04-25 00:00:00,6353030562984.0
2019-04-26 00:00:00,6353030562984.0
2019-04-27 00:00:00,6353030562984.0
2019-04-28 00:00:00,6353030562984.0
2019-04-29 00:00:00,6353030562984.0
2019-04-30 00:00:00,6353030562984.0
2019-05-01 00:00:00,6353030562984.0
2019-05-02 00:00:00,6353030562984.0
2019-05-03 00:00:00,6353030562984.0
2019-05-04 00:00:00,6554050172254.76
2019-05-05 00:00:00,6702169884349.0
2019-05-06 00:00:00,6702169884349.0
2019-05-07 00:00:00,6702169884349.0
2019-05-08 00:00:00,6702169884349.0
2019-05-09 00:00:00,6702169884349.0
2019-05-10 00:00:00,6702169884349.0
2019-05-11 00:00:00,6702169884349.0
2019-05-12 00:00:00,6702169884349.0
2019-05-13 00:00:00,6702169884349.0
2019-05-14 00:00:00,6702169884349.0
2019-05-15 00:00:00,6702169884349.0
2019-05-16 00:00:00,6702169884349.0
2019-05-17 00:00:00,6702169884349.0
2019-05-18 00:00:00,6703779555092.79
2019-05-19 00:00:00,6704632680587.0
2019-05-20 00:00:00,6704632680587.0
2019-05-21 00:00:00,6704632680587.0
2019-05-22 00:00:00,6704632680587.0
2019-05-23 00:00:00,6704632680587.0
2019-05-24 00:00:00,6704632680587.0
2019-05-25 00:00:00,6704632680587.0
2019-05-26 00:00:00,6704632680587.0
2019-05-27 00:00:00,6704632680587.0
2019-05-28 00:00:00,6704632680587.0
2019-05-29 00:00:00,6704632680587.0
2019-05-30 00:00:00,6747104132834.47
2019-05-31 00:00:00,7459680720542.0
2019-06-01 00:00:00,7459680720542.0
2019-06-02 00:00:00,7459680720542.0
2019-06-03 00:00:00,7459680720542.0
2019-06-04 00:00:00,7459680720542.0
2019-06-05 00:00:00,7459680720542.0
2019-06-06 00:00:00,7459680720542.0
2019-06-07 00:00:00,7459680720542.0
2019-06-08 00:00:00,7459680720542.0
2019-06-09 00:00:00,7459680720542.0
2019-06-10 00:00:00,7459680720542.0
2019-06-11 00:00:00,7459680720542.0
2019-06-12 00:00:00,7459680720542.0
2019-06-13 00:00:00,7459680720542.0
2019-06-14 00:00:00,7411481913588.01
2019-06-15 00:00:00,7409399249090.0
2019-06-16 00:00:00,7409399249090.0
2019-06-17 00:00:00,7409399249090.0
2019-06-18 00:00:00,7409399249090.0
2019-06-19 00:00:00,7409399249090.0
2019-06-20 00:00:00,7409399249090.0
2019-06-21 00:00:00,7409399249090.0
2019-06-22 00:00:00,7409399249090.0
2019-06-23 00:00:00,7409399249090.0
2019-06-24 00:00:00,7409399249090.0
2019-06-25 00:00:00,7409399249090.0
2019-06-26 00:00:00,7409399249090.0
2019-06-27 00:00:00,7868124124773.69
2019-06-28 00:00:00,7934713219631.0
2019-06-29 00:00:00,7934713219631.0
2019-06-30 00:00:00,7934713219631.0
2019-07-01 00:00:00,7934713219631.0
2019-07-02 00:00:00,7934713219631.0
2019-07-03 00:00:00,7934713219631.0
2019-07-04 00:00:00,7934713219631.0
2019-07-05 00:00:00,7934713219631.0
2019-07-06 00:00:00,7934713219631.0
2019-07-07 00:00:00,7934713219631.0
2019-07-08 00:00:00,7934713219631.0
2019-07-09 00:00:00,8587445349569.57
2019-07-10 00:00:00,9064159826491.0
2019-07-11 00:00:00,9064159826491.0
2019-07-12 00:00:00,9064159826491.0
2019-07-13 00:00:00,9064159826491.0
2019-07-14 00:00:00,9064159826491.0
2019-07-15 00:00:00,9064159826491.0
2019-07-16 00:00:00,9064159826491.0
2019-07-17 00:00:00,9064159826491.0
2019-07-18 00:00:00,9064159826491.0
2019-07-19 00:00:00,9064159826491.0
2019-07-20 00:00:00,9064159826491.0
2019-07-21 00:00:00,9064159826491.0
2019-07-22 00:00:00,9064159826491.0
2019-07-23 00:00:00,9033161130737.77
2019-07-24 00:00:00,9013786945892.0
2019-07-25 00:00:00,9013786945892.0
2019-07-26 00:00:00,9013786945892.0
2019-07-27 00:00:00,9013786945892.0
2019-07-28 00:00:00,9013786945892.0
2019-07-29 00:00:00,9013786945892.0
2019-07-30 00:00:00,9013786945892.0
2019-07-31 00:00:00,9013786945892.0
2019-08-01 00:00:00,9013786945892.0
2019-08-02 00:00:00,9013786945892.0
2019-08-03 00:00:00,9013786945892.0
2019-08-04 00:00:00,9013786945892.0
2019-08-05 00:00:00,9890230141833.76
2019-08-06 00:00:00,9985348008060.0
2019-08-07 00:00:00,9985348008060.0
2019-08-08 00:00:00,9985348008060.0
2019-08-09 00:00:00,9985348008060.0
2019-08-10 00:00:00,9985348008060.0
2019-08-11 00:00:00,9985348008060.0
2019-08-12 00:00:00,9985348008060.0
2019-08-13 00:00:00,9985348008060.0
2019-08-14 00:00:00,9985348008060.0
2019-08-15 00:00:00,9985348008060.0
2019-08-16 00:00:00,9985348008060.0
2019-08-17 00:00:00,9985348008060.0
2019-08-18 00:00:00,10016798869144.1
2019-08-19 00:00:00,10183488432890.0
2019-08-20 00:00:00,10183488432890.0
2019-08-21 00:00:00,10183488432890.0
2019-08-22 00:00:00,10183488432890.0
2019-08-23 00:00:00,10183488432890.0
2019-08-24 00:00:00,10183488432890.0
2019-08-25 00:00:00,10183488432890.0
2019-08-26 00:00:00,10183488432890.0
2019-08-27 00:00:00,10183488432890.0
2019-08-28 00:00:00,10183488432890.0
2019-08-29 00:00:00,10183488432890.0
2019-08-30 00:00:00,10183488432890.0
2019-08-31 00:00:00,10183488432890.0
2019-09-01 00:00:00,10685572378039.5
2019-09-02 00:00:00,10771996663680.0
2019-09-03 00:00:00,10771996663680.0
2019-09-04 00:00:00,10771996663680.0
2019-09-05 00:00:00,10771996663680.0
2019-09-06 00:00:00,10771996663680.0
2019-09-07 00:00:00,10771996663680.0
2019-09-08 00:00:00,10771996663680.0
2019-09-09 00:00:00,10771996663680.0
2019-09-10 00:00:00,10771996663680.0
2019-09-11 00:00:00,10771996663680.0
2019-09-12 00:00:00,10771996663680.0
2019-09-13 00:00:00,10958429712866.0
2019-09-14 00:00:00,11890594958796.0
2019-09-15 00:00:00,11890594958796.0
2019-09-16 00:00:00,11890594958796.0
2019-09-17 00:00:00,11890594958796.0
2019-09-18 00:00:00,11890594958796.0
2019-09-19 00:00:00,11890594958796.0
2019-09-20 00:00:00,11890594958796.0
2019-09-21 00:00:00,11890594958796.0
2019-09-22 00:00:00,11890594958796.0
2019-09-23 00:00:00,11890594958796.0
2019-09-24 00:00:00,11890594958796.0
2019-09-25 00:00:00,11890594958796.0
2019-09-26 00:00:00,12017674556107.8
2019-09-27 00:00:00,12759819404409.0
2019-09-28 00:00:00,12759819404409.0
2019-09-29 00:00:00,12759819404409.0
2019-09-30 00:00:00,12759819404409.0
2019-10-01 00:00:00,12759819404409.0
2019-10-02 00:00:00,12759819404409.0
2019-10-03 00:00:00,12759819404409.0
2019-10-04 00:00:00,12759819404409.0
2019-10-05 00:00:00,12759819404409.0
2019-10-06 00:00:00,12759819404409.0
2019-10-07 00:00:00,12759819404409.0
2019-10-08 00:00:00,12759819404409.0
2019-10-09 00:00:00,12759819404409.0
2019-10-10 00:00:00,12874760266706.7
2019-10-11 00:00:00,13008091666972.0
2019-10-12 00:00:00,13008091666972.0
2019-10-13 00:00:00,13008091666972.0
2019-10-14 00:00:00,13008091666972.0
2019-10-15 00:00:00,13008091666972.0
2019-10-16 00:00:00,13008091666972.0
2019-10-17 00:00:00,13008091666972.0
2019-10-18 00:00:00,13008091666972.0
2019-10-19 00:00:00,13008091666972.0
2019-10-20 00:00:00,13008091666972.0
2019-10-21 00:00:00,13008091666972.0
2019-10-22 00:00:00,13008091666972.0
2019-10-23 00:00:00,13069108485875.8
2019-10-24 00:00:00,13691480038694.0
2019-10-25 00:00:00,13691480038694.0
2019-10-26 00:00:00,13691480038694.0
2019-10-27 00:00:00,13691480038694.0
2019-10-28 00:00:00,13691480038694.0
2019-10-29 00:00:00,13691480038694.0
2019-10-30 00:00:00,13691480038694.0
2019-10-31 00:00:00,13691480038694.0
2019-11-01 00:00:00,13691480038694.0
2019-11-02 00:00:00,13691480038694.0
2019-11-03 00:00:00,13691480038694.0
2019-11-04 00:00:00,13691480038694.0
2019-11-05 00:00:00,13691480038694.0
2019-11-06 00:00:00,13691480038694.0
2019-11-07 00:00:00,13669891710442.8
2019-11-08 00:00:00,12720005267391.0
2019-11-09 00:00:00,12720005267391.0
2019-11-10 00:00:00,12720005267391.0
2019-11-11 00:00:00,12720005267391.0
2019-11-12 00:00:00,12720005267391.0
2019-11-13 00:00:00,12720005267391.0
2019-11-14 00:00:00,12720005267391.0
2019-11-15 00:00:00,12720005267391.0
2019-11-16 00:00:00,12720005267391.0
2019-11-17 00:00:00,12720005267391.0
2019-11-18 00:00:00,12720005267391.0
2019-11-19 00:00:00,12720005267391.0
2019-11-20 00:00:00,12720005267391.0
2019-11-21 00:00:00,12795789637885.7
2019-11-22 00:00:00,12973235968800.0
2019-11-23 00:00:00,12973235968800.0
2019-11-24 00:00:00,12973235968800.0
2019-11-25 00:00:00,12973235968800.0
2019-11-26 00:00:00,12973235968800.0
2019-11-27 00:00:00,12973235968800.0
2019-11-28 00:00:00,12973235968800.0
2019-11-29 00:00:00,12973235968800.0
2019-11-30 00:00:00,12973235968800.0
2019-12-01 00:00:00,12973235968800.0
2019-12-02 00:00:00,12973235968800.0
2019-12-03 00:00:00,12973235968800.0
2019-12-04 00:00:00,12973235968800.0
2019-12-05 00:00:00,12955951549096.1
2019-12-06 00:00:00,12876842089682.0
2019-12-07 00:00:00,12876842089682.0
2019-12-08 00:00:00,12876842089682.0
2019-12-09 00:00:00,12876842089682.0
2019-12-10 00:00:00,12876842089682.0
2019-12-11 00:00:00,12876842089682.0
2019-12-12 00:00:00,12876842089682.0
2019-12-13 00:00:00,12876842089682.0
2019-12-14 00:00:00,12876842089682.0
2019-12-15 00:00:00,12876842089682.0
2019-12-16 00:00:00,12876842089682.0
2019-12-17 00:00:00,12876842089682.0
2019-12-18 00:00:00,12876842089682.0
2019-12-19 00:00:00,12892837609390.5
2019-12-20 00:00:00,12948593420946.0
2019-12-21 00:00:00,12948593420946.0
2019-12-22 00:00:00,12948593420946.0
2019-12-23 00:00:00,12948593420946.0
2019-12-24 00:00:00,12948593420946.0
2019-12-25 00:00:00,12948593420946.0
2019-12-26 00:00:00,12948593420946.0
2019-12-27 00:00:00,12948593420946.0
2019-12-28 00:00:00,12948593420946.0
2019-12-29 00:00:00,12948593420946.0
2019-12-30 00:00:00,12948593420946.0
2019-12-31 00:00:00,12948593420946.0
2020-01-01 00:00:00,13031658000898.2
2020-01-02 00:00:00,13798783827516.0
2020-01-03 00:00:00,13798783827516.0
2020-01-04 00:00:00,13798783827516.0
2020-01-05 00:00:00,13798783827516.0
2020-01-06 00:00:00,13798783827516.0
2020-01-07 00:00:00,13798783827516.0
2020-01-08 00:00:00,13798783827516.0
2020-01-09 00:00:00,13798783827516.0
2020-01-10 00:00:00,13798783827516.0
2020-01-11 00:00:00,13798783827516.0
2020-01-12 00:00:00,13798783827516.0
2020-01-13 00:00:00,13798783827516.0
2020-01-14 00:00:00,13819009697340.3
2020-01-15 00:00:00,14776367535689.0
2020-01-16 00:00:00,14776367535689.0
2020-01-17 00:00:00,14776367535689.0
2020-01-18 00:00:00,14776367535689.0
2020-01-19 00:00:00,14776367535689.0
2020-01-20 00:00:00,14776367535689.0
2020-01-21 00:00:00,14776367535689.0
2020-01-22 00:00:00,14776367535689.0
2020-01-23 00:00:00,14776367535689.0
2020-01-24 00:00:00,14776367535689.0
2020-01-25 00:00:00,14776367535689.0
2020-01-26 00:00:00,14776367535689.0
2020-01-27 00:00:00,14776367535689.0
2020-01-28 00:00:00,15203806713070.7
2020-01-29 00:00:00,15466098935555.0
2020-01-30 00:00:00,15466098935555.0
2020-01-31 00:00:00,15466098935555.0
2020-02-01 00:00:00,15466098935555.0
2020-02-02 00:00:00,15466098935555.0
2020-02-03 00:00:00,15466098935555.0
2020-02-04 00:00:00,15466098935555.0
2020-02-05 00:00:00,15466098935555.0
2020-02-06 00:00:00,15466098935555.0
2020-02-07 00:00:00,15466098935555.0
2020-02-08 00:00:00,15466098935555.0
2020-02-09 00:00:00,15466098935555.0
2020-02-10 00:00:00,15466098935555.0
2020-02-11 00:00:00,15521134947902.1
2020-02-12 00:00:00,15546745765529.0
2020-02-13 00:00:00,15546745765529.0
2020-02-14 00:00:00,15546745765529.0
2020-02-15 00:00:00,15546745765529.0
2020-02-16 00:00:00,15546745765529.0
2020-02-17 00:00:00,15546745765529.0
2020-02-18 00:00:00,15546745765529.0
2020-02-19 00:00:00,15546745765529.0
2020-02-20 00:00:00,15546745765529.0
2020-02-21 00:00:00,15546745765529.0
2020-02-22 00:00:00,15546745765529.0
2020-02-23 00:00:00,15546745765529.0
2020-02-24 00:00:00,15546745765529.0
2020-02-25 00:00:00,15509350562256.5
2020-02-26 00:00:00,15486913440293.0
2020-02-27 00:00:00,15486913440293.0
2020-02-28 00:00:00,15486913440293.0
2020-02-29 00:00:00,15486913440293.0
2020-03-01 00:00:00,15486913440293.0
2020-03-02 00:00:00,15486913440293.0
2020-03-03 00:00:00,15486913440293.0
2020-03-04 00:00:00,15486913440293.0
2020-03-05 00:00:00,15486913440293.0
2020-03-06 00:00:00,15486913440293.0
2020-03-07 00:00:00,15486913440293.0
2020-03-08 00:00:00,15486913440293.0
2020-03-09 00:00:00,16076772598590.7
2020-03-10 00:00:00,16552923967337.0
2020-03-11 00:00:00,16552923967337.0
2020-03-12 00:00:00,16552923967337.0
2020-03-13 00:00:00,16552923967337.0
2020-03-14 00:00:00,16552923967337.0
2020-03-15 00:00:00,16552923967337.0
2020-03-16 00:00:00,16552923967337.0
2020-03-17 00:00:00,16552923967337.0
2020-03-18 00:00:00,16552923967337.0
2020-03-19 00:00:00,16552923967337.0
2020-03-20 00:00:00,16552923967337.0
2020-03-21 00:00:00,16552923967337.0
2020-03-22 00:00:00,16552923967337.0
2020-03-23 00:00:00,16552923967337.0
2020-03-24 00:00:00,16552923967337.0
2020-03-25 00:00:00,16552923967337.0
2020-03-26 00:00:00,14143559041805.2
2020-03-27 00:00:00,13912524048946.0
2020-03-28 00:00:00,13912524048946.0
2020-03-29 00:00:00,13912524048946.0
2020-03-30 00:00:00,13912524048946.0
2020-03-31 00:00:00,13912524048946.0
2020-04-01 00:00:00,13912524048946.0
2020-04-02 00:00:00,13912524048946.0
2020-04-03 00:00:00,13912524048946.0
2020-04-04 00:00:00,13912524048946.0
2020-04-05 00:00:00,13912524048946.0
2020-04-06 00:00:00,13912524048946.0
2020-04-07 00:00:00,13912524048946.0
2020-04-08 00:00:00,14397482597688.1
2020-04-09 00:00:00,14715214060657.0
2020-04-10 00:00:00,14715214060657.0
2020-04-11 00:00:00,14715214060657.0
2020-04-12 00:00:00,14715214060657.0
2020-04-13 00:00:00,14715214060657.0
2020-04-14 00:00:00,14715214060657.0
2020-04-15 00:00:00,14715214060657.0
2020-04-16 00:00:00,14715214060657.0
2020-04-17 00:00:00,14715214060657.0
2020-04-18 00:00:00,14715214060657.0
2020-04-19 00:00:00,14715214060657.0
2020-04-20 00:00:00,14715214060657.0
2020-04-21 00:00:00,15624843397592.5
2020-04-22 00:00:00,15958652328578.0
2020-04-23 00:00:00,15958652328578.0
2020-04-24 00:00:00,15958652328578.0
2020-04-25 00:00:00,15958652328578.0
2020-04-26 00:00:00,15958652328578.0
2020-04-27 00:00:00,15958652328578.0
2020-04-28 00:00:00,15958652328578.0
2020-04-29 00:00:00,15958652328578.0
2020-04-30 00:00:00,15958652328578.0
2020-05-01 00:00:00,15958652328578.0
2020-05-02 00:00:00,15958652328578.0
2020-05-03 00:00:00,15958652328578.0
2020-05-04 00:00:00,15958652328578.0
2020-05-05 00:00:00,16079831604277.9
2020-05-06 00:00:00,16104807485529.0
2020-05-07 00:00:00,16104807485529.0
2020-05-08 00:00:00,16104807485529.0
2020-05-09 00:00:00,16104807485529.0
2020-05-10 00:00:00,16104807485529.0
2020-05-11 00:00:00,16104807485529.0
2020-05-12 00:00:00,16104807485529.0
2020-05-13 00:00:00,16104807485529.0
2020-05-14 00:00:00,16104807485529.0
2020-05-15 00:00:00,16104807485529.0
2020-05-16 00:00:00,16104807485529.0
2020-05-17 00:00:00,16104807485529.0
2020-05-18 00:00:00,16104807485529.0
2020-05-19 00:00:00,16104807485529.0
2020-05-20 00:00:00,15213703057048.3
2020-05-21 00:00:00,15138043247083.0
2020-05-22 00:00:00,15138043247083.0
2020-05-23 00:00:00,15138043247083.0
2020-05-24 00:00:00,15138043247083.0
2020-05-25 00:00:00,15138043247083.0
2020-05-26 00:00:00,15138043247083.0
2020-05-27 00:00:00,15138043247083.0
2020-05-28 00:00:00,15138043247083.0
2020-05-29 00:00:00,15138043247083.0
2020-05-30 00:00:00,15138043247083.0
2020-05-31 00:00:00,15138043247083.0
2020-06-01 00:00:00,15138043247083.0
2020-06-02 00:00:00,15138043247083.0
2020-06-03 00:00:00,15138043247083.0
2020-06-04 00:00:00,14477089134396.8
2020-06-05 00:00:00,13732352106018.0
2020-06-06 00:00:00,13732352106018.0
2020-06-07 00:00:00,13732352106018.0
2020-06-08 00:00:00,13732352106018.0
2020-06-09 00:00:00,13732352106018.0
2020-06-10 00:00:00,13732352106018.0
2020-06-11 00:00:00,13732352106018.0
2020-06-12 00:00:00,13732352106018.0
2020-06-13 00:00:00,13732352106018.0
2020-06-14 00:00:00,13732352106018.0
2020-06-15 00:00:00,13732352106018.0
2020-06-16 00:00:00,14265974077877.3
2020-06-17 00:00:00,15784744305477.0
2020-06-18 00:00:00,15784744305477.0
2020-06-19 00:00:00,15784744305477.0
2020-06-20 00:00:00,15784744305477.0
2020-06-21 00:00:00,15784744305477.0
2020-06-22 00:00:00,15784744305477.0
2020-06-23 00:00:00,15784744305477.0
2020-06-24 00:00:00,15784744305477.0
2020-06-25 00:00:00,15784744305477.0
2020-06-26 00:00:00,15784744305477.0
2020-06-27 00:00:00,15784744305477.0
2020-06-28 00:00:00,15784744305477.0
2020-06-29 00:00:00,15784744305477.0
2020-06-30 00:00:00,15784618886622.5
2020-07-01 00:00:00,15784217546288.0
2020-07-02 00:00:00,15784217546288.0
2020-07-03 00:00:00,15784217546288.0
2020-07-04 00:00:00,15784217546288.0
2020-07-05 00:00:00,15784217546288.0
2020-07-06 00:00:00,15784217546288.0
2020-07-07 00:00:00,15784217546288.0
2020-07-08 00:00:00,15784217546288.0
2020-07-09 00:00:00,15784217546288.0
2020-07-10 00:00:00,15784217546288.0
2020-07-11 00:00:00,15784217546288.0
2020-07-12 00:00:00,15784217546288.0
2020-07-13 00:00:00,16570395220715.7
2020-07-14 00:00:00,17345948872516.0
2020-07-15 00:00:00,17345948872516.0
2020-07-16 00:00:00,17345948872516.0
2020-07-17 00:00:00,17345948872516.0
2020-07-18 00:00:00,17345948872516.0
2020-07-19 00:00:00,17345948872516.0
2020-07-20 00:00:00,17345948872516.0
2020-07-21 00:00:00,17345948872516.0
2020-07-22 00:00:00,17345948872516.0
2020-07-23 00:00:00,17345948872516.0
2020-07-24 00:00:00,17345948872516.0
2020-07-25 00:00:00,17345948872516.0
2020-07-26 00:00:00,17345948872516.0
2020-07-27 00:00:00,17309155182109.1
2020-07-28 00:00:00,16847561611550.0
2020-07-29 00:00:00,16847561611550.0
2020-07-30 00:00:00,16847561611550.0
2020-07-31 00:00:00,16847561611550.0
2020-08-01 00:00:00,16847561611550.0
2020-08-02 00:00:00,16847561611550.0
2020-08-03 00:00:00,16847561611550.0
2020-08-04 00:00:00,16847561611550.0
2020-08-05 00:00:00,16847561611550.0
2020-08-06 00:00:00,16847561611550.0
2020-08-07 00:00:00,16847561611550.0
2020-08-08 00:00:00,16847561611550.0
2020-08-09 00:00:00,16847561611550.0
2020-08-10 00:00:00,16871707187017.9
2020-08-11 00:00:00,16947802333947.0
2020-08-12 00:00:00,16947802333947.0
2020-08-13 00:00:00,16947802333947.0
2020-08-14 00:00:00,16947802333947.0
2020-08-15 00:00:00,16947802333947.0
2020-08-16 00:00:00,16947802333947.0
2020-08-17 00:00:00,16947802333947.0
2020-08-18 00:00:00,16947802333947.0
2020-08-19 00:00:00,16947802333947.0
2020-08-20 00:00:00,16947802333947.0
2020-08-21 00:00:00,16947802333947.0
2020-08-22 00:00:00,16947802333947.0
2020-08-23 00:00:00,16947802333947.0
2020-08-24 00:00:00,17340945336075.322
2020-08-25 00:00:00,17557993035167.0
2020-08-26 00:00:00,17557993035167.0
2020-08-27 00:00:00,17557993035167.0
2020-08-28 00:00:00,17557993035167.0
2020-08-29 00:00:00,17557993035167.0
2020-08-30 00:00:00,17557993035167.0
2020-08-31 00:00:00,17557993035167.0
2020-09-01 00:00:00,17557993035167.0
2020-09-02 00:00:00,17557993035167.0
2020-09-03 00:00:00,17557993035167.0
2020-09-04 00:00:00,17557993035167.0
2020-09-05 00:00:00,17557993035167.0
2020-09-06 00:00:00,17557993035167.0
2020-09-07 00:00:00,17445332713343.377
2020-09-08 00:00:00,17345997805929.0
2020-09-09 00:00:00,17345997805929.0
2020-09-10 00:00:00,17345997805929.0
2020-09-11 00:00:00,17345997805929.0
2020-09-12 00:00:00,17345997805929.0
2020-09-13 00:00:00,17345997805929.0
2020-09-14 00:00:00,17345997805929.0
2020-09-15 00:00:00,17345997805929.0
2020-09-16 00:00:00,17345997805929.0
2020-09-17 00:00:00,17345997805929.0
2020-09-18 00:00:00,17345997805929.0
2020-09-19 00:00:00,17345997805929.0
2020-09-20 00:00:00,19148290888758.86
2020-09-21 00:00:00,19314656404097.0
2020-09-22 00:00:00,19314656404097.0
2020-09-23 00:00:00,19314656404097.0
2020-09-24 00:00:00,19314656404097.0
2020-09-25 00:00:00,19314656404097.0
2020-09-26 00:00:00,19314656404097.0
2020-09-27 00:00:00,19314656404097.0
2020-09-28 00:00:00,19314656404097.0
2020-09-29 00:00:00,19314656404097.0
2020-09-30 00:00:00,19314656404097.0
2020-10-01 00:00:00,19314656404097.0
2020-10-02 00:00:00,19314656404097.0
2020-10-03 00:00:00,19314656404097.0
2020-10-04 00:00:00,19300708897945.594
2020-10-05 00:00:00,19298087186263.0
2020-10-06 00:00:00,19298087186263.0
2020-10-07 00:00:00,19298087186263.0
2020-10-08 00:00:00,19298087186263.0
2020-10-09 00:00:00,19298087186263.0
2020-10-10 00:00:00,19298087186263.0
2020-10-11 00:00:00,19298087186263.0
2020-10-12 00:00:00,19298087186263.0
2020-10-13 00:00:00,19298087186263.0
2020-10-14 00:00:00,19298087186263.0
2020-10-15 00:00:00,19298087186263.0
2020-10-16 00:00:00,19298087186263.0
2020-10-17 00:00:00,19529685517635.715
2020-10-18 00:00:00,19997335994446.0
2020-10-19 00:00:00,19997335994446.0
2020-10-20 00:00:00,19997335994446.0
2020-10-21 00:00:00,19997335994446.0
2020-10-22 00:00:00,19997335994446.0
2020-10-23 00:00:00,19997335994446.0
2020-10-24 00:00:00,19997335994446.0
2020-10-25 00:00:00,19997335994446.0
2020-10-26 00:00:00,19997335994446.0
2020-10-27 00:00:00,19997335994446.0
2020-10-28 00:00:00,19997335994446.0
2020-10-29 00:00:00,19997335994446.0
2020-10-30 00:00:00,19997335994446.0
2020-10-31 00:00:00,19997335994446.0
2020-11-01 00:00:00,19997335994446.0
2020-11-02 00:00:00,19997335994446.0
2020-11-03 00:00:00,17865273539019.508
2020-11-04 00:00:00,16787779609933.0
2020-11-05 00:00:00,16787779609933.0
2020-11-06 00:00:00,16787779609933.0
2020-11-07 00:00:00,16787779609933.0
2020-11-08 00:00:00,16787779609933.0
2020-11-09 00:00:00,16787779609933.0
2020-11-10 00:00:00,16787779609933.0
2020-11-11 00:00:00,16787779609933.0
2020-11-12 00:00:00,16787779609933.0
2020-11-13 00:00:00,16787779609933.0
2020-11-14 00:00:00,16787779609933.0
2020-11-15 00:00:00,16787779609933.0
2020-11-16 00:00:00,17040598812944.875
2020-11-17 00:00:00,17596801059571.0
2020-11-18 00:00:00,17596801059571.0
2020-11-19 00:00:00,17596801059571.0
2020-11-20 00:00:00,17596801059571.0
2020-11-21 00:00:00,17596801059571.0
2020-11-22 00:00:00,17596801059571.0
2020-11-23 00:00:00,17596801059571.0
2020-11-24 00:00:00,17596801059571.0
2020-11-25 00:00:00,17596801059571.0
2020-11-26 00:00:00,17596801059571.0
2020-11-27 00:00:00,17596801059571.0
2020-11-28 00:00:00,17596801059571.0
2020-11-29 00:00:00,18158528379021.04
2020-11-30 00:00:00,19157154724710.0
2020-12-01 00:00:00,19157154724710.0
2020-12-02 00:00:00,19157154724710.0
2020-12-03 00:00:00,19157154724710.0
2020-12-04 00:00:00,19157154724710.0
2020-12-05 00:00:00,19157154724710.0
2020-12-06 00:00:00,19157154724710.0
2020-12-07 00:00:00,19157154724710.0
2020-12-08 00:00:00,19157154724710.0
2020-12-09 00:00:00,19157154724710.0
2020-12-10 00:00:00,19157154724710.0
2020-12-11 00:00:00,19157154724710.0
2020-12-12 00:00:00,19157154724710.0
2020-12-13 00:00:00,19144667899932.82
2020-12-14 00:00:00,18670168558400.0
2020-12-15 00:00:00,18670168558400.0
2020-12-16 00:00:00,18670168558400.0
2020-12-17 00:00:00,18670168558400.0
2020-12-18 00:00:00,18670168558400.0
2020-12-19 00:00:00,18670168558400.0
2020-12-20 00:00:00,18670168558400.0
2020-12-21 00:00:00,18670168558400.0
2020-12-22 00:00:00,18670168558400.0
2020-12-23 00:00:00,18670168558400.0
2020-12-24 00:00:00,18670168558400.0
2020-12-25 00:00:00,18670168558400.0
2020-12-26 00:00:00,18670168558400.0
2020-12-27 00:00:00,18670168558400.0
2020-12-28 00:00:00,18600034145237.133
2020-12-29 00:00:00,18599593048299.0
2020-12-30 00:00:00,18599593048299.0
2020-12-31 00:00:00,18599593048299.0
2021-01-01 00:00:00,18599593048299.0
2021-01-02 00:00:00,18599593048299.0
2021-01-03 00:00:00,18599593048299.0
2021-01-04 00:00:00,18599593048299.0
2021-01-05 00:00:00,18599593048299.0
2021-01-06 00:00:00,18599593048299.0
2021-01-07 00:00:00,18599593048299.0
2021-01-08 00:00:00,18599593048299.0
2021-01-09 00:00:00,19365166707094.76
2021-01-10 00:00:00,20607418304386.0
2021-01-11 00:00:00,20607418304386.0
2021-01-12 00:00:00,20607418304386.0
2021-01-13 00:00:00,20607418304386.0
2021-01-14 00:00:00,20607418304386.0
2021-01-15 00:00:00,20607418304386.0
2021-01-16 00:00:00,20607418304386.0
2021-01-17 00:00:00,20607418304386.0
2021-01-18 00:00:00,20607418304386.0
2021-01-19 00:00:00,20607418304386.0
2021-01-20 00:00:00,20607418304386.0
2021-01-21 00:00:00,20607418304386.0
2021-01-22 00:00:00,20607418304386.0
2021-01-23 00:00:00,20737086011821.6
2021-01-24 00:00:00,20823531150112.0
2021-01-25 00:00:00,20823531150112.0
2021-01-26 00:00:00,20823531150112.0
2021-01-27 00:00:00,20823531150112.0
2021-01-28 00:00:00,20823531150112.0
2021-01-29 00:00:00,20823531150112.0
2021-01-30 00:00:00,20823531150112.0
2021-01-31 00:00:00,20823531150112.0
2021-02-01 00:00:00,20823531150112.0
2021-02-02 00:00:00,20823531150112.0
2021-02-03 00:00:00,20823531150112.0
2021-02-04 00:00:00,20823531150112.0
2021-02-05 00:00:00,20823531150112.0
2021-02-06 00:00:00,21384451039675.535
2021-02-07 00:00:00,21434395961349.0
2021-02-08 00:00:00,21434395961349.0
2021-02-09 00:00:00,21434395961349.0
2021-02-10 00:00:00,21434395961349.0
2021-02-11 00:00:00,21434395961349.0
2021-02-12 00:00:00,21434395961349.0
2021-02-13 00:00:00,21434395961349.0
2021-02-14 00:00:00,21434395961349.0
2021-02-15 00:00:00,21434395961349.0
2021-02-16 00:00:00,21434395961349.0
2021-02-17 00:00:00,21434395961349.0
2021-02-18 00:00:00,21434395961349.0
2021-02-19 00:00:00,21455226865438.4
2021-02-20 00:00:00,21724134900047.0
2021-02-21 00:00:00,21724134900047.0
2021-02-22 00:00:00,21724134900047.0
2021-02-23 00:00:00,21724134900047.0
2021-02-24 00:00:00,21724134900047.0
2021-02-25 00:00:00,21724134900047.0
2021-02-26 00:00:00,21724134900047.0
2021-02-27 00:00:00,21724134900047.0
2021-02-28 00:00:00,21724134900047.0
2021-03-01 00:00:00,21724134900047.0
2021-03-02 00:00:00,21724134900047.0
2021-03-03 00:00:00,21724134900047.0
2021-03-04 00:00:00,21724134900047.0
2021-03-05 00:00:00,21724134900047.0
2021-03-06 00:00:00,21473685655440.383
2021-03-07 00:00:00,21448277761060.0
2021-03-08 00:00:00,21448277761060.0
2021-03-09 00:00:00,21448277761060.0
2021-03-10 00:00:00,21448277761060.0
2021-03-11 00:00:00,21448277761060.0
2021-03-12 00:00:00,21448277761060.0
2021-03-13 00:00:00,21448277761060.0
2021-03-14 00:00:00,21448277761060.0
2021-03-15 00:00:00,21448277761060.0
2021-03-16 00:00:00,21448277761060.0
2021-03-17 00:00:00,21448277761060.0
2021-03-18 00:00:00,21448277761060.0
2021-03-19 00:00:00,21524403218194.305
2021-03-20 00:00:00,21865558044611.0
2021-03-21 00:00:00,21865558044611.0
2021-03-22 00:00:00,21865558044611.0
2021-03-23 00:00:00,21865558044611.0
2021-03-24 00:00:00,21865558044611.0
2021-03-25 00:00:00,21865558044611.0
2021-03-26 00:00:00,21865558044611.0
2021-03-27 00:00:00,21865558044611.0
2021-03-28 00:00:00,21865558044611.0
2021-03-29 00:00:00,21865558044611.0
2021-03-30 00:00:00,21865558044611.0
2021-03-31 00:00:00,21865558044611.0
2021-04-01 00:00:00,21865558044611.0
2021-04-02 00:00:00,23064760716651.37
2021-04-03 00:00:00,23137439666472.0
2021-04-04 00:00:00,23137439666472.0
2021-04-05 00:00:00,23137439666472.0
2021-04-06 00:00:00,23137439666472.0
2021-04-07 00:00:00,23137439666472.0
2021-04-08 00:00:00,23137439666472.0
2021-04-09 00:00:00,23137439666472.0
2021-04-10 00:00:00,23137439666472.0
2021-04-11 00:00:00,23137439666472.0
2021-04-12 00:00:00,23137439666472.0
2021-04-13 00:00:00,23137439666472.0
2021-04-14 00:00:00,23137439666472.0
2021-04-15 00:00:00,23217560568175.21
2021-04-16 00:00:00,23581981443664.0
2021-04-17 00:00:00,23581981443664.0
2021-04-18 00:00:00,23581981443664.0
2021-04-19 00:00:00,23581981443664.0
2021-04-20 00:00:00,23581981443664.0
2021-04-21 00:00:00,23581981443664.0
2021-04-22 00:00:00,23581981443664.0
2021-04-23 00:00:00,23581981443664.0
2021-04-24 00:00:00,23581981443664.0
2021-04-25 00:00:00,23581981443664.0
2021-04-26 00:00:00,23581981443664.0
2021-04-27 00:00:00,23581981443664.0
2021-04-28 00:00:00,23581981443664.0
2021-04-29 00:00:00,23581981443664.0
2021-04-30 00:00:00,23581981443664.0
2021-05-01 00:00:00,23004465874892.836
2021-05-02 00:00:00,20608845737768.0
2021-05-03 00:00:00,20608845737768.0
2021-05-04 00:00:00,20608845737768.0
2021-05-05 00:00:00,20608845737768.0
2021-05-06 00:00:00,20608845737768.0
2021-05-07 00:00:00,20608845737768.0
2021-05-08 00:00:00,20608845737768.0
2021-05-09 00:00:00,20608845737768.0
2021-05-10 00:00:00,20608845737768.0
2021-05-11 00:00:00,20608845737768.0
2021-05-12 00:00:00,20608845737768.0
2021-05-13 00:00:00,23227330060562.566
2021-05-14 00:00:00,25046487590083.0
2021-05-15 00:00:00,25046487590083.0
2021-05-16 00:00:00,25046487590083.0
2021-05-17 00:00:00,25046487590083.0
2021-05-18 00:00:00,25046487590083.0
2021-05-19 00:00:00,25046487590083.0
2021-05-20 00:00:00,25046487590083.0
2021-05-21 00:00:00,25046487590083.0
2021-05-22 00:00:00,25046487590083.0
2021-05-23 00:00:00,25046487590083.0
2021-05-24 00:00:00,25046487590083.0
2021-05-25 00:00:00,25046487590083.0
2021-05-26 00:00:00,25046487590083.0
2021-05-27 00:00:00,25046487590083.0
2021-05-28 00:00:00,25046487590083.0
2021-05-29 00:00:00,25046487590083.0
2021-05-30 00:00:00,21214345448186.625
2021-05-31 00:00:00,21047730572452.0
2021-06-01 00:00:00,21047730572452.0
2021-06-02 00:00:00,21047730572452.0
2021-06-03 00:00:00,21047730572452.0
2021-06-04 00:00:00,21047730572452.0
2021-06-05 00:00:00,21047730572452.0
2021-06-06 00:00:00,21047730572452.0
2021-06-07 00:00:00,21047730572452.0
2021-06-08 00:00:00,21047730572452.0
2021-06-09 00:00:00,21047730572452.0
2021-06-10 00:00:00,21047730572452.0
2021-06-11 00:00:00,21047730572452.0
2021-06-12 00:00:00,21047730572452.0
2021-06-13 00:00:00,20836567779802.566
2021-06-14 00:00:00,19932791027263.0
2021-06-15 00:00:00,19932791027263.0
2021-06-16 00:00:00,19932791027263.0
2021-06-17 00:00:00,19932791027263.0
2021-06-18 00:00:00,19932791027263.0
2021-06-19 00:00:00,19932791027263.0
2021-06-20 00:00:00,19932791027263.0
2021-06-21 00:00:00,19932791027263.0
2021-06-22 00:00:00,19932791027263.0
2021-06-23 00:00:00,19932791027263.0
2021-06-24 00:00:00,19932791027263.0
2021-06-25 00:00:00,19932791027263.0
2021-06-26 00:00:00,19932791027263.0
2021-06-27 00:00:00,19932791027263.0
2021-06-28 00:00:00,19932791027263.0
2021-06-29 00:00:00,19932791027263.0
2021-06-30 00:00:00,19932791027263.0
2021-07-01 00:00:00,19932791027263.0
2021-07-02 00:00:00,19932791027263.0
2021-07-03 00:00:00,15634861856766.197
2021-07-04 00:00:00,14363025673660.0
2021-07-05 00:00:00,14363025673660.0
2021-07-06 00:00:00,14363025673660.0
2021-07-07 00:00:00,14363025673660.0
2021-07-08 00:00:00,14363025673660.0
2021-07-09 00:00:00,14363025673660.0
2021-07-10 00:00:00,14363025673660.0
2021-07-11 00:00:00,14363025673660.0
2021-07-12 00:00:00,14363025673660.0
2021-07-13 00:00:00,14363025673660.0
2021-07-14 00:00:00,14363025673660.0
2021-07-15 00:00:00,14363025673660.0
2021-07-16 00:00:00,14363025673660.0
2021-07-17 00:00:00,14348541098817.076
2021-07-18 00:00:00,13672594272814.0
2021-07-19 00:00:00,13672594272814.0
2021-07-20 00:00:00,13672594272814.0
2021-07-21 00:00:00,13672594272814.0
2021-07-22 00:00:00,13672594272814.0
2021-07-23 00:00:00,13672594272814.0
2021-07-24 00:00:00,13672594272814.0
2021-07-25 00:00:00,13672594272814.0
2021-07-26 00:00:00,13672594272814.0
2021-07-27 00:00:00,13672594272814.0
2021-07-28 00:00:00,13672594272814.0
2021-07-29 00:00:00,13672594272814.0
2021-07-30 00:00:00,13672594272814.0
2021-07-31 00:00:00,14319158983942.734
2021-08-01 00:00:00,14496442856349.0
2021-08-02 00:00:00,14496442856349.0
2021-08-03 00:00:00,14496442856349.0
2021-08-04 00:00:00,14496442856349.0
2021-08-05 00:00:00,14496442856349.0
2021-08-06 00:00:00,14496442856349.0
2021-08-07 00:00:00,14496442856349.0
2021-08-08 00:00:00,14496442856349.0
2021-08-09 00:00:00,14496442856349.0
2021-08-10 00:00:00,14496442856349.0
2021-08-11 00:00:00,14496442856349.0
2021-08-12 00:00:00,14496442856349.0
2021-08-13 00:00:00,15324761487407.408
2021-08-14 00:00:00,15556093717703.0
2021-08-15 00:00:00,15556093717703.0
2021-08-16 00:00:00,15556093717703.0
2021-08-17 00:00:00,15556093717703.0
2021-08-18 00:00:00,15556093717703.0
2021-08-19 00:00:00,15556093717703.0
2021-08-20 00:00:00,15556093717703.0
2021-08-21 00:00:00,15556093717703.0
2021-08-22 00:00:00,15556093717703.0
2021-08-23 00:00:00,15556093717703.0
2021-08-24 00:00:00,15556093717703.0
2021-08-25 00:00:00,16431142929372.8
2021-08-26 00:00:00,17615033039279.0
2021-08-27 00:00:00,17615033039279.0
2021-08-28 00:00:00,17615033039279.0
2021-08-29 00:00:00,17615033039279.0
2021-08-30 00:00:00,17615033039279.0
2021-08-31 00:00:00,17615033039279.0
2021-09-01 00:00:00,17615033039279.0
2021-09-02 00:00:00,17615033039279.0
2021-09-03 00:00:00,17615033039279.0
2021-09-04 00:00:00,17615033039279.0
2021-09-05 00:00:00,17615033039279.0
2021-09-06 00:00:00,17615033039279.0
2021-09-07 00:00:00,17615033039279.0
2021-09-08 00:00:00,18403887482923.086
2021-09-09 00:00:00,18415156832118.0
2021-09-10 00:00:00,18415156832118.0
2021-09-11 00:00:00,18415156832118.0
2021-09-12 00:00:00,18415156832118.0
2021-09-13 00:00:00,18415156832118.0
2021-09-14 00:00:00,18415156832118.0
2021-09-15 00:00:00,18415156832118.0
2021-09-16 00:00:00,18415156832118.0
2021-09-17 00:00:00,18415156832118.0
2021-09-18 00:00:00,18415156832118.0
2021-09-19 00:00:00,18415156832118.0
2021-09-20 00:00:00,18415156832118.0
2021-09-21 00:00:00,18632996500113.82
2021-09-22 00:00:00,18997641161759.0
2021-09-23 00:00:00,18997641161759.0
2021-09-24 00:00:00,18997641161759.0
2021-09-25 00:00:00,18997641161759.0
2021-09-26 00:00:00,18997641161759.0
2021-09-27 00:00:00,18997641161759.0
2021-09-28 00:00:00,18997641161759.0
2021-09-29 00:00:00,18997641161759.0
2021-09-30 00:00:00,18997641161759.0
2021-10-01 00:00:00,18997641161759.0
2021-10-02 00:00:00,18997641161759.0
2021-10-03 00:00:00,18997641161759.0
2021-10-04 00:00:00,19009120698769.46
2021-10-05 00:00:00,19893045048575.0
2021-10-06 00:00:00,19893045048575.0
2021-10-07 00:00:00,19893045048575.0
2021-10-08 00:00:00,19893045048575.0
2021-10-09 00:00:00,19893045048575.0
2021-10-10 00:00:00,19893045048575.0
2021-10-11 00:00:00,19893045048575.0
2021-10-12 00:00:00,19893045048575.0
2021-10-13 00:00:00,19893045048575.0
2021-10-14 00:00:00,19893045048575.0
2021-10-15 00:00:00,19893045048575.0
2021-10-16 00:00:00,19893045048575.0
2021-10-17 00:00:00,19893045048575.0
2021-10-18 00:00:00,19917361849675.434
2021-10-19 00:00:00,20082460130831.0
2021-10-20 00:00:00,20082460130831.0
2021-10-21 00:00:00,20082460130831.0
2021-10-22 00:00:00,20082460130831.0
2021-10-23 00:00:00,20082460130831.0
2021-10-24 00:00:00,20082460130831.0
2021-10-25 00:00:00,20082460130831.0
2021-10-26 00:00:00,20082460130831.0
2021-10-27 00:00:00,20082460130831.0
2021-10-28 00:00:00,20082460130831.0
2021-10-29 00:00:00,20082460130831.0
2021-10-30 00:00:00,20082460130831.0
2021-10-31 00:00:00,20286661027549.07
2021-11-01 00:00:00,21659344833265.0
2021-11-02 00:00:00,21659344833265.0
2021-11-03 00:00:00,21659344833265.0
2021-11-04 00:00:00,21659344833265.0
2021-11-05 00:00:00,21659344833265.0
2021-11-06 00:00:00,21659344833265.0
2021-11-07 00:00:00,21659344833265.0
2021-11-08 00:00:00,21659344833265.0
2021-11-09 00:00:00,21659344833265.0
2021-11-10 00:00:00,21659344833265.0
2021-11-11 00:00:00,21659344833265.0
2021-11-12 00:00:00,21659344833265.0
2021-11-13 00:00:00,21659344833265.0
2021-11-14 00:00:00,22434990744236.72
2021-11-15 00:00:00,22674148233453.0
2021-11-16 00:00:00,22674148233453.0
2021-11-17 00:00:00,22674148233453.0
2021-11-18 00:00:00,22674148233453.0
2021-11-19 00:00:00,22674148233453.0
2021-11-20 00:00:00,22674148233453.0
2021-11-21 00:00:00,22674148233453.0
2021-11-22 00:00:00,22674148233453.0
2021-11-23 00:00:00,22674148233453.0
2021-11-24 00:00:00,22674148233453.0
2021-11-25 00:00:00,22674148233453.0
2021-11-26 00:00:00,22674148233453.0
2021-11-27 00:00:00,22674148233453.0
2021-11-28 00:00:00,22464723406485.65
2021-11-29 00:00:00,22335659268936.0
2021-11-30 00:00:00,22335659268936.0
2021-12-01 00:00:00,22335659268936.0
2021-12-02 00:00:00,22335659268936.0
2021-12-03 00:00:00,22335659268936.0
2021-12-04 00:00:00,22335659268936.0
2021-12-05 00:00:00,22335659268936.0
2021-12-06 00:00:00,22335659268936.0
2021-12-07 00:00:00,22335659268936.0
2021-12-08 00:00:00,22335659268936.0
2021-12-09 00:00:00,22335659268936.0
2021-12-10 00:00:00,22335659268936.0
2021-12-11 00:00:00,23468677477375.574
2021-12-12 00:00:00,24195286980614.0
2021-12-13 00:00:00,24195286980614.0
2021-12-14 00:00:00,24195286980614.0
2021-12-15 00:00:00,24195286980614.0
2021-12-16 00:00:00,24195286980614.0
2021-12-17 00:00:00,24195286980614.0
2021-12-18 00:00:00,24195286980614.0
2021-12-19 00:00:00,24195286980614.0
2021-12-20 00:00:00,24195286980614.0
2021-12-21 00:00:00,24195286980614.0
2021-12-22 00:00:00,24195286980614.0
2021-12-23 00:00:00,24195286980614.0
2021-12-24 00:00:00,24195286980614.0
2021-12-25 00:00:00,24242457398797.266
2021-12-26 00:00:00,24272331996980.0
2021-12-27 00:00:00,24272331996980.0
2021-12-28 00:00:00,24272331996980.0
2021-12-29 00:00:00,24272331996980.0
2021-12-30 00:00:00,24272331996980.0
2021-12-31 00:00:00,24272331996980.0
2022-01-01 00:00:00,24272331996980.0
2022-01-02 00:00:00,24272331996980.0
2022-01-03 00:00:00,24272331996980.0
2022-01-04 00:00:00,24272331996980.0
2022-01-05 00:00:00,24272331996980.0
2022-01-06 00:00:00,24272331996980.0
2022-01-07 00:00:00,24272331996980.0
2022-01-08 00:00:00,24341458814595.277
2022-01-09 00:00:00,24371874614346.0
2022-01-10 00:00:00,24371874614346.0
2022-01-11 00:00:00,24371874614346.0
2022-01-12 00:00:00,24371874614346.0
2022-01-13 00:00:00,24371874614346.0
2022-01-14 00:00:00,24371874614346.0
2022-01-15 00:00:00,24371874614346.0
2022-01-16 00:00:00,24371874614346.0
2022-01-17 00:00:00,24371874614346.0
2022-01-18 00:00:00,24371874614346.0
2022-01-19 00:00:00,24371874614346.0
2022-01-20 00:00:00,24371874614346.0
2022-01-21 00:00:00,26338083826987.223
2022-01-22 00:00:00,26643185256535.0
2022-01-23 00:00:00,26643185256535.0
2022-01-24 00:00:00,26643185256535.0
2022-01-25 00:00:00,26643185256535.0
2022-01-26 00:00:00,26643185256535.0
2022-01-27 00:00:00,26643185256535.0
2022-01-28 00:00:00,26643185256535.0
2022-01-29 00:00:00,26643185256535.0
2022-01-30 00:00:00,26643185256535.0
2022-01-31 00:00:00,26643185256535.0
2022-02-01 00:00:00,26643185256535.0
2022-02-02 00:00:00,26643185256535.0
2022-02-03 00:00:00,26643185256535.0
2022-02-04 00:00:00,26684698822068.03
2022-02-05 00:00:00,26690525287406.0
2022-02-06 00:00:00,26690525287406.0
2022-02-07 00:00:00,26690525287406.0
2022-02-08 00:00:00,26690525287406.0
2022-02-09 00:00:00,26690525287406.0
2022-02-10 00:00:00,26690525287406.0
2022-02-11 00:00:00,26690525287406.0
2022-02-12 00:00:00,26690525287406.0
2022-02-13 00:00:00,26690525287406.0
2022-02-14 00:00:00,26690525287406.0
2022-02-15 00:00:00,26690525287406.0
2022-02-16 00:00:00,26690525287406.0
2022-02-17 00:00:00,27324773218056.85
2022-02-18 00:00:00,27967152532434.0
2022-02-19 00:00:00,27967152532434.0
2022-02-20 00:00:00,27967152532434.0
2022-02-21 00:00:00,27967152532434.0
2022-02-22 00:00:00,27967152532434.0
2022-02-23 00:00:00,27967152532434.0
2022-02-24 00:00:00,27967152532434.0
2022-02-25 00:00:00,27967152532434.0
2022-02-26 00:00:00,27967152532434.0
2022-02-27 00:00:00,27967152532434.0
2022-02-28 00:00:00,27967152532434.0
2022-03-01 00:00:00,27967152532434.0
2022-03-02 00:00:00,27967152532434.0
2022-03-03 00:00:00,27851682002895.555
2022-03-04 00:00:00,27550332084344.0
2022-03-05 00:00:00,27550332084344.0
2022-03-06 00:00:00,27550332084344.0
2022-03-07 00:00:00,27550332084344.0
2022-03-08 00:00:00,27550332084344.0
2022-03-09 00:00:00,27550332084344.0
2022-03-10 00:00:00,27550332084344.0
2022-03-11 00:00:00,27550332084344.0
2022-03-12 00:00:00,27550332084344.0
2022-03-13 00:00:00,27550332084344.0
2022-03-14 00:00:00,27550332084344.0
2022-03-15 00:00:00,27550332084344.0
2022-03-16 00:00:00,27550332084344.0
2022-03-17 00:00:00,27520860571022.34
2022-03-18 00:00:00,27452707696466.0
2022-03-19 00:00:00,27452707696466.0
2022-03-20 00:00:00,27452707696466.0
2022-03-21 00:00:00,27452707696466.0
2022-03-22 00:00:00,27452707696466.0
2022-03-23 00:00:00,27452707696466.0
2022-03-24 00:00:00,27452707696466.0
2022-03-25 00:00:00,27452707696466.0
2022-03-26 00:00:00,27452707696466.0
2022-03-27 00:00:00,27452707696466.0
2022-03-28 00:00:00,27452707696466.0
2022-03-29 00:00:00,27452707696466.0
2022-03-30 00:00:00,27452707696466.0
2022-03-31 00:00:00,28315874718216.324
2022-04-01 00:00:00,28587155782195.0
2022-04-02 00:00:00,28587155782195.0
2022-04-03 00:00:00,28587155782195.0
2022-04-04 00:00:00,28587155782195.0
2022-04-05 00:00:00,28587155782195.0
2022-04-06 00:00:00,28587155782195.0
2022-04-07 00:00:00,28587155782195.0
2022-04-08 00:00:00,28587155782195.0
2022-04-09 00:00:00,28587155782195.0
2022-04-10 00:00:00,28587155782195.0
2022-04-11 00:00:00,28587155782195.0
2022-04-12 00:00:00,28587155782195.0
2022-04-13 00:00:00,28587155782195.0
2022-04-14 00:00:00,28351572544596.74
2022-04-15 00:00:00,28225928151211.0
2022-04-16 00:00:00,28225928151211.0
2022-04-17 00:00:00,28225928151211.0
2022-04-18 00:00:00,28225928151211.0
2022-04-19 00:00:00,28225928151211.0
2022-04-20 00:00:00,28225928151211.0
2022-04-21 00:00:00,28225928151211.0
2022-04-22 00:00:00,28225928151211.0
2022-04-23 00:00:00,28225928151211.0
2022-04-24 00:00:00,28225928151211.0
2022-04-25 00:00:00,28225928151211.0
2022-04-26 00:00:00,28225928151211.0
2022-04-27 00:00:00,28770282779728.406
2022-04-28 00:00:00,29794407589312.0
2022-04-29 00:00:00,29794407589312.0
2022-04-30 00:00:00,29794407589312.0
2022-05-01 00:00:00,29794407589312.0
2022-05-02 00:00:00,29794407589312.0
2022-05-03 00:00:00,29794407589312.0
2022-05-04 00:00:00,29794407589312.0
2022-05-05 00:00:00,29794407589312.0
2022-05-06 00:00:00,29794407589312.0
2022-05-07 00:00:00,29794407589312.0
2022-05-08 00:00:00,29794407589312.0
2022-05-09 00:00:00,29794407589312.0
2022-05-10 00:00:00,29822970212378.65
2022-05-11 00:00:00,31251101365711.0
2022-05-12 00:00:00,31251101365711.0
2022-05-13 00:00:00,31251101365711.0
2022-05-14 00:00:00,31251101365711.0
2022-05-15 00:00:00,31251101365711.0
2022-05-16 00:00:00,31251101365711.0
2022-05-17 00:00:00,31251101365711.0
2022-05-18 00:00:00,31251101365711.0
2022-05-19 00:00:00,31251101365711.0
2022-05-20 00:00:00,31251101365711.0
2022-05-21 00:00:00,31251101365711.0
2022-05-22 00:00:00,31251101365711.0
2022-05-23 00:00:00,31251101365711.0
2022-05-24 00:00:00,31251101365711.0
2022-05-25 00:00:00,30705864440302.207
2022-05-26 00:00:00,29897409688834.0
2022-05-27 00:00:00,29897409688834.0
2022-05-28 00:00:00,29897409688834.0
2022-05-29 00:00:00,29897409688834.0
2022-05-30 00:00:00,29897409688834.0
2022-05-31 00:00:00,29897409688834.0
2022-06-01 00:00:00,29897409688834.0
2022-06-02 00:00:00,29897409688834.0
2022-06-03 00:00:00,29897409688834.0
2022-06-04 00:00:00,29897409688834.0
2022-06-05 00:00:00,29897409688834.0
2022-06-06 00:00:00,29897409688834.0
2022-06-07 00:00:00,29897409688834.0
2022-06-08 00:00:00,30107694713067.656
2022-06-09 00:00:00,30283293547737.0
2022-06-10 00:00:00,30283293547737.0
2022-06-11 00:00:00,30283293547737.0
2022-06-12 00:00:00,30283293547737.0
2022-06-13 00:00:00,30283293547737.0
2022-06-14 00:00:00,30283293547737.0
2022-06-15 00:00:00,30283293547737.0
2022-06-16 00:00:00,30283293547737.0
2022-06-17 00:00:00,30283293547737.0
2022-06-18 00:00:00,30283293547737.0
2022-06-19 00:00:00,30283293547737.0
2022-06-20 00:00:00,30283293547737.0
2022-06-21 00:00:00,30283293547737.0
2022-06-22 00:00:00,30139562945443.56
2022-06-23 00:00:00,29570168636358.0
2022-06-24 00:00:00,29570168636358.0
2022-06-25 00:00:00,29570168636358.0
2022-06-26 00:00:00,29570168636358.0
2022-06-27 00:00:00,29570168636358.0
2022-06-28 00:00:00,29570168636358.0
2022-06-29 00:00:00,29570168636358.0
2022-06-30 00:00:00,29570168636358.0
2022-07-01 00:00:00,29570168636358.0
2022-07-02 00:00:00,29570168636358.0
2022-07-03 00:00:00,29570168636358.0
2022-07-04 00:00:00,29570168636358.0
2022-07-05 00:00:00,29570168636358.0
2022-07-06 00:00:00,29570168636358.0
2022-07-07 00:00:00,29155457214820.32
2022-07-08 00:00:00,29152798808272.0
2022-07-09 00:00:00,29152798808272.0
2022-07-10 00:00:00,29152798808272.0
2022-07-11 00:00:00,29152798808272.0
2022-07-12 00:00:00,29152798808272.0
2022-07-13 00:00:00,29152798808272.0
2022-07-14 00:00:00,29152798808272.0
2022-07-15 00:00:00,29152798808272.0
2022-07-16 00:00:00,29152798808272.0
2022-07-17 00:00:00,29152798808272.0
2022-07-18 00:00:00,29152798808272.0
2022-07-19 00:00:00,29152798808272.0
2022-07-20 00:00:00,29152798808272.0
2022-07-21 00:00:00,28827135813162.805
2022-07-22 00:00:00,27692567959234.0
2022-07-23 00:00:00,27692567959234.0
2022-07-24 00:00:00,27692567959234.0
2022-07-25 00:00:00,27692567959234.0
2022-07-26 00:00:00,27692567959234.0
2022-07-27 00:00:00,27692567959234.0
2022-07-28 00:00:00,27692567959234.0
2022-07-29 00:00:00,27692567959234.0
2022-07-30 00:00:00,27692567959234.0
2022-07-31 00:00:00,27692567959234.0
2022-08-01 00:00:00,27692567959234.0
2022-08-02 00:00:00,27692567959234.0
2022-08-03 00:00:00,27692567959234.0
2022-08-04 00:00:00,27915356836850.324
2022-08-05 00:00:00,28174668481289.0
2022-08-06 00:00:00,28174668481289.0
2022-08-07 00:00:00,28174668481289.0
2022-08-08 00:00:00,28174668481289.0
2022-08-09 00:00:00,28174668481289.0
2022-08-10 00:00:00,28174668481289.0
2022-08-11 00:00:00,28174668481289.0
2022-08-12 00:00:00,28174668481289.0
2022-08-13 00:00:00,28174668481289.0
2022-08-14 00:00:00,28174668481289.0
2022-08-15 00:00:00,28174668481289.0
2022-08-16 00:00:00,28174668481289.0
2022-08-17 00:00:00,28174668481289.0
2022-08-18 00:00:00,28275424991711.293
2022-08-19 00:00:00,28351606743494.0
2022-08-20 00:00:00,28351606743494.0
2022-08-21 00:00:00,28351606743494.0
2022-08-22 00:00:00,28351606743494.0
2022-08-23 00:00:00,28351606743494.0
2022-08-24 00:00:00,28351606743494.0
2022-08-25 00:00:00,28351606743494.0
2022-08-26 00:00:00,28351606743494.0
2022-08-27 00:00:00,28351606743494.0
2022-08-28 00:00:00,28351606743494.0
2022-08-29 00:00:00,28351606743494.0
2022-08-30 00:00:00,28351606743494.0
2022-08-31 00:00:00,30293716756044.19
2022-09-01 00:00:00,30977051760460.0
2022-09-02 00:00:00,30977051760460.0
2022-09-03 00:00:00,30977051760460.0
2022-09-04 00:00:00,30977051760460.0
2022-09-05 00:00:00,30977051760460.0
2022-09-06 00:00:00,30977051760460.0
2022-09-07 00:00:00,30977051760460.0
2022-09-08 00:00:00,30977051760460.0
2022-09-09 00:00:00,30977051760460.0
2022-09-10 00:00:00,30977051760460.0
2022-09-11 00:00:00,30977051760460.0
2022-09-12 00:00:00,30977051760460.0
2022-09-13 00:00:00,31125211237044.066
2022-09-14 00:00:00,32045359565303.0
2022-09-15 00:00:00,32045359565303.0
2022-09-16 00:00:00,32045359565303.0
2022-09-17 00:00:00,32045359565303.0
2022-09-18 00:00:00,32045359565303.0
2022-09-19 00:00:00,32045359565303.0
2022-09-20 00:00:00,32045359565303.0
2022-09-21 00:00:00,32045359565303.0
2022-09-22 00:00:00,32045359565303.0
2022-09-23 00:00:00,32045359565303.0
2022-09-24 00:00:00,32045359565303.0
2022-09-25 00:00:00,32045359565303.0
2022-09-26 00:00:00,32045359565303.0
2022-09-27 00:00:00,32045359565303.0
2022-09-28 00:00:00,31419898493798.69
2022-09-29 00:00:00,31360548173145.0
2022-09-30 00:00:00,31360548173145.0
2022-10-01 00:00:00,31360548173145.0
2022-10-02 00:00:00,31360548173145.0
2022-10-03 00:00:00,31360548173145.0
2022-10-04 00:00:00,31360548173145.0
2022-10-05 00:00:00,31360548173145.0
2022-10-06 00:00:00,31360548173145.0
2022-10-07 00:00:00,31360548173145.0
2022-10-08 00:00:00,31360548173145.0
2022-10-09 00:00:00,31360548173145.0
2022-10-10 00:00:00,33738662001569.633
2022-10-11 00:00:00,35610794164372.0
2022-10-12 00:00:00,35610794164372.0
2022-10-13 00:00:00,35610794164372.0
2022-10-14 00:00:00,35610794164372.0
2022-10-15 00:00:00,35610794164372.0
2022-10-16 00:00:00,35610794164372.0
2022-10-17 00:00:00,35610794164372.0
2022-10-18 00:00:00,35610794164372.0
2022-10-19 00:00:00,35610794164372.0
2022-10-20 00:00:00,35610794164372.0
2022-10-21 00:00:00,35610794164372.0
2022-10-22 00:00:00,35610794164372.0
2022-10-23 00:00:00,35626599175758.016
2022-10-24 00:00:00,36835682546788.0
2022-10-25 00:00:00,36835682546788.0
2022-10-26 00:00:00,36835682546788.0
2022-10-27 00:00:00,36835682546788.0
2022-10-28 00:00:00,36835682546788.0
2022-10-29 00:00:00,36835682546788.0
2022-10-30 00:00:00,36835682546788.0
2022-10-31 00:00:00,36835682546788.0
2022-11-01 00:00:00,36835682546788.0
2022-11-02 00:00:00,36835682546788.0
2022-11-03 00:00:00,36835682546788.0
2022-11-04 00:00:00,36835682546788.0
2022-11-05 00:00:00,36835682546788.0
2022-11-06 00:00:00,36835682546788.0
2022-11-07 00:00:00,36766791551487.06
2022-11-08 00:00:00,36762198818467.0
2022-11-09 00:00:00,36762198818467.0
2022-11-10 00:00:00,36762198818467.0
2022-11-11 00:00:00,36762198818467.0
2022-11-12 00:00:00,36762198818467.0
2022-11-13 00:00:00,36762198818467.0
2022-11-14 00:00:00,36762198818467.0
2022-11-15 00:00:00,36762198818467.0
2022-11-16 00:00:00,36762198818467.0
2022-11-17 00:00:00,36762198818467.0
2022-11-18 00:00:00,36762198818467.0
2022-11-19 00:00:00,36762198818467.0
2022-11-20 00:00:00,36773572356982.41
2022-11-21 00:00:00,36950494067222.0
2022-11-22 00:00:00,36950494067222.0
2022-11-23 00:00:00,36950494067222.0
2022-11-24 00:00:00,36950494067222.0
2022-11-25 00:00:00,36950494067222.0
2022-11-26 00:00:00,36950494067222.0
2022-11-27 00:00:00,36950494067222.0
2022-11-28 00:00:00,36950494067222.0
2022-11-29 00:00:00,36950494067222.0
2022-11-30 00:00:00,36950494067222.0
2022-12-01 00:00:00,36950494067222.0
2022-12-02 00:00:00,36950494067222.0
2022-12-03 00:00:00,36950494067222.0
2022-12-04 00:00:00,36950494067222.0
2022-12-05 00:00:00,36950494067222.0
2022-12-06 00:00:00,34464833739061.23
2022-12-07 00:00:00,34244331613176.0
2022-12-08 00:00:00,34244331613176.0
2022-12-09 00:00:00,34244331613176.0
2022-12-10 00:00:00,34244331613176.0
2022-12-11 00:00:00,34244331613176.0
2022-12-12 00:00:00,34244331613176.0
2022-12-13 00:00:00,34244331613176.0
2022-12-14 00:00:00,34244331613176.0
2022-12-15 00:00:00,34244331613176.0
2022-12-16 00:00:00,34244331613176.0
2022-12-17 00:00:00,34244331613176.0
2022-12-18 00:00:00,34244331613176.0
2022-12-19 00:00:00,34606598588472.793
2022-12-20 00:00:00,35364065900457.0
2022-12-21 00:00:00,35364065900457.0
2022-12-22 00:00:00,35364065900457.0
2022-12-23 00:00:00,35364065900457.0
2022-12-24 00:00:00,35364065900457.0
2022-12-25 00:00:00,35364065900457.0
2022-12-26 00:00:00,35364065900457.0
2022-12-27 00:00:00,35364065900457.0
2022-12-28 00:00:00,35364065900457.0
2022-12-29 00:00:00,35364065900457.0
2022-12-30 00:00:00,35364065900457.0
2022-12-31 00:00:00,35364065900457.0
2023-01-01 00:00:00,35364065900457.0
2023-01-02 00:00:00,35364065900457.0
2023-01-03 00:00:00,34209069922954.273
2023-01-04 00:00:00,34093570325204.0
2023-01-05 00:00:00,34093570325204.0
2023-01-06 00:00:00,34093570325204.0
2023-01-07 00:00:00,34093570325204.0
2023-01-08 00:00:00,34093570325204.0
2023-01-09 00:00:00,34093570325204.0
2023-01-10 00:00:00,34093570325204.0
2023-01-11 00:00:00,34093570325204.0
2023-01-12 00:00:00,34093570325204.0
2023-01-13 00:00:00,34093570325204.0
2023-01-14 00:00:00,34093570325204.0
2023-01-15 00:00:00,34586995580398.72
2023-01-16 00:00:00,37590453655497.0
2023-01-17 00:00:00,37590453655497.0
2023-01-18 00:00:00,37590453655497.0
2023-01-19 00:00:00,37590453655497.0
2023-01-20 00:00:00,37590453655497.0
2023-01-21 00:00:00,37590453655497.0
2023-01-22 00:00:00,37590453655497.0
2023-01-23 00:00:00,37590453655497.0
2023-01-24 00:00:00,37590453655497.0
2023-01-25 00:00:00,37590453655497.0
2023-01-26 00:00:00,37590453655497.0
2023-01-27 00:00:00,37590453655497.0
2023-01-28 00:00:00,37590453655497.0
2023-01-29 00:00:00,38858880377385.3
2023-01-30 00:00:00,39350942467773.0
2023-01-31 00:00:00,39350942467773.0
2023-02-01 00:00:00,39350942467773.0
2023-02-02 00:00:00,39350942467773.0
2023-02-03 00:00:00,39350942467773.0
2023-02-04 00:00:00,39350942467773.0
2023-02-05 00:00:00,39350942467773.0
2023-02-06 00:00:00,39350942467773.0
2023-02-07 00:00:00,39350942467773.0
2023-02-08 00:00:00,39350942467773.0
2023-02-09 00:00:00,39350942467773.0
2023-02-10 00:00:00,39350942467773.0
2023-02-11 00:00:00,39350942467773.0
2023-02-12 00:00:00,39226483659863.44
2023-02-13 00:00:00,39156400059293.0
2023-02-14 00:00:00,39156400059293.0
2023-02-15 00:00:00,39156400059293.0
2023-02-16 00:00:00,39156400059293.0
2023-02-17 00:00:00,39156400059293.0
2023-02-18 00:00:00,39156400059293.0
2023-02-19 00:00:00,39156400059293.0
2023-02-20 00:00:00,39156400059293.0
2023-02-21 00:00:00,39156400059293.0
2023-02-22 00:00:00,39156400059293.0
2023-02-23 00:00:00,39156400059293.0
2023-02-24 00:00:00,39156400059293.0
2023-02-25 00:00:00,42835295924696.13
2023-02-26 00:00:00,43053844193928.0
2023-02-27 00:00:00,43053844193928.0
2023-02-28 00:00:00,43053844193928.0
2023-03-01 00:00:00,43053844193928.0
2023-03-02 00:00:00,43053844193928.0
2023-03-03 00:00:00,43053844193928.0
2023-03-04 00:00:00,43053844193928.0
2023-03-05 00:00:00,43053844193928.0
2023-03-06 00:00:00,43053844193928.0
2023-03-07 00:00:00,43053844193928.0
2023-03-08 00:00:00,43053844193928.0
2023-03-09 00:00:00,43053844193928.0
2023-03-10 00:00:00,43127061549760.65
2023-03-11 00:00:00,43551722213590.0
2023-03-12 00:00:00,43551722213590.0
2023-03-13 00:00:00,43551722213590.0
2023-03-14 00:00:00,43551722213590.0
2023-03-15 00:00:00,43551722213590.0
2023-03-16 00:00:00,43551722213590.0
2023-03-17 00:00:00,43551722213590.0
2023-03-18 00:00:00,43551722213590.0
2023-03-19 00:00:00,43551722213590.0
2023-03-20 00:00:00,43551722213590.0
2023-03-21 00:00:00,43551722213590.0
2023-03-22 00:00:00,43551722213590.0
2023-03-23 00:00:00,43767569956061.28
2023-03-24 00:00:00,46843400286277.0
2023-03-25 00:00:00,46843400286277.0
2023-03-26 00:00:00,46843400286277.0
2023-03-27 00:00:00,46843400286277.0
2023-03-28 00:00:00,46843400286277.0
2023-03-29 00:00:00,46843400286277.0
2023-03-30 00:00:00,46843400286277.0
2023-03-31 00:00:00,46843400286277.0
2023-04-01 00:00:00,46843400286277.0
2023-04-02 00:00:00,46843400286277.0
2023-04-03 00:00:00,46843400286277.0
2023-04-04 00:00:00,46843400286277.0
2023-04-05 00:00:00,46843400286277.0
2023-04-06 00:00:00,47189345878587.8
2023-04-07 00:00:00,47887764338536.0
2023-04-08 00:00:00,47887764338536.0
2023-04-09 00:00:00,47887764338536.0
2023-04-10 00:00:00,47887764338536.0
2023-04-11 00:00:00,47887764338536.0
2023-04-12 00:00:00,47887764338536.0
2023-04-13 00:00:00,47887764338536.0
2023-04-14 00:00:00,47887764338536.0
2023-04-15 00:00:00,47887764338536.0
2023-04-16 00:00:00,47887764338536.0
2023-04-17 00:00:00,47887764338536.0
2023-04-18 00:00:00,47887764338536.0
2023-04-19 00:00:00,47887764338536.0
2023-04-20 00:00:00,48296984989381.2
2023-04-21 00:00:00,48712405953118.0
2023-04-22 00:00:00,48712405953118.0
2023-04-23 00:00:00,48712405953118.0
2023-04-24 00:00:00,48712405953118.0
2023-04-25 00:00:00,48712405953118.0
2023-04-26 00:00:00,48712405953118.0
2023-04-27 00:00:00,48712405953118.0
2023-04-28 00:00:00,48712405953118.0
2023-04-29 00:00:00,48712405953118.0
2023-04-30 00:00:00,48712405953118.0
2023-05-01 00:00:00,48712405953118.0
2023-05-02 00:00:00,48712405953118.0
2023-05-03 00:00:00,48712405953118.0
2023-05-04 00:00:00,48484851384225.305
2023-05-05 00:00:00,48005534313579.0
2023-05-06 00:00:00,48005534313579.0
2023-05-07 00:00:00,48005534313579.0
2023-05-08 00:00:00,48005534313579.0
2023-05-09 00:00:00,48005534313579.0
2023-05-10 00:00:00,48005534313579.0
2023-05-11 00:00:00,48005534313579.0
2023-05-12 00:00:00,48005534313579.0
2023-05-13 00:00:00,48005534313579.0
2023-05-14 00:00:00,48005534313579.0
2023-05-15 00:00:00,48005534313579.0
2023-05-16 00:00:00,48005534313579.0
2023-05-17 00:00:00,48005534313579.0
2023-05-18 00:00:00,49188301954866.32
2023-05-19 00:00:00,49549703178593.0
2023-05-20 00:00:00,49549703178593.0
2023-05-21 00:00:00,49549703178593.0
2023-05-22 00:00:00,49549703178593.0
2023-05-23 00:00:00,49549703178593.0
2023-05-24 00:00:00,49549703178593.0
2023-05-25 00:00:00,49549703178593.0
2023-05-26 00:00:00,49549703178593.0
2023-05-27 00:00:00,49549703178593.0
2023-05-28 00:00:00,49549703178593.0
2023-05-29 00:00:00,49549703178593.0
2023-05-30 00:00:00,49549703178593.0
2023-05-31 00:00:00,49896188532214.63
2023-06-01 00:00:00,51234338863443.0
2023-06-02 00:00:00,51234338863443.0
2023-06-03 00:00:00,51234338863443.0
2023-06-04 00:00:00,51234338863443.0
2023-06-05 00:00:00,51234338863443.0
2023-06-06 00:00:00,51234338863443.0
2023-06-07 00:00:00,51234338863443.0
2023-06-08 00:00:00,51234338863443.0
2023-06-09 00:00:00,51234338863443.0
2023-06-10 00:00:00,51234338863443.0
2023-06-11 00:00:00,51234338863443.0
2023-06-12 00:00:00,51234338863443.0
2023-06-13 00:00:00,51234338863443.0
2023-06-14 00:00:00,51935360722908.66
2023-06-15 00:00:00,52350439455487.0
2023-06-16 00:00:00,52350439455487.0
2023-06-17 00:00:00,52350439455487.0
2023-06-18 00:00:00,52350439455487.0
2023-06-19 00:00:00,52350439455487.0
2023-06-20 00:00:00,52350439455487.0
2023-06-21 00:00:00,52350439455487.0
2023-06-22 00:00:00,52350439455487.0
2023-06-23 00:00:00,52350439455487.0
2023-06-24 00:00:00,52350439455487.0
2023-06-25 00:00:00,52350439455487.0
2023-06-26 00:00:00,52350439455487.0
2023-06-27 00:00:00,52350439455487.0
2023-06-28 00:00:00,52255759843018.72
2023-06-29 00:00:00,50646206431058.0
2023-06-30 00:00:00,50646206431058.0
2023-07-01 00:00:00,50646206431058.0
2023-07-02 00:00:00,50646206431058.0
2023-07-03 00:00:00,50646206431058.0
2023-07-04 00:00:00,50646206431058.0
2023-07-05 00:00:00,50646206431058.0
2023-07-06 00:00:00,50646206431058.0
2023-07-07 00:00:00,50646206431058.0
2023-07-08 00:00:00,50646206431058.0
2023-07-09 00:00:00,50646206431058.0
2023-07-10 00:00:00,50646206431058.0
2023-07-11 00:00:00,50646206431058.0
2023-07-12 00:00:00,53503052179805.375
2023-07-13 00:00:00,53911173001055.0
2023-07-14 00:00:00,53911173001055.0
2023-07-15 00:00:00,53911173001055.0
2023-07-16 00:00:00,53911173001055.0
2023-07-17 00:00:00,53911173001055.0
2023-07-18 00:00:00,53911173001055.0
2023-07-19 00:00:00,53911173001055.0
2023-07-20 00:00:00,53911173001055.0
2023-07-21 00:00:00,53911173001055.0
2023-07-22 00:00:00,53911173001055.0
2023-07-23 00:00:00,53911173001055.0
2023-07-24 00:00:00,53911173001055.0
2023-07-25 00:00:00,53911173001055.0
2023-07-26 00:00:00,53251647610383.75
2023-07-27 00:00:00,52328312063444.0
2023-07-28 00:00:00,52328312063444.0
2023-07-29 00:00:00,52328312063444.0
2023-07-30 00:00:00,52328312063444.0
2023-07-31 00:00:00,52328312063444.0
2023-08-01 00:00:00,52328312063444.0
2023-08-02 00:00:00,52328312063444.0
2023-08-03 00:00:00,52328312063444.0
2023-08-04 00:00:00,52328312063444.0
2023-08-05 00:00:00,52328312063444.0
2023-08-06 00:00:00,52328312063444.0
2023-08-07 00:00:00,52328312063444.0
2023-08-08 00:00:00,52328312063444.0
2023-08-09 00:00:00,52358969387622.18
2023-08-10 00:00:00,52391178981379.0
2023-08-11 00:00:00,52391178981379.0
2023-08-12 00:00:00,52391178981379.0
2023-08-13 00:00:00,52391178981379.0
2023-08-14 00:00:00,52391178981379.0
2023-08-15 00:00:00,52391178981379.0
2023-08-16 00:00:00,52391178981379.0
2023-08-17 00:00:00,52391178981379.0
2023-08-18 00:00:00,52391178981379.0
2023-08-19 00:00:00,52391178981379.0
2023-08-20 00:00:00,52391178981379.0
2023-08-21 00:00:00,52391178981379.0
2023-08-22 00:00:00,53588410123873.43
2023-08-23 00:00:00,55621444139430.0
2023-08-24 00:00:00,55621444139430.0
2023-08-25 00:00:00,55621444139430.0
2023-08-26 00:00:00,55621444139430.0
2023-08-27 00:00:00,55621444139430.0
2023-08-28 00:00:00,55621444139430.0
2023-08-29 00:00:00,55621444139430.0
2023-08-30 00:00:00,55621444139430.0
2023-08-31 00:00:00,55621444139430.0
2023-09-01 00:00:00,55621444139430.0
2023-09-02 00:00:00,55621444139430.0
2023-09-03 00:00:00,55621444139430.0
2023-09-04 00:00:00,55621444139430.0
2023-09-05 00:00:00,55621444139430.0
2023-09-06 00:00:00,54302721812289.63
2023-09-07 00:00:00,54150142369480.0
2023-09-08 00:00:00,54150142369480.0
2023-09-09 00:00:00,54150142369480.0
2023-09-10 00:00:00,54150142369480.0
2023-09-11 00:00:00,54150142369480.0
2023-09-12 00:00:00,54150142369480.0
2023-09-13 00:00:00,54150142369480.0
2023-09-14 00:00:00,54150142369480.0
2023-09-15 00:00:00,54150142369480.0
2023-09-16 00:00:00,54150142369480.0
2023-09-17 00:00:00,54150142369480.0
2023-09-18 00:00:00,54150142369480.0
2023-09-19 00:00:00,55816608966185.68
2023-09-20 00:00:00,57119871304635.0
2023-09-21 00:00:00,57119871304635.0
2023-09-22 00:00:00,57119871304635.0
2023-09-23 00:00:00,57119871304635.0
2023-09-24 00:00:00,57119871304635.0
2023-09-25 00:00:00,57119871304635.0
2023-09-26 00:00:00,57119871304635.0
2023-09-27 00:00:00,57119871304635.0
2023-09-28 00:00:00,57119871304635.0
2023-09-29 00:00:00,57119871304635.0
2023-09-30 00:00:00,57119871304635.0
2023-10-01 00:00:00,57119871304635.0
2023-10-02 00:00:00,57119871304635.0
2023-10-03 00:00:00,57252656596459.91
2023-10-04 00:00:00,57321508229258.0
2023-10-05 00:00:00,57321508229258.0
2023-10-06 00:00:00,57321508229258.0
2023-10-07 00:00:00,57321508229258.0
2023-10-08 00:00:00,57321508229258.0
2023-10-09 00:00:00,57321508229258.0
2023-10-10 00:00:00,57321508229258.0
2023-10-11 00:00:00,57321508229258.0
2023-10-12 00:00:00,57321508229258.0
2023-10-13 00:00:00,57321508229258.0
2023-10-14 00:00:00,57321508229258.0
2023-10-15 00:00:00,57321508229258.0
2023-10-16 00:00:00,59373391582489.234
2023-10-17 00:00:00,61030681983176.0
2023-10-18 00:00:00,61030681983176.0
2023-10-19 00:00:00,61030681983176.0
2023-10-20 00:00:00,61030681983176.0
2023-10-21 00:00:00,61030681983176.0
2023-10-22 00:00:00,61030681983176.0
2023-10-23 00:00:00,61030681983176.0
2023-10-24 00:00:00,61030681983176.0
2023-10-25 00:00:00,61030681983176.0
2023-10-26 00:00:00,61030681983176.0
2023-10-27 00:00:00,61030681983176.0
2023-10-28 00:00:00,61030681983176.0
2023-10-29 00:00:00,61030681983176.0
2023-10-30 00:00:00,62224673386140.1
2023-10-31 00:00:00,62463471666732.93
2023-11-01 00:00:00,62463471666732.97
2023-11-02 00:00:00,62463471666733.0
2023-11-03 00:00:00,62463471666733.0
2023-11-04 00:00:00,62463471666732.86
2023-11-05 00:00:00,62463471666732.88
2023-11-06 00:00:00,62463471666733.0
2023-11-07 00:00:00,62463471666733.0
2023-11-08 00:00:00,62463471666732.97
2023-11-09 00:00:00,62463471666733.0
2023-11-10 00:00:00,62463471666732.94
2023-11-11 00:00:00,62463471666732.9
2023-11-12 00:00:00,63233946844737.766
2023-11-13 00:00:00,64678587803497.0
2023-11-14 00:00:00,64678587803497.0
2023-11-15 00:00:00,64678587803496.945
2023-11-16 00:00:00,64678587803496.945
2023-11-17 00:00:00,64678587803496.93
2023-11-18 00:00:00,64678587803496.94
2023-11-19 00:00:00,64678587803496.82
2023-11-20 00:00:00,64678587803496.84
2023-11-21 00:00:00,64678587803496.92
2023-11-22 00:00:00,64678587803496.984
2023-11-23 00:00:00,64678587803496.95
2023-11-24 00:00:00,64678587803496.836
2023-11-25 00:00:00,64678587803496.88
2023-11-26 00:00:00,67912869716769.22
2023-11-27 00:00:00,67957790298898.0
2023-11-28 00:00:00,67957790298898.0
2023-11-29 00:00:00,67957790298898.0
2023-11-30 00:00:00,67957790298898.0
2023-12-01 00:00:00,67957790298898.0
2023-12-02 00:00:00,67957790298898.0
2023-12-03 00:00:00,67957790298898.0
2023-12-04 00:00:00,67957790298898.0
2023-12-05 00:00:00,67957790298898.0
2023-12-06 00:00:00,67957790298898.0
2023-12-07 00:00:00,67957790298898.0
2023-12-08 00:00:00,67957790298898.0
2023-12-09 00:00:00,67957790298898.0
2023-12-10 00:00:00,67436283581404.43
2023-12-11 00:00:00,67305906902031.14
2023-12-12 00:00:00,67305906902031.055
2023-12-13 00:00:00,67305906902031.086
2023-12-14 00:00:00,67305906902031.07
2023-12-15 00:00:00,67305906902031.164
2023-12-16 00:00:00,67305906902031.1
2023-12-17 00:00:00,67305906902031.09
2023-12-18 00:00:00,67305906902031.19
2023-12-19 00:00:00,67305906902031.164
2023-12-20 00:00:00,67305906902031.06
2023-12-21 00:00:00,67305906902031.07
2023-12-22 00:00:00,67305906902031.19
2023-12-23 00:00:00,70449192118839.66
2023-12-24 00:00:00,72006146478567.25
2023-12-25 00:00:00,72006146478567.08
2023-12-26 00:00:00,72006146478567.08
2023-12-27 00:00:00,72006146478567.0
2023-12-28 00:00:00,72006146478567.0
2023-12-29 00:00:00,72006146478567.16
2023-12-30 00:00:00,72006146478567.12
2023-12-31 00:00:00,72006146478567.17
2024-01-01 00:00:00,72006146478567.17
2024-01-02 00:00:00,72006146478567.02
2024-01-03 00:00:00,72006146478567.19
2024-01-04 00:00:00,72006146478567.25
2024-01-05 00:00:00,72006146478567.08
2024-01-06 00:00:00,73146570446681.67
2024-01-07 00:00:00,73197634206448.0
2024-01-08 00:00:00,73197634206448.0
2024-01-09 00:00:00,73197634206448.0
2024-01-10 00:00:00,73197634206448.0
2024-01-11 00:00:00,73197634206448.0
2024-01-12 00:00:00,73197634206448.0
2024-01-13 00:00:00,73197634206448.0
2024-01-14 00:00:00,73197634206448.0
2024-01-15 00:00:00,73197634206448.0
2024-01-16 00:00:00,73197634206448.0
2024-01-17 00:00:00,73197634206448.0
2024-01-18 00:00:00,73197634206448.0
2024-01-19 00:00:00,73197634206448.0
2024-01-20 00:00:00,72219650984228.06
2024-01-21 00:00:00,70343519904867.086
2024-01-22 00:00:00,70343519904867.2
2024-01-23 00:00:00,70343519904867.17
2024-01-24 00:00:00,70343519904867.15
2024-01-25 00:00:00,70343519904867.29
2024-01-26 00:00:00,70343519904867.16
2024-01-27 00:00:00,70343519904867.25
2024-01-28 00:00:00,70343519904867.2
2024-01-29 00:00:00,70343519904867.18
2024-01-30 00:00:00,70343519904867.11
2024-01-31 00:00:00,70343519904867.02
2024-02-01 00:00:00,70343519904867.164
2024-02-02 00:00:00,72346611061723.23
2024-02-03 00:00:00,75502165623894.0
2024-02-04 00:00:00,75502165623894.0
2024-02-05 00:00:00,75502165623894.0
2024-02-06 00:00:00,75502165623894.0
2024-02-07 00:00:00,75502165623894.0
2024-02-08 00:00:00,75502165623894.0
2024-02-09 00:00:00,75502165623894.0
2024-02-10 00:00:00,75502165623894.0
2024-02-11 00:00:00,75502165623894.0
2024-02-12 00:00:00,75502165623894.0
2024-02-13 00:00:00,75502165623894.0
2024-02-14 00:00:00,75502165623894.0
2024-02-15 00:00:00,77563331090797.1
2024-02-16 00:00:00,81725299822043.17
2024-02-17 00:00:00,81725299822043.25
2024-02-18 00:00:00,81725299822043.08
2024-02-19 00:00:00,81725299822043.17
2024-02-20 00:00:00,81725299822043.2
2024-02-21 00:00:00,81725299822043.19
2024-02-22 00:00:00,81725299822043.17
2024-02-23 00:00:00,81725299822043.3
2024-02-24 00:00:00,81725299822043.19
2024-02-25 00:00:00,81725299822043.31
2024-02-26 00:00:00,81725299822043.16
2024-02-27 00:00:00,81725299822043.12
2024-02-28 00:00:00,81725299822043.25
2024-02-29 00:00:00,81725299822043.16
2024-03-01 00:00:00,79428308380841.48
2024-03-02 00:00:00,79351228131136.9
2024-03-03 00:00:00,79351228131136.75
2024-03-04 00:00:00,79351228131136.9
2024-03-05 00:00:00,79351228131136.69
2024-03-06 00:00:00,79351228131136.83
2024-03-07 00:00:00,79351228131136.64
2024-03-08 00:00:00,79351228131136.75
2024-03-09 00:00:00,79351228131136.72
2024-03-10 00:00:00,79351228131136.81
2024-03-11 00:00:00,79351228131136.69
2024-03-12 00:00:00,79351228131136.83
2024-03-13 00:00:00,79351228131136.72
2024-03-14 00:00:00,82709090260024.77
2024-03-15 00:00:00,83947913181362.0
2024-03-16 00:00:00,83947913181362.0
2024-03-17 00:00:00,83947913181362.0
2024-03-18 00:00:00,83947913181362.0
2024-03-19 00:00:00,83947913181362.0
2024-03-20 00:00:00,83947913181362.0
2024-03-21 00:00:00,83947913181362.0
2024-03-22 00:00:00,83947913181362.0
2024-03-23 00:00:00,83947913181362.0
2024-03-24 00:00:00,83947913181362.0
2024-03-25 00:00:00,83947913181362.0
2024-03-26 00:00:00,83947913181362.0
2024-03-27 00:00:00,83947913181362.0
2024-03-28 00:00:00,83467245353210.45
2024-03-29 00:00:00,83126997340024.75
2024-03-30 00:00:00,83126997340024.7
2024-03-31 00:00:00,83126997340024.78
2024-04-01 00:00:00,83126997340024.72
2024-04-02 00:00:00,83126997340024.73
2024-04-03 00:00:00,83126997340024.77
2024-04-04 00:00:00,83126997340024.78
2024-04-05 00:00:00,83126997340024.73
2024-04-06 00:00:00,83126997340024.7
2024-04-07 00:00:00,83126997340024.64
2024-04-08 00:00:00,83126997340024.69
2024-04-09 00:00:00,83126997340024.73
2024-04-10 00:00:00,83450993523979.81
2024-04-11 00:00:00,86388558925171.22
2024-04-12 00:00:00,86388558925171.23
2024-04-13 00:00:00,86388558925171.36
2024-04-14 00:00:00,86388558925171.34
2024-04-15 00:00:00,86388558925171.27
2024-04-16 00:00:00,86388558925171.38
2024-04-17 00:00:00,86388558925171.23
2024-04-18 00:00:00,86388558925171.28
2024-04-19 00:00:00,86388558925171.31
2024-04-20 00:00:00,86388558925171.2
2024-04-21 00:00:00,86388558925171.25
2024-04-22 00:00:00,86388558925171.31
2024-04-23 00:00:00,86388558925171.38
2024-04-24 00:00:00,87185497750595.1
2024-04-25 00:00:00,88104191118792.72
2024-04-26 00:00:00,88104191118792.78
2024-04-27 00:00:00,88104191118792.75
2024-04-28 00:00:00,88104191118792.75
2024-04-29 00:00:00,88104191118792.8
2024-04-30 00:00:00,88104191118792.73
2024-05-01 00:00:00,88104191118792.78
2024-05-02 00:00:00,88104191118792.72
2024-05-03 00:00:00,88104191118792.81
2024-05-04 00:00:00,88104191118792.73
2024-05-05 00:00:00,88104191118792.75
2024-05-06 00:00:00,88104191118792.86
2024-05-07 00:00:00,88104191118792.86
2024-05-08 00:00:00,88104191118792.81
2024-05-09 00:00:00,85164867739885.7
2024-05-10 00:00:00,83148355189240.0
2024-05-11 00:00:00,83148355189240.0
2024-05-12 00:00:00,83148355189240.0
2024-05-13 00:00:00,83148355189240.0
2024-05-14 00:00:00,83148355189240.0
2024-05-15 00:00:00,83148355189240.0
2024-05-16 00:00:00,83148355189240.0
2024-05-17 00:00:00,83148355189240.0
2024-05-18 00:00:00,83148355189240.0
2024-05-19 00:00:00,83148355189240.0
2024-05-20 00:00:00,83148355189240.0
2024-05-21 00:00:00,83148355189240.0
2024-05-22 00:00:00,83148355189240.0
2024-05-23 00:00:00,84060416283612.4
2024-05-24 00:00:00,84381461788831.33
2024-05-25 00:00:00,84381461788831.33
2024-05-26 00:00:00,84381461788831.36
2024-05-27 00:00:00,84381461788831.12
2024-05-28 00:00:00,84381461788831.19
2024-05-29 00:00:00,84381461788831.22
2024-05-30 00:00:00,84381461788831.12
2024-05-31 00:00:00,84381461788831.27
2024-06-01 00:00:00,84381461788831.23
2024-06-02 00:00:00,84381461788831.23
2024-06-03 00:00:00,84381461788831.31
2024-06-04 00:00:00,84381461788831.19
2024-06-05 00:00:00,84381461788831.12
2024-06-06 00:00:00,83931592439295.94
2024-06-07 00:00:00,83716654861184.77
2024-06-08 00:00:00,83716654861184.62
2024-06-09 00:00:00,83716654861184.7
2024-06-10 00:00:00,83716654861184.78
2024-06-11 00:00:00,83716654861184.88
2024-06-12 00:00:00,83716654861184.73
2024-06-13 00:00:00,83716654861184.75
2024-06-14 00:00:00,83716654861184.84
2024-06-15 00:00:00,83716654861184.81
2024-06-16 00:00:00,83716654861184.66
2024-06-17 00:00:00,83716654861184.77
2024-06-18 00:00:00,83716654861184.7
2024-06-19 00:00:00,83716654861184.78
2024-06-20 00:00:00,83691445854747.97
2024-06-21 00:00:00,83675262295060.0
2024-06-22 00:00:00,83675262295060.0
2024-06-23 00:00:00,83675262295060.0
2024-06-24 00:00:00,83675262295060.0
2024-06-25 00:00:00,83675262295060.0
2024-06-26 00:00:00,83675262295060.0
2024-06-27 00:00:00,83675262295060.0
2024-06-28 00:00:00,83675262295060.0
2024-06-29 00:00:00,83675262295060.0
2024-06-30 00:00:00,83675262295060.0
2024-07-01 00:00:00,83675262295060.0
2024-07-02 00:00:00,83675262295060.0
2024-07-03 00:00:00,83675262295060.0
2024-07-04 00:00:00,83675262295060.0
2024-07-05 00:00:00,80082477459597.12
2024-07-06 00:00:00,79495195323031.3
2024-07-07 00:00:00,79495195323031.17
2024-07-08 00:00:00,79495195323031.27
2024-07-09 00:00:00,79495195323031.25
2024-07-10 00:00:00,79495195323031.14
2024-07-11 00:00:00,79495195323031.17
2024-07-12 00:00:00,79495195323031.23
2024-07-13 00:00:00,79495195323031.25
2024-07-14 00:00:00,79495195323031.31
2024-07-15 00:00:00,79495195323031.23
2024-07-16 00:00:00,79495195323031.2
2024-07-17 00:00:00,79495195323031.27
2024-07-18 00:00:00,80326252623417.58
2024-07-19 00:00:00,82047728459932.77
2024-07-20 00:00:00,82047728459932.67
2024-07-21 00:00:00,82047728459932.66
2024-07-22 00:00:00,82047728459932.62
2024-07-23 00:00:00,82047728459932.66
2024-07-24 00:00:00,82047728459932.8
2024-07-25 00:00:00,82047728459932.69
2024-07-26 00:00:00,82047728459932.7
2024-07-27 00:00:00,82047728459932.73
2024-07-28 00:00:00,82047728459932.75
2024-07-29 00:00:00,82047728459932.62
2024-07-30 00:00:00,82047728459932.75
2024-07-31 00:00:00,87487947532070.14
2024-08-01 00:00:00,90666502495566.0
2024-08-02 00:00:00,90666502495566.0
2024-08-03 00:00:00,90666502495566.0
2024-08-04 00:00:00,90666502495566.0
2024-08-05 00:00:00,90666502495566.0
2024-08-06 00:00:00,90666502495566.0
2024-08-07 00:00:00,90666502495566.0
2024-08-08 00:00:00,90666502495566.0
2024-08-09 00:00:00,90666502495566.0
2024-08-10 00:00:00,90666502495566.0
2024-08-11 00:00:00,90666502495566.0
2024-08-12 00:00:00,90666502495566.0
2024-08-13 00:00:00,90666502495566.0
2024-08-14 00:00:00,90637752282067.48
2024-08-15 00:00:00,86871474313762.0
2024-08-16 00:00:00,86871474313762.0
2024-08-17 00:00:00,86871474313762.0
2024-08-18 00:00:00,86871474313762.0
2024-08-19 00:00:00,86871474313762.0
2024-08-20 00:00:00,86871474313762.0
2024-08-21 00:00:00,86871474313762.0
2024-08-22 00:00:00,86871474313762.0
2024-08-23 00:00:00,86871474313762.0
2024-08-24 00:00:00,86871474313762.0
2024-08-25 00:00:00,86871474313762.0
2024-08-26 00:00:00,86871474313762.0
2024-08-27 00:00:00,86871474313762.0
2024-08-28 00:00:00,87937390901164.8
2024-08-29 00:00:00,89471664776971.25
2024-08-30 00:00:00,89471664776971.3
2024-08-31 00:00:00,89471664776971.31
2024-09-01 00:00:00,89471664776971.3
2024-09-02 00:00:00,89471664776971.4
2024-09-03 00:00:00,89471664776971.33
2024-09-04 00:00:00,89471664776971.34
2024-09-05 00:00:00,89471664776971.36
2024-09-06 00:00:00,89471664776971.31
2024-09-07 00:00:00,89471664776971.36
2024-09-08 00:00:00,89471664776971.4
2024-09-09 00:00:00,89471664776971.31
2024-09-10 00:00:00,89471664776971.27
2024-09-11 00:00:00,92286401734175.08
2024-09-12 00:00:00,92671576265160.66
2024-09-13 00:00:00,92671576265160.81
2024-09-14 00:00:00,92671576265160.72
2024-09-15 00:00:00,92671576265160.66
2024-09-16 00:00:00,92671576265160.8
2024-09-17 00:00:00,92671576265160.67
2024-09-18 00:00:00,92671576265160.72
2024-09-19 00:00:00,92671576265160.81
2024-09-20 00:00:00,92671576265160.69
2024-09-21 00:00:00,92671576265160.73
2024-09-22 00:00:00,92671576265160.73
2024-09-23 00:00:00,92671576265160.69
2024-09-24 00:00:00,92671576265160.69
2024-09-25 00:00:00,91782581703877.36
2024-09-26 00:00:00,88404402371000.0
2024-09-27 00:00:00,88404402371000.0
2024-09-28 00:00:00,88404402371000.0
2024-09-29 00:00:00,88404402371000.0
2024-09-30 00:00:00,88404402371000.0
2024-10-01 00:00:00,88404402371000.0
2024-10-02 00:00:00,88404402371000.0
2024-10-03 00:00:00,88404402371000.0
2024-10-04 00:00:00,88404402371000.0
2024-10-05 00:00:00,88404402371000.0
2024-10-06 00:00:00,88404402371000.0
2024-10-07 00:00:00,88404402371000.0
2024-10-08 00:00:00,88404402371000.0
2024-10-09 00:00:00,91073716327740.78
2024-10-10 00:00:00,92049594548484.64
2024-10-11 00:00:00,92049594548484.72
2024-10-12 00:00:00,92049594548484.7
2024-10-13 00:00:00,92049594548484.72
2024-10-14 00:00:00,92049594548484.72
2024-10-15 00:00:00,92049594548484.64
2024-10-16 00:00:00,92049594548484.7
2024-10-17 00:00:00,92049594548484.64
2024-10-18 00:00:00,92049594548484.73
2024-10-19 00:00:00,92049594548484.58
2024-10-20 00:00:00,92049594548484.58
2024-10-21 00:00:00,92049594548484.58
2024-10-22 00:00:00,93021007793487.48
2024-10-23 00:00:00,95672703408224.0
2024-10-24 00:00:00,95672703408224.0
2024-10-25 00:00:00,95672703408224.0
2024-10-26 00:00:00,95672703408224.0
2024-10-27 00:00:00,95672703408224.0
2024-10-28 00:00:00,95672703408224.0
2024-10-29 00:00:00,95672703408224.0
2024-10-30 00:00:00,95672703408224.0
2024-10-31 00:00:00,95672703408224.0
2024-11-01 00:00:00,95672703408224.0
2024-11-02 00:00:00,95672703408224.0
2024-11-03 00:00:00,95672703408224.0
2024-11-04 00:00:00,95989214149657.64
2024-11-05 00:00:00,101646843652784.64
2024-11-06 00:00:00,101646843652784.58
2024-11-07 00:00:00,101646843652784.56
2024-11-08 00:00:00,101646843652784.62
2024-11-09 00:00:00,101646843652784.64
2024-11-10 00:00:00,101646843652784.6
2024-11-11 00:00:00,101646843652784.64
2024-11-12 00:00:00,101646843652784.61
2024-11-13 00:00:00,101646843652784.64
2024-11-14 00:00:00,101646843652784.69
2024-11-15 00:00:00,101646843652784.6
2024-11-16 00:00:00,101646843652784.56
2024-11-17 00:00:00,101646843652784.6
2024-11-18 00:00:00,101766294632436.23
2024-11-19 00:00:00,102289407543324.0
2024-11-20 00:00:00,102289407543324.0
2024-11-21 00:00:00,102289407543324.0
2024-11-22 00:00:00,102289407543324.0
2024-11-23 00:00:00,102289407543324.0
2024-11-24 00:00:00,102289407543324.0
2024-11-25 00:00:00,102289407543324.0
2024-11-26 00:00:00,102289407543324.0
2024-11-27 00:00:00,102289407543324.0
2024-11-28 00:00:00,102289407543324.0
2024-11-29 00:00:00,102289407543324.0
2024-11-30 00:00:00,102289407543324.0
2024-12-01 00:00:00,102289407543324.0
2024-12-02 00:00:00,102892719959890.11
2024-12-03 00:00:00,103919634711492.0
2024-12-04 00:00:00,103919634711492.0
2024-12-05 00:00:00,103919634711492.0
2024-12-06 00:00:00,103919634711492.0
2024-12-07 00:00:00,103919634711492.0
2024-12-08 00:00:00,103919634711492.0
2024-12-09 00:00:00,103919634711492.0
2024-12-10 00:00:00,103919634711492.0
2024-12-11 00:00:00,103919634711492.0
2024-12-12 00:00:00,103919634711492.0
2024-12-13 00:00:00,103919634711492.0
2024-12-14 00:00:00,103919634711492.0
2024-12-15 00:00:00,103919634711492.0
2024-12-16 00:00:00,108242734681593.58
2024-12-17 00:00:00,108522647629298.0
2024-12-18 00:00:00,108522647629298.0
2024-12-19 00:00:00,108522647629298.0
2024-12-20 00:00:00,108522647629298.0
2024-12-21 00:00:00,108522647629298.0
2024-12-22 00:00:00,108522647629298.0
2024-12-23 00:00:00,108522647629298.0
2024-12-24 00:00:00,108522647629298.0
2024-12-25 00:00:00,108522647629298.0
2024-12-26 00:00:00,108522647629298.0
2024-12-27 00:00:00,108522647629298.0
2024-12-28 00:00:00,108522647629298.0
2024-12-29 00:00:00,108610329323384.5
2024-12-30 00:00:00,109782075598904.53
2024-12-31 00:00:00,109782075598904.66
2025-01-01 00:00:00,109782075598904.6
2025-01-02 00:00:00,109782075598904.5
2025-01-03 00:00:00,109782075598904.6
2025-01-04 00:00:00,109782075598904.56
2025-01-05 00:00:00,109782075598904.53
2025-01-06 00:00:00,109782075598904.62
2025-01-07 00:00:00,109782075598904.62
2025-01-08 00:00:00,109782075598904.67
2025-01-09 00:00:00,109782075598904.55
2025-01-10 00:00:00,109782075598904.6
2025-01-11 00:00:00,109782075598904.61
2025-01-12 00:00:00,109910589834948.7
2025-01-13 00:00:00,110451907374650.0
2025-01-14 00:00:00,110451907374650.0
2025-01-15 00:00:00,110451907374650.0
2025-01-16 00:00:00,110451907374650.0
2025-01-17 00:00:00,110451907374650.0
2025-01-18 00:00:00,110451907374650.0
2025-01-19 00:00:00,110451907374650.0
2025-01-20 00:00:00,110451907374650.0
2025-01-21 00:00:00,110451907374650.0
2025-01-22 00:00:00,110451907374650.0
2025-01-23 00:00:00,110451907374650.0
2025-01-24 00:00:00,110451907374650.0
2025-01-25 00:00:00,110451907374650.0
2025-01-26 00:00:00,110451907374650.0
2025-01-27 00:00:00,108526595760699.28
2025-01-28 00:00:00,108105433845147.44
2025-01-29 00:00:00,108105433845147.45
2025-01-30 00:00:00,108105433845147.42
2025-01-31 00:00:00,108105433845147.33
2025-02-01 00:00:00,108105433845147.55
2025-02-02 00:00:00,108105433845147.52
2025-02-03 00:00:00,108105433845147.45
2025-02-04 00:00:00,108105433845147.36
2025-02-05 00:00:00,108105433845147.42
2025-02-06 00:00:00,108105433845147.42
2025-02-07 00:00:00,108105433845147.52
2025-02-08 00:00:00,108105433845147.47
2025-02-09 00:00:00,111878185464323.42
2025-02-10 00:00:00,114167270716408.0
2025-02-11 00:00:00,114167270716408.0
2025-02-12 00:00:00,114167270716408.0
2025-02-13 00:00:00,114167270716408.0
2025-02-14 00:00:00,114167270716408.0
2025-02-15 00:00:00,114167270716408.0
2025-02-16 00:00:00,114167270716408.0
2025-02-17 00:00:00,114167270716408.0
2025-02-18 00:00:00,114167270716408.0
2025-02-19 00:00:00,114167270716408.0
2025-02-20 00:00:00,114167270716408.0
2025-02-21 00:00:00,114167270716408.0
2025-02-22 00:00:00,114167270716408.0
2025-02-23 00:00:00,113609310651996.22
2025-02-24 00:00:00,110568428300952.64
2025-02-25 00:00:00,110568428300952.58
2025-02-26 00:00:00,110568428300952.53
2025-02-27 00:00:00,110568428300952.56
2025-02-28 00:00:00,110568428300952.53
2025-03-01 00:00:00,110568428300952.58
2025-03-02 00:00:00,110568428300952.67
2025-03-03 00:00:00,110568428300952.56
2025-03-04 00:00:00,110568428300952.58
2025-03-05 00:00:00,110568428300952.62
2025-03-06 00:00:00,110568428300952.5
2025-03-07 00:00:00,110568428300952.6
2025-03-08 00:00:00,110568428300952.61
2025-03-09 00:00:00,111085509723899.64
2025-03-10 00:00:00,112149504190348.52
2025-03-11 00:00:00,112149504190348.58
2025-03-12 00:00:00,112149504190348.52
2025-03-13 00:00:00,112149504190348.5
2025-03-14 00:00:00,112149504190348.56
2025-03-15 00:00:00,112149504190348.61
2025-03-16 00:00:00,112149504190348.55
2025-03-17 00:00:00,112149504190348.58
2025-03-18 00:00:00,112149504190348.56
2025-03-19 00:00:00,112149504190348.53
2025-03-20 00:00:00,112149504190348.56
2025-03-21 00:00:00,112149504190348.55
2025-03-22 00:00:00,112149504190348.53
2025-03-23 00:00:00,113035968276012.02
2025-03-24 00:00:00,113757508810854.0
2025-03-25 00:00:00,113757508810854.0
2025-03-26 00:00:00,113757508810854.0
2025-03-27 00:00:00,113757508810854.0
2025-03-28 00:00:00,113757508810854.0
2025-03-29 00:00:00,113757508810854.0
2025-03-30 00:00:00,113757508810854.0
2025-03-31 00:00:00,113757508810854.0
2025-04-01 00:00:00,113757508810854.0
2025-04-02 00:00:00,113757508810854.14
2025-04-03 00:00:00,113757508810854.0
2025-04-04 00:00:00,113757508810854.22
2025-04-05 00:00:00,116403947359503.08
2025-04-06 00:00:00,121507793131898.0
2025-04-07 00:00:00,121507793131898.0
2025-04-08 00:00:00,121507793131897.94
2025-04-09 00:00:00,121507793131898.0
2025-04-10 00:00:00,121507793131898.0
2025-04-11 00:00:00,121507793131898.0
2025-04-12 00:00:00,121507793131898.0
2025-04-13 00:00:00,121507793131897.72
2025-04-14 00:00:00,121507793131897.98
2025-04-15 00:00:00,121507793131898.0
2025-04-16 00:00:00,121507793131898.0
2025-04-17 00:00:00,121507793131897.94
2025-04-18 00:00:00,121507793131898.0
2025-04-19 00:00:00,122638153785919.48
2025-04-20 00:00:00,123234387977051.38
2025-04-21 00:00:00,123234387977051.39
2025-04-22 00:00:00,123234387977051.52
2025-04-23 00:00:00,123234387977051.33
2025-04-24 00:00:00,123234387977051.47
2025-04-25 00:00:00,123234387977051.47
2025-04-26 00:00:00,123234387977051.42
2025-04-27 00:00:00,123234387977051.44
2025-04-28 00:00:00,123234387977051.47
2025-04-29 00:00:00,123234387977051.48
2025-04-30 00:00:00,123234387977051.42
2025-05-01 00:00:00,123234387977051.44
2025-05-02 00:00:00,123234387977051.52
2025-05-03 00:00:00,122656845148755.53
2025-05-04 00:00:00,119116256505723.45
2025-05-05 00:00:00,119116256505723.56
2025-05-06 00:00:00,119116256505723.45
2025-05-07 00:00:00,119116256505723.5
2025-05-08 00:00:00,119116256505723.52
2025-05-09 00:00:00,119116256505723.45
2025-05-10 00:00:00,119116256505723.5
2025-05-11 00:00:00,119116256505723.48
2025-05-12 00:00:00,119116256505723.47
2025-05-13 00:00:00,119116256505723.42
2025-05-14 00:00:00,119116256505723.47
2025-05-15 00:00:00,119116256505723.48
2025-05-16 00:00:00,119116256505723.44
2025-05-17 00:00:00,120040690785396.2
2025-05-18 00:00:00,121658450774824.47
2025-05-19 00:00:00,121658450774824.53
2025-05-20 00:00:00,121658450774824.52
2025-05-21 00:00:00,121658450774824.53
2025-05-22 00:00:00,121658450774824.5
2025-05-23 00:00:00,121658450774824.48
2025-05-24 00:00:00,121658450774824.53
2025-05-25 00:00:00,121658450774824.5
2025-05-26 00:00:00,121658450774824.5
2025-05-27 00:00:00,121658450774824.53
2025-05-28 00:00:00,121658450774824.47
2025-05-29 00:00:00,121658450774824.48
2025-05-30 00:00:00,121658450774824.48
2025-05-31 00:00:00,126982285146988.45
2025-06-01 00:00:00,126982285146988.55
2025-06-02 00:00:00,126982285146988.55
2025-06-03 00:00:00,126982285146988.5
2025-06-04 00:00:00,126982285146988.58
2025-06-05 00:00:00,126982285146988.53
2025-06-06 00:00:00,126982285146988.53
2025-06-07 00:00:00,126982285146988.5
2025-06-08 00:00:00,126982285146988.47
2025-06-09 00:00:00,126982285146988.52
2025-06-10 00:00:00,126982285146988.42
2025-06-11 00:00:00,126982285146988.52
2025-06-12 00:00:00,126982285146988.48
2025-06-13 00:00:00,126982285146988.5
2025-06-14 00:00:00,126456802831653.22
2025-06-15 00:00:00,126411437451912.0
2025-06-16 00:00:00,126411437451912.0
2025-06-17 00:00:00,126411437451912.0
2025-06-18 00:00:00,126411437451912.0
2025-06-19 00:00:00,126411437451912.0
2025-06-20 00:00:00,126411437451912.0
2025-06-21 00:00:00,126411437451912.0
2025-06-22 00:00:00,126411437451912.0
2025-06-23 00:00:00,126411437451912.0
2025-06-24 00:00:00,126411437451912.0
2025-06-25 00:00:00,126411437451912.0
2025-06-26 00:00:00,126411437451912.0
2025-06-27 00:00:00,126411437451912.0
2025-06-28 00:00:00,126411437451912.0
2025-06-29 00:00:00,118468742710105.28
2025-06-30 00:00:00,116958512019762.0
2025-07-01 00:00:00,116958512019762.0
2025-07-02 00:00:00,116958512019762.0
2025-07-03 00:00:00,116958512019762.0
2025-07-04 00:00:00,116958512019761.97
2025-07-05 00:00:00,116958512019761.98
2025-07-06 00:00:00,116958512019761.95
2025-07-07 00:00:00,116958512019762.0
2025-07-08 00:00:00,116958512019762.0
2025-07-09 00:00:00,116958512019761.9
2025-07-10 00:00:00,116958512019761.83
2025-07-11 00:00:00,116958512019762.0
2025-07-12 00:00:00,123958694872574.84
2025-07-13 00:00:00,126271255279307.47
2025-07-14 00:00:00,126271255279307.5
2025-07-15 00:00:00,126271255279307.56
2025-07-16 00:00:00,126271255279307.45
2025-07-17 00:00:00,126271255279307.47
2025-07-18 00:00:00,126271255279307.5
2025-07-19 00:00:00,126271255279307.5
2025-07-20 00:00:00,126271255279307.52
2025-07-21 00:00:00,126271255279307.52
2025-07-22 00:00:00,126271255279307.52
2025-07-23 00:00:00,126271255279307.48
2025-07-24 00:00:00,126271255279307.52
2025-07-25 00:00:00,126271255279307.55
2025-07-26 00:00:00,127540743850681.12
2025-07-27 00:00:00,127620086886392.0
2025-07-28 00:00:00,127620086886392.0
2025-07-29 00:00:00,127620086886392.0
2025-07-30 00:00:00,127620086886392.0
2025-07-31 00:00:00,127620086886392.0
2025-08-01 00:00:00,127620086886392.0
2025-08-02 00:00:00,127620086886392.0
2025-08-03 00:00:00,127620086886392.0
2025-08-04 00:00:00,127620086886392.0
2025-08-05 00:00:00,127620086886392.0
2025-08-06 00:00:00,127620086886392.0
2025-08-07 00:00:00,127620086886392.0
2025-08-08 00:00:00,127818825794488.94
2025-08-09 00:00:00,129435235580344.62
2025-08-10 00:00:00,129435235580344.53
2025-08-11 00:00:00,129435235580344.48
2025-08-12 00:00:00,129435235580344.53
2025-08-13 00:00:00,129435235580344.47
2025-08-14 00:00:00,129435235580344.44
2025-08-15 00:00:00,129435235580344.53
2025-08-16 00:00:00,129435235580344.47
2025-08-17 00:00:00,129435235580344.47
2025-08-18 00:00:00,129435235580344.47
2025-08-19 00:00:00,129435235580344.53
2025-08-20 00:00:00,129435235580344.52
2025-08-21 00:00:00,129435235580344.48
2025-08-22 00:00:00,129460543109965.75
2025-08-23 00:00:00,129699156960680.47
2025-08-24 00:00:00,129699156960680.44
2025-08-25 00:00:00,129699156960680.52
2025-08-26 00:00:00,129699156960680.48
2025-08-27 00:00:00,129699156960680.48
2025-08-28 00:00:00,129699156960680.45
2025-08-29 00:00:00,129699156960680.44
2025-08-30 00:00:00,129699156960680.45
2025-08-31 00:00:00,129699156960680.55
2025-09-01 00:00:00,129699156960680.45
2025-09-02 00:00:00,129699156960680.44
2025-09-03 00:00:00,129699156960680.53
2025-09-04 00:00:00,129699156960680.52
2025-09-05 00:00:00,134709652731984.95
2025-09-06 00:00:00,136039872848260.48
2025-09-07 00:00:00,136039872848260.44
2025-09-08 00:00:00,136039872848260.42
2025-09-09 00:00:00,136039872848260.4
2025-09-10 00:00:00,136039872848260.4
2025-09-11 00:00:00,136039872848260.45
2025-09-12 00:00:00,136039872848260.56
2025-09-13 00:00:00,136039872848260.48
2025-09-14 00:00:00,136039872848260.44
2025-09-15 00:00:00,136039872848260.42
2025-09-16 00:00:00,136039872848260.42
2025-09-17 00:00:00,136039872848260.53
2025-09-18 00:00:00,138473205347661.55
2025-09-19 00:00:00,142342602928675.62
2025-09-20 00:00:00,142342602928675.6
2025-09-21 00:00:00,142342602928675.6
2025-09-22 00:00:00,142342602928675.56
2025-09-23 00:00:00,142342602928675.56
2025-09-24 00:00:00,142342602928675.6
2025-09-25 00:00:00,142342602928675.53
2025-09-26 00:00:00,142342602928675.5
2025-09-27 00:00:00,142342602928675.6
2025-09-28 00:00:00,142342602928675.62
2025-09-29 00:00:00,142342602928675.53
2025-09-30 00:00:00,142342602928675.6
2025-10-01 00:00:00,143468018096518.75
2025-10-02 00:00:00,150839487445891.56
2025-10-03 00:00:00,150839487445891.5
2025-10-04 00:00:00,150839487445891.56
2025-10-05 00:00:00,150839487445891.6
2025-10-06 00:00:00,150839487445891.5
2025-10-07 00:00:00,150839487445891.56
2025-10-08 00:00:00,150839487445891.6
2025-10-09 00:00:00,150839487445891.5
2025-10-10 00:00:00,150839487445891.53
2025-10-11 00:00:00,150839487445891.6
2025-10-12 00:00:00,150839487445891.6
2025-10-13 00:00:00,150839487445891.6
2025-10-14 00:00:00,150839487445891.66
2025-10-15 00:00:00,150839487445891.6
2025-10-16 00:00:00,147821025461003.97
2025-10-17 00:00:00,146716052770107.6
2025-10-18 00:00:00,146716052770107.62
2025-10-19 00:00:00,146716052770107.53
2025-10-20 00:00:00,146716052770107.56
2025-10-21 00:00:00,146716052770107.56
2025-10-22 00:00:00,146716052770107.6
2025-10-23 00:00:00,146716052770107.56
2025-10-24 00:00:00,146716052770107.66
2025-10-25 00:00:00,146716052770107.6
2025-10-26 00:00:00,146716052770107.56
2025-10-27 00:00:00,146716052770107.56
2025-10-28 00:00:00,146716052770107.6
2025-10-29 00:00:00,152059512438753.47
2025-10-30 00:00:00,155973032196072.0
2025-10-31 00:00:00,155973032196072.0
2025-11-01 00:00:00,155973032196072.0
2025-11-02 00:00:00,155973032196072.0
2025-11-03 00:00:00,155973032196072.0
2025-11-04 00:00:00,155973032196072.0
2025-11-05 00:00:00,155973032196072.0
2025-11-06 00:00:00,155973032196072.0
2025-11-07 00:00:00,155973032196072.0
2025-11-08 00:00:00,155973032196072.0
2025-11-09 00:00:00,155973032196072.0
2025-11-10 00:00:00,155973032196072.0
2025-11-11 00:00:00,155973032196072.0
2025-11-12 00:00:00,155027936004971.75
2025-11-16 00:00:00,152271405447596.38
2025-11-17 00:00:00,152271405447596.47
2025-11-18 00:00:00,152271405447596.44
2025-11-19 00:00:00,152271405447596.44
2025-11-20 00:00:00,152271405447596.47
2025-11-21 00:00:00,152271405447596.4
2025-11-22 00:00:00,152271405447596.4
2025-11-23 00:00:00,152271405447596.44
2025-11-24 00:00:00,152271405447596.4
2025-11-25 00:00:00,152271405447596.53
2025-11-26 00:00:00,152271405447596.38
2025-11-27 00:00:00,149321976585489.47
2025-11-28 00:00:00,149301205959700.0
2025-11-29 00:00:00,149301205959700.0
2025-11-30 00:00:00,149301205959700.0
2025-12-01 00:00:00,149301205959700.0
2025-12-02 00:00:00,149301205959700.0
2025-12-03 00:00:00,149301205959700.0
2025-12-04 00:00:00,149301205959700.0
2025-12-05 00:00:00,149301205959700.0
2025-12-06 00:00:00,149301205959700.0
2025-12-07 00:00:00,149301205959700.0
2025-12-08 00:00:00,149301205959700.0
2025-12-09 00:00:00,149301205959700.0
2025-12-10 00:00:00,149301205959700.0
2025-12-11 00:00:00,148347367796634.94
2025-12-12 00:00:00,148195306640204.4
2025-12-13 00:00:00,148195306640204.4
2025-12-14 00:00:00,148195306640204.47
2025-12-15 00:00:00,148195306640204.44
2025-12-16 00:00:00,148195306640204.4
2025-12-17 00:00:00,148195306640204.44
2025-12-18 00:00:00,148195306640204.4
2025-12-19 00:00:00,148195306640204.4
2025-12-20 00:00:00,148195306640204.4
2025-12-21 00:00:00,148195306640204.44
2025-12-22 00:00:00,148195306640204.44
2025-12-23 00:00:00,148195306640204.4
2025-12-24 00:00:00,148195306640204.38
2025-12-25 00:00:00,148246540322167.56
2025-12-26 00:00:00,148258433855480.38
2025-12-27 00:00:00,148258433855480.44
2025-12-28 00:00:00,148258433855480.38
2025-12-29 00:00:00,148258433855480.38
2025-12-30 00:00:00,148258433855480.5
2025-12-31 00:00:00,148258433855480.44
2026-01-01 00:00:00,148258433855480.4
2026-01-02 00:00:00,148258433855480.4
2026-01-03 00:00:00,148258433855480.38
2026-01-04 00:00:00,148258433855480.4
2026-01-05 00:00:00,148258433855480.47
2026-01-06 00:00:00,148258433855480.47
2026-01-07 00:00:00,148258433855480.4
2026-01-08 00:00:00,147108446165922.8
2026-01-09 00:00:00,146472570619931.56
2026-01-10 00:00:00,146472570619931.6
2026-01-11 00:00:00,146472570619931.47
2026-01-12 00:00:00,146472570619931.56
2026-01-13 00:00:00,146472570619931.53
2026-01-14 00:00:00,146472570619931.47
2026-01-15 00:00:00,146472570619931.53
2026-01-16 00:00:00,146472570619931.5
2026-01-17 00:00:00,146472570619931.56
2026-01-18 00:00:00,146472570619931.53
2026-01-19 00:00:00,146472570619931.56
2026-01-20 00:00:00,146472570619931.53
2026-01-21 00:00:00,146472570619931.53
2026-01-22 00:00:00,145428122097676.8
2026-01-23 00:00:00,141668107417558.16
2026-01-24 00:00:00,141668107417558.0
2026-01-25 00:00:00,141668107417558.0
2026-01-26 00:00:00,141668107417558.0
2026-01-27 00:00:00,141668107417558.0
2026-01-28 00:00:00,141668107417558.0
2026-01-29 00:00:00,141668107417558.0
2026-01-30 00:00:00,141668107417558.03
2026-01-31 00:00:00,141668107417558.16
2026-02-01 00:00:00,141668107417558.0
2026-02-02 00:00:00,141668107417558.0
2026-02-03 00:00:00,141668107417558.06
2026-02-04 00:00:00,141668107417558.2
2026-02-05 00:00:00,141668107417558.0
2026-02-06 00:00:00,141668107417558.25
2026-02-07 00:00:00,135289579351472.34
2026-02-08 00:00:00,125864590119494.31
2026-02-09 00:00:00,125864590119494.23
2026-02-10 00:00:00,125864590119494.0
2026-02-11 00:00:00,125864590119494.17
2026-02-12 00:00:00,125864590119494.38
2026-02-13 00:00:00,125864590119494.1
2026-02-14 00:00:00,125864590119494.27
2026-02-15 00:00:00,125864590119494.53
2026-02-16 00:00:00,125864590119494.36
2026-02-17 00:00:00,125864590119494.25
2026-02-18 00:00:00,125864590119494.12
2026-02-19 00:00:00,129128405963273.69
2026-02-20 00:00:00,144398401518100.47
2026-02-21 00:00:00,144398401518100.53
2026-02-22 00:00:00,144398401518100.38
2026-02-23 00:00:00,144398401518100.44
2026-02-24 00:00:00,144398401518100.38
2026-02-25 00:00:00,144398401518100.4
2026-02-26 00:00:00,144398401518100.47
2026-02-27 00:00:00,144398401518100.47
2026-02-28 00:00:00,144398401518100.44
2026-03-01 00:00:00,144398401518100.44
2026-03-02 00:00:00,144398401518100.47
2026-03-03 00:00:00,144398401518100.47
2026-03-04 00:00:00,144398401518100.5
2026-03-05 00:00:00,144553525351052.7
2026-03-06 00:00:00,145042165424852.44
2026-03-07 00:00:00,145042165424852.5
2026-03-08 00:00:00,145042165424852.47
2026-03-09 00:00:00,145042165424852.47
2026-03-10 00:00:00,145042165424852.47
2026-03-11 00:00:00,145042165424852.47
2026-03-12 00:00:00,145042165424852.5
2026-03-13 00:00:00,145042165424852.53
2026-03-14 00:00:00,145042165424852.5
2026-03-15 00:00:00,145042165424852.5
2026-03-16 00:00:00,145042165424852.5
2026-03-17 00:00:00,145042165424852.5
2026-03-18 00:00:00,145042165424852.47
2026-03-19 00:00:00,145042165424852.47
2026-03-20 00:00:00,143950842771680.8
2026-03-21 00:00:00,133793147307543.5
2026-03-22 00:00:00,133793147307543.58
2026-03-23 00:00:00,133793147307543.58
2026-03-24 00:00:00,133793147307543.45
2026-03-25 00:00:00,133793147307543.56
2026-03-26 00:00:00,133793147307543.6
2026-03-27 00:00:00,133793147307543.55
2026-03-28 00:00:00,133793147307543.61
2026-03-29 00:00:00,133793147307543.53
2026-03-30 00:00:00,133793147307543.5
2026-03-31 00:00:00,133793147307543.5
2026-04-01 00:00:00,133793147307543.58
2026-04-02 00:00:00,133793147307543.53
2026-04-03 00:00:00,136967932957976.36
2026-04-04 00:00:00,138966872071212.53
2026-04-05 00:00:00,138966872071212.4
2026-04-06 00:00:00,138966872071212.5
2026-04-07 00:00:00,138966872071212.47
2026-04-08 00:00:00,138966872071212.44
2026-04-09 00:00:00,138966872071212.44
2026-04-10 00:00:00,138966872071212.52
2026-04-11 00:00:00,138966872071212.52
2026-04-12 00:00:00,138966872071212.4
2026-04-13 00:00:00,138966872071212.44
2026-04-14 00:00:00,138966872071212.39
2026-04-15 00:00:00,138966872071212.52
2026-04-16 00:00:00,138966872071212.42
2026-04-17 00:00:00,138129851902712.73
2026-04-18 00:00:00,135594876535256.44
2026-04-19 00:00:00,135594876535256.44
2026-04-20 00:00:00,135594876535256.52
2026-04-21 00:00:00,135594876535256.5
2026-04-22 00:00:00,135594876535256.52
2026-04-23 00:00:00,135594876535256.56
2026-04-24 00:00:00,135594876535256.45
2026-04-25 00:00:00,135594876535256.48
2026-04-26 00:00:00,135594876535256.45
2026-04-27 00:00:00,135594876535256.5
2026-04-28 00:00:00,135594876535256.48
2026-04-29 00:00:00,135594876535256.53
2026-04-30 00:00:00,135594876535256.48
2026-05-01 00:00:00,135594876535256.44
2026-05-02 00:00:00,132770520277053.1
2026-05-03 00:00:00,132472011079031.55
2026-05-04 00:00:00,132472011079031.55
2026-05-05 00:00:00,132472011079031.55
2026-05-06 00:00:00,132472011079031.52
2026-05-07 00:00:00,132472011079031.52
2026-05-08 00:00:00,132472011079031.53
2026-05-09 00:00:00,132472011079031.61
2026-05-10 00:00:00,132472011079031.55
2026-05-11 00:00:00,132472011079031.6
2026-05-12 00:00:00,132472011079031.5
2026-05-13 00:00:00,132472011079031.52
2026-05-14 00:00:00,132472011079031.55
2026-05-15 00:00:00,133698270184941.83
2026-05-16 00:00:00,136607070854775.55
2026-05-17 00:00:00,136607070854775.52
2026-05-18 00:00:00,136607070854775.52
2026-05-19 00:00:00,136607070854775.52
2026-05-20 00:00:00,136607070854775.55
2026-05-21 00:00:00,136607070854775.47
2026-05-22 00:00:00,136607070854775.56
2026-05-23 00:00:00,136607070854775.58
2026-05-24 00:00:00,136607070854775.48
2026-05-25 00:00:00,136607070854775.6
2026-05-26 00:00:00,136607070854775.52
2026-05-27 00:00:00,136607070854775.52
2026-05-28 00:00:00,136607070854775.58
2026-05-29 00:00:00,137881854768831.75
2026-05-30 00:00:00,138955357012247.55
2026-05-31 00:00:00,138955357012247.56
2026-06-01 00:00:00,138955357012247.53
2026-06-02 00:00:00,138955357012247.42
2026-06-03 00:00:00,138955357012247.4
2026-06-04 00:00:00,138955357012247.55
2026-06-05 00:00:00,138955357012247.53
2026-06-06 00:00:00,138955357012247.47
2026-06-07 00:00:00,138955357012247.45
2026-06-08 00:00:00,138955357012247.5
2026-06-09 00:00:00,138955357012247.48
2026-06-10 00:00:00,138955357012247.48
2026-06-11 00:00:00,138955357012247.53
2026-06-12 00:00:00,138955357012247.56
2026-06-13 00:00:00,138955357012247.48
2026-06-14 00:00:00,125124954924434.3
2026-06-15 00:00:00,124932866006548.0
2026-06-16 00:00:00,124932866006548.0
2026-06-17 00:00:00,124932866006548.0
2026-06-18 00:00:00,124932866006548.0
2026-06-19 00:00:00,124932866006548.0
2026-06-20 00:00:00,124932866006548.0
2026-06-21 00:00:00,124932866006548.0
2026-06-22 00:00:00,124932866006548.0
2026-06-23 00:00:00,124932866006548.0
2026-06-24 00:00:00,124932866006548.0
2026-06-25 00:00:00,124932866006548.0
2026-06-26 00:00:00,124932866006548.0
2026-06-27 00:00:00,133125104579158.0
2026-06-28 00:00:00,133869853540304.53
2026-06-29 00:00:00,133869853540304.55
2026-06-30 00:00:00,133869853540304.45
2026-07-01 00:00:00,133869853540304.47
2026-07-02 00:00:00,133869853540304.52
2026-07-03 00:00:00,133869853540304.45
2026-07-04 00:00:00,133869853540304.44
2026-07-05 00:00:00,133869853540304.53
2026-07-06 00:00:00,133869853540304.6
2026-07-07 00:00:00,133869853540304.48
2026-07-08 00:00:00,133869853540304.5
2026-07-09 00:00:00,133869853540304.55
2026-07-10 00:00:00,133869853540304.52
2026-07-11 00:00:00,132375753206136.81
2026-07-12 00:00:00,127170500429035.5
2026-07-13 00:00:00,127170500429035.52
2026-07-14 00:00:00,127170500429035.53
2026-07-15 00:00:00,127170500429035.48
2026-07-16 00:00:00,127170500429035.4
2026-07-17 00:00:00,127170500429035.44
2026-07-18 00:00:00,127170500429035.56
2026-07-19 00:00:00,127170500429035.56
2026-07-20 00:00:00,127170500429035.5
2026-07-21 00:00:00,127170500429035.48
2026-07-22 00:00:00,127170500429035.38
2026-07-23 00:00:00,127170500429035.45
2026-07-24 00:00:00,127170500429035.53
2026-07-25 00:00:00,127156891830380.88
2026-07-26 00:00:00,126231507121868.0
2026-07-27 00:00:00,126231507121868.0
2026-07-28 00:00:00,126231507121868.0
2026-07-29 00:00:00,126231507121868.0
2026-07-30 00:00:00,126231507121868.0
2026-07-31 00:00:00,126231507121868.0
2026-08-01 00:00:00,126231507121868.0
2026-08-02 00:00:00,126231507121868.0
2026-08-03 00:00:00,126231507121868.0
2026-08-04 00:00:00,126231507121868.0
2026-08-05 00:00:00,126231507121868.0
2026-08-06 00:00:00,126231507121868.0
2026-08-07 00:00:00,126231507121868.0
