ts,value
2009-01-03 00:00:00,4.97102696296296e-08
2009-01-04 00:00:00,0.0
2009-01-05 00:00:00,0.0
2009-01-06 00:00:00,0.0
2009-01-07 00:00:00,0.0
2009-01-08 00:00:00,0.0
2009-01-09 00:00:00,6.95943774814815e-07
2009-01-10 00:00:00,1.54101835851852e-06
2009-01-11 00:00:00,5.26928858074074e-06
2009-01-12 00:00:00,4.42421399703704e-06
2009-01-13 00:00:00,5.71668100740741e-06
2009-01-14 00:00:00,6.26349397333333e-06
2009-01-15 00:00:00,6.31320424296296e-06
2009-01-16 00:00:00,5.76639127703704e-06
2009-01-17 00:00:00,5.36870912e-06
2009-01-18 00:00:00,5.02073723259259e-06
2009-01-19 00:00:00,5.91552208592593e-06
2009-01-20 00:00:00,5.76639127703704e-06
2009-01-21 00:00:00,5.61726046814815e-06
2009-01-22 00:00:00,3.72827022222222e-06
2009-01-23 00:00:00,3.33058806518518e-06
2009-01-24 00:00:00,9.8923436562963e-06
2009-01-25 00:00:00,9.64379230814815e-06
2009-01-26 00:00:00,5.76639127703704e-06
2009-01-27 00:00:00,5.12015777185185e-06
2009-01-28 00:00:00,5.12015777185185e-06
2009-01-29 00:00:00,6.06465289481481e-06
2009-01-30 00:00:00,6.01494262518519e-06
2009-01-31 00:00:00,6.41262478222222e-06
2009-02-01 00:00:00,5.76639127703704e-06
2009-02-02 00:00:00,6.31320424296296e-06
2009-02-03 00:00:00,6.76059666962963e-06
2009-02-04 00:00:00,6.11436316444444e-06
2009-02-05 00:00:00,6.01494262518519e-06
2009-02-06 00:00:00,6.41262478222222e-06
2009-02-07 00:00:00,6.26349397333333e-06
2009-02-08 00:00:00,6.66117613037037e-06
2009-02-09 00:00:00,6.36291451259259e-06
2009-02-10 00:00:00,6.31320424296296e-06
2009-02-11 00:00:00,6.51204532148148e-06
2009-02-12 00:00:00,5.8658118162963e-06
2009-02-13 00:00:00,6.16407343407407e-06
2009-02-14 00:00:00,7.00914801777778e-06
2009-02-15 00:00:00,6.06465289481481e-06
2009-02-16 00:00:00,6.11436316444444e-06
2009-02-17 00:00:00,5.8658118162963e-06
2009-02-18 00:00:00,6.16407343407407e-06
2009-02-19 00:00:00,5.81610154666667e-06
2009-02-20 00:00:00,6.36291451259259e-06
2009-02-21 00:00:00,5.46812965925926e-06
2009-02-22 00:00:00,6.01494262518519e-06
2009-02-23 00:00:00,5.31899885037037e-06
2009-02-24 00:00:00,5.51783992888889e-06
2009-02-25 00:00:00,5.31899885037037e-06
2009-02-26 00:00:00,4.77218588444444e-06
2009-02-27 00:00:00,6.11436316444444e-06
2009-02-28 00:00:00,5.07044750222222e-06
2009-03-01 00:00:00,5.26928858074074e-06
2009-03-02 00:00:00,5.16986804148148e-06
2009-03-03 00:00:00,5.26928858074074e-06
2009-03-04 00:00:00,5.26928858074074e-06
2009-03-05 00:00:00,5.26928858074074e-06
2009-03-06 00:00:00,5.8658118162963e-06
2009-03-07 00:00:00,5.51783992888889e-06
2009-03-08 00:00:00,5.56755019851852e-06
2009-03-09 00:00:00,5.61726046814815e-06
2009-03-10 00:00:00,5.21957831111111e-06
2009-03-11 00:00:00,5.36870912e-06
2009-03-12 00:00:00,5.8658118162963e-06
2009-03-13 00:00:00,5.66697073777778e-06
2009-03-14 00:00:00,5.76639127703704e-06
2009-03-15 00:00:00,5.51783992888889e-06
2009-03-16 00:00:00,6.46233505185185e-06
2009-03-17 00:00:00,5.71668100740741e-06
2009-03-18 00:00:00,5.46812965925926e-06
2009-03-19 00:00:00,6.06465289481481e-06
2009-03-20 00:00:00,5.8658118162963e-06
2009-03-21 00:00:00,3.82769076148148e-06
2009-03-22 00:00:00,4.72247561481482e-06
2009-03-23 00:00:00,6.56175559111111e-06
2009-03-24 00:00:00,5.21957831111111e-06
2009-03-25 00:00:00,5.76639127703704e-06
2009-03-26 00:00:00,5.61726046814815e-06
2009-03-27 00:00:00,5.46812965925926e-06
2009-03-28 00:00:00,5.91552208592593e-06
2009-03-29 00:00:00,5.56755019851852e-06
2009-03-30 00:00:00,6.2137837037037e-06
2009-03-31 00:00:00,5.61726046814815e-06
2009-04-01 00:00:00,5.31899885037037e-06
2009-04-02 00:00:00,5.96523235555556e-06
2009-04-03 00:00:00,5.61726046814815e-06
2009-04-04 00:00:00,5.61726046814815e-06
2009-04-05 00:00:00,6.41262478222222e-06
2009-04-06 00:00:00,5.71668100740741e-06
2009-04-07 00:00:00,4.92131669333333e-06
2009-04-08 00:00:00,5.16986804148148e-06
2009-04-09 00:00:00,4.92131669333333e-06
2009-04-10 00:00:00,5.12015777185185e-06
2009-04-11 00:00:00,6.06465289481481e-06
2009-04-12 00:00:00,5.71668100740741e-06
2009-04-13 00:00:00,5.71668100740741e-06
2009-04-14 00:00:00,6.31320424296296e-06
2009-04-15 00:00:00,5.56755019851852e-06
2009-04-16 00:00:00,6.11436316444444e-06
2009-04-17 00:00:00,5.71668100740741e-06
2009-04-18 00:00:00,6.06465289481481e-06
2009-04-19 00:00:00,5.91552208592593e-06
2009-04-20 00:00:00,5.81610154666667e-06
2009-04-21 00:00:00,6.11436316444444e-06
2009-04-22 00:00:00,6.01494262518519e-06
2009-04-23 00:00:00,3.97682157037037e-06
2009-04-24 00:00:00,5.61726046814815e-06
2009-04-25 00:00:00,6.06465289481481e-06
2009-04-26 00:00:00,5.41841938962963e-06
2009-04-27 00:00:00,5.21957831111111e-06
2009-04-28 00:00:00,5.81610154666667e-06
2009-04-29 00:00:00,6.11436316444444e-06
2009-04-30 00:00:00,6.56175559111111e-06
2009-05-01 00:00:00,6.11436316444444e-06
2009-05-02 00:00:00,6.11436316444444e-06
2009-05-03 00:00:00,5.66697073777778e-06
2009-05-04 00:00:00,6.06465289481481e-06
2009-05-05 00:00:00,6.56175559111111e-06
2009-05-06 00:00:00,6.81030693925926e-06
2009-05-07 00:00:00,6.01494262518519e-06
2009-05-08 00:00:00,6.06465289481481e-06
2009-05-09 00:00:00,4.5236345362963e-06
2009-05-10 00:00:00,3.08203671703704e-06
2009-05-11 00:00:00,5.91552208592593e-06
2009-05-12 00:00:00,6.31320424296296e-06
2009-05-13 00:00:00,5.71668100740741e-06
2009-05-14 00:00:00,6.61146586074074e-06
2009-05-15 00:00:00,7.10856855703704e-06
2009-05-16 00:00:00,5.66697073777778e-06
2009-05-17 00:00:00,6.2137837037037e-06
2009-05-18 00:00:00,6.16407343407407e-06
2009-05-19 00:00:00,4.97102696296296e-06
2009-05-20 00:00:00,5.16986804148148e-06
2009-05-21 00:00:00,4.42421399703704e-06
2009-05-22 00:00:00,4.12595237925926e-06
2009-05-23 00:00:00,3.47971887407407e-07
2009-05-24 00:00:00,4.77218588444444e-06
2009-05-25 00:00:00,5.56755019851852e-06
2009-05-26 00:00:00,5.61726046814815e-06
2009-05-27 00:00:00,6.2137837037037e-06
2009-05-28 00:00:00,5.12015777185185e-06
2009-05-29 00:00:00,5.31899885037037e-06
2009-05-30 00:00:00,5.12015777185185e-06
2009-05-31 00:00:00,5.8658118162963e-06
2009-06-01 00:00:00,3.62884968296296e-06
2009-06-02 00:00:00,4.42421399703704e-06
2009-06-03 00:00:00,4.8716064237037e-06
2009-06-04 00:00:00,1.93870051555556e-06
2009-06-05 00:00:00,2.83348536888889e-06
2009-06-06 00:00:00,1.19304647111111e-06
2009-06-07 00:00:00,1.98841078518519e-07
2009-06-08 00:00:00,3.57913941333333e-06
2009-06-09 00:00:00,4.67276534518518e-06
2009-06-10 00:00:00,4.12595237925926e-06
2009-06-11 00:00:00,4.62305507555556e-06
2009-06-12 00:00:00,4.5236345362963e-06
2009-06-13 00:00:00,3.67855995259259e-06
2009-06-14 00:00:00,3.47971887407407e-06
2009-06-15 00:00:00,4.07624210962963e-06
2009-06-16 00:00:00,3.62884968296296e-06
2009-06-17 00:00:00,3.82769076148148e-06
2009-06-18 00:00:00,4.02653184e-06
2009-06-19 00:00:00,4.32479345777778e-06
2009-06-20 00:00:00,4.17566264888889e-06
2009-06-21 00:00:00,3.72827022222222e-06
2009-06-22 00:00:00,3.97682157037037e-06
2009-06-23 00:00:00,3.77798049185185e-06
2009-06-24 00:00:00,4.22537291851852e-06
2009-06-25 00:00:00,3.67855995259259e-06
2009-06-26 00:00:00,4.42421399703704e-06
2009-06-27 00:00:00,4.22537291851852e-06
2009-06-28 00:00:00,2.53522375111111e-06
2009-06-29 00:00:00,3.77798049185185e-06
2009-06-30 00:00:00,4.32479345777778e-06
2009-07-01 00:00:00,4.12595237925926e-06
2009-07-02 00:00:00,3.57913941333333e-06
2009-07-03 00:00:00,4.12595237925926e-06
2009-07-04 00:00:00,4.42421399703704e-06
2009-07-05 00:00:00,3.97682157037037e-06
2009-07-06 00:00:00,4.5236345362963e-06
2009-07-07 00:00:00,3.13174698666667e-06
2009-07-08 00:00:00,3.92711130074074e-06
2009-07-09 00:00:00,4.02653184e-06
2009-07-10 00:00:00,4.07624210962963e-06
2009-07-11 00:00:00,4.17566264888889e-06
2009-07-12 00:00:00,3.77798049185185e-06
2009-07-13 00:00:00,3.77798049185185e-06
2009-07-14 00:00:00,3.57913941333333e-06
2009-07-15 00:00:00,2.28667240296296e-06
2009-07-16 00:00:00,3.43000860444444e-06
2009-07-17 00:00:00,3.23116752592593e-06
2009-07-18 00:00:00,1.49130808888889e-07
2009-07-19 00:00:00,2.58493402074074e-06
2009-07-20 00:00:00,3.72827022222222e-06
2009-07-21 00:00:00,3.67855995259259e-06
2009-07-22 00:00:00,3.43000860444444e-06
2009-07-23 00:00:00,3.28087779555556e-06
2009-07-24 00:00:00,3.72827022222222e-06
2009-07-25 00:00:00,2.63464429037037e-06
2009-07-26 00:00:00,6.46233505185185e-07
2009-07-27 00:00:00,3.1814572562963e-06
2009-07-28 00:00:00,2.1872518637037e-06
2009-07-29 00:00:00,1.59072862814815e-06
2009-07-30 00:00:00,6.95943774814815e-07
2009-07-31 00:00:00,5.96523235555555e-07
2009-08-01 00:00:00,1.14333620148148e-06
2009-08-02 00:00:00,1.49130808888889e-06
2009-08-03 00:00:00,7.45654044444445e-07
2009-08-04 00:00:00,2.88319563851852e-06
2009-08-05 00:00:00,4.5236345362963e-06
2009-08-06 00:00:00,4.77218588444444e-06
2009-08-07 00:00:00,3.67855995259259e-06
2009-08-08 00:00:00,4.07624210962963e-06
2009-08-09 00:00:00,4.8716064237037e-06
2009-08-10 00:00:00,4.07624210962963e-06
2009-08-11 00:00:00,3.33058806518518e-06
2009-08-12 00:00:00,3.38029833481481e-06
2009-08-13 00:00:00,4.02653184e-06
2009-08-14 00:00:00,3.23116752592593e-06
2009-08-15 00:00:00,1.69014916740741e-06
2009-08-16 00:00:00,1.24275674074074e-06
2009-08-17 00:00:00,8.45074583703704e-07
2009-08-18 00:00:00,4.47392426666667e-07
2009-08-19 00:00:00,7.45654044444445e-07
2009-08-20 00:00:00,1.19304647111111e-06
2009-08-21 00:00:00,7.95364314074074e-07
2009-08-22 00:00:00,3.97682157037037e-07
2009-08-23 00:00:00,5.96523235555555e-07
2009-08-24 00:00:00,3.97682157037037e-07
2009-08-25 00:00:00,2.73406482962963e-06
2009-08-26 00:00:00,2.08783132444444e-06
2009-08-27 00:00:00,1.49130808888889e-06
2009-08-28 00:00:00,3.1814572562963e-06
2009-08-29 00:00:00,4.12595237925926e-06
2009-08-30 00:00:00,4.47392426666667e-06
2009-08-31 00:00:00,4.67276534518518e-06
2009-09-01 00:00:00,3.92711130074074e-06
2009-09-02 00:00:00,3.38029833481481e-06
2009-09-03 00:00:00,2.98261617777778e-06
2009-09-04 00:00:00,3.13174698666667e-06
2009-09-05 00:00:00,3.5294291437037e-06
2009-09-06 00:00:00,3.57913941333333e-06
2009-09-07 00:00:00,3.87740103111111e-06
2009-09-08 00:00:00,3.28087779555556e-06
2009-09-09 00:00:00,2.88319563851852e-06
2009-09-10 00:00:00,3.03232644740741e-06
2009-09-11 00:00:00,3.38029833481481e-06
2009-09-12 00:00:00,3.5294291437037e-06
2009-09-13 00:00:00,3.47971887407407e-06
2009-09-14 00:00:00,4.02653184e-06
2009-09-15 00:00:00,2.78377509925926e-06
2009-09-16 00:00:00,2.88319563851852e-06
2009-09-17 00:00:00,4.12595237925926e-06
2009-09-18 00:00:00,4.02653184e-06
2009-09-19 00:00:00,3.5294291437037e-06
2009-09-20 00:00:00,3.92711130074074e-06
2009-09-21 00:00:00,3.67855995259259e-06
2009-09-22 00:00:00,1.69014916740741e-06
2009-09-23 00:00:00,1.34217728e-06
2009-09-24 00:00:00,4.07624210962963e-06
2009-09-25 00:00:00,4.97102696296296e-06
2009-09-26 00:00:00,4.67276534518518e-06
2009-09-27 00:00:00,4.42421399703704e-06
2009-09-28 00:00:00,4.37450372740741e-06
2009-09-29 00:00:00,4.12595237925926e-06
2009-09-30 00:00:00,4.32479345777778e-06
2009-10-01 00:00:00,4.22537291851852e-06
2009-10-02 00:00:00,3.72827022222222e-06
2009-10-03 00:00:00,2.88319563851852e-06
2009-10-04 00:00:00,3.03232644740741e-06
2009-10-05 00:00:00,2.88319563851852e-06
2009-10-06 00:00:00,2.03812105481482e-06
2009-10-07 00:00:00,2.53522375111111e-06
2009-10-08 00:00:00,3.47971887407407e-06
2009-10-09 00:00:00,3.87740103111111e-06
2009-10-10 00:00:00,3.82769076148148e-06
2009-10-11 00:00:00,3.92711130074074e-06
2009-10-12 00:00:00,3.08203671703704e-06
2009-10-13 00:00:00,2.53522375111111e-06
2009-10-14 00:00:00,2.78377509925926e-06
2009-10-15 00:00:00,4.22537291851852e-06
2009-10-16 00:00:00,3.23116752592593e-06
2009-10-17 00:00:00,2.73406482962963e-06
2009-10-18 00:00:00,3.1814572562963e-06
2009-10-19 00:00:00,4.92131669333333e-06
2009-10-20 00:00:00,5.51783992888889e-06
2009-10-21 00:00:00,4.12595237925926e-06
2009-10-22 00:00:00,4.27508318814815e-06
2009-10-23 00:00:00,4.32479345777778e-06
2009-10-24 00:00:00,3.72827022222222e-06
2009-10-25 00:00:00,3.62884968296296e-06
2009-10-26 00:00:00,3.23116752592593e-06
2009-10-27 00:00:00,3.28087779555556e-06
2009-10-28 00:00:00,3.1814572562963e-06
2009-10-29 00:00:00,2.48551348148148e-06
2009-10-30 00:00:00,3.03232644740741e-06
2009-10-31 00:00:00,2.23696213333333e-06
2009-11-01 00:00:00,1.49130808888889e-06
2009-11-02 00:00:00,1.64043889777778e-06
2009-11-03 00:00:00,2.83348536888889e-06
2009-11-04 00:00:00,3.08203671703704e-06
2009-11-05 00:00:00,3.1814572562963e-06
2009-11-06 00:00:00,2.43580321185185e-06
2009-11-07 00:00:00,3.77798049185185e-06
2009-11-08 00:00:00,3.47971887407407e-06
2009-11-09 00:00:00,3.23116752592593e-06
2009-11-10 00:00:00,3.5294291437037e-06
2009-11-11 00:00:00,3.43000860444444e-06
2009-11-12 00:00:00,3.47971887407407e-06
2009-11-13 00:00:00,3.47971887407407e-06
2009-11-14 00:00:00,4.12595237925926e-06
2009-11-15 00:00:00,4.77218588444444e-06
2009-11-16 00:00:00,4.97102696296296e-06
2009-11-17 00:00:00,4.5236345362963e-06
2009-11-18 00:00:00,3.92711130074074e-06
2009-11-19 00:00:00,3.62884968296296e-06
2009-11-20 00:00:00,4.07624210962963e-06
2009-11-21 00:00:00,3.82769076148148e-06
2009-11-22 00:00:00,4.97102696296296e-06
2009-11-23 00:00:00,4.77218588444444e-06
2009-11-24 00:00:00,5.07044750222222e-06
2009-11-25 00:00:00,4.22537291851852e-06
2009-11-26 00:00:00,3.87740103111111e-06
2009-11-27 00:00:00,3.72827022222222e-06
2009-11-28 00:00:00,3.87740103111111e-06
2009-11-29 00:00:00,2.88319563851852e-06
2009-11-30 00:00:00,3.67855995259259e-06
2009-12-01 00:00:00,3.28087779555556e-06
2009-12-02 00:00:00,4.8716064237037e-06
2009-12-03 00:00:00,4.22537291851852e-06
2009-12-04 00:00:00,2.43580321185185e-06
2009-12-05 00:00:00,2.58493402074074e-06
2009-12-06 00:00:00,5.21957831111111e-06
2009-12-07 00:00:00,4.67276534518518e-06
2009-12-08 00:00:00,5.91552208592593e-06
2009-12-09 00:00:00,4.67276534518518e-06
2009-12-10 00:00:00,5.12015777185185e-06
2009-12-11 00:00:00,6.2137837037037e-06
2009-12-12 00:00:00,5.02073723259259e-06
2009-12-13 00:00:00,5.16986804148148e-06
2009-12-14 00:00:00,5.36870912e-06
2009-12-15 00:00:00,5.76639127703704e-06
2009-12-16 00:00:00,5.91552208592593e-06
2009-12-17 00:00:00,8.00335341037037e-06
2009-12-18 00:00:00,9.94205392592593e-06
2009-12-19 00:00:00,1.1135100397037e-05
2009-12-20 00:00:00,8.69929718518519e-06
2009-12-21 00:00:00,9.29582042074074e-06
2009-12-22 00:00:00,7.5559609837037e-06
2009-12-23 00:00:00,8.40103556740741e-06
2009-12-24 00:00:00,7.15827882666667e-06
2009-12-25 00:00:00,7.80451233185185e-06
2009-12-26 00:00:00,7.90393287111111e-06
2009-12-27 00:00:00,8.40103556740741e-06
2009-12-28 00:00:00,6.86001720888889e-06
2009-12-29 00:00:00,8.15248421925926e-06
2009-12-30 00:00:00,9.17315174809093e-06
2009-12-31 00:00:00,8.8203382193182e-06
2010-01-01 00:00:00,6.9974683206591e-06
2010-01-02 00:00:00,7.6442931234091e-06
2010-01-03 00:00:00,9.58476753165911e-06
2010-01-04 00:00:00,1.11724284111364e-05
2010-01-05 00:00:00,1.22308689974546e-05
2010-01-06 00:00:00,9.29075625768183e-06
2010-01-07 00:00:00,9.34955851247729e-06
2010-01-08 00:00:00,8.8203382193182e-06
2010-01-09 00:00:00,8.70273370972729e-06
2010-01-10 00:00:00,1.12312306659318e-05
2010-01-11 00:00:00,9.05554723850002e-06
2010-01-12 00:00:00,1.07692484138424e-05
2010-01-13 00:00:00,1.02502484902837e-05
2010-01-14 00:00:00,1.02502484902837e-05
2010-01-15 00:00:00,8.82299870049741e-06
2010-01-16 00:00:00,8.69324871960773e-06
2010-01-17 00:00:00,7.97962382471457e-06
2010-01-18 00:00:00,8.4337487578284e-06
2010-01-19 00:00:00,7.72012386293523e-06
2010-01-20 00:00:00,9.08249866227674e-06
2010-01-21 00:00:00,1.15477482991804e-05
2010-01-22 00:00:00,9.73124856672508e-06
2010-01-23 00:00:00,9.79612355716991e-06
2010-01-24 00:00:00,9.40687361450091e-06
2010-01-25 00:00:00,1.35648225052015e-05
2010-01-26 00:00:00,1.34980007194616e-05
2010-01-27 00:00:00,1.18274560759639e-05
2010-01-28 00:00:00,1.15601689330042e-05
2010-01-29 00:00:00,1.28966046478024e-05
2010-01-30 00:00:00,1.20279214331836e-05
2010-01-31 00:00:00,1.37652878624212e-05
2010-02-01 00:00:00,1.19610996474437e-05
2010-02-02 00:00:00,9.48869357506706e-06
2010-02-03 00:00:00,1.62376939347979e-05
2010-02-04 00:00:00,1.5435832505919e-05
2010-02-05 00:00:00,2.21493497278633e-05
2010-02-06 00:00:00,1.72674522368241e-05
2010-02-07 00:00:00,1.87139403823172e-05
2010-02-08 00:00:00,1.90755624186905e-05
2010-02-09 00:00:00,1.88947514005038e-05
2010-02-10 00:00:00,1.43744759458378e-05
2010-02-11 00:00:00,1.60921806186109e-05
2010-02-12 00:00:00,1.69058302004508e-05
2010-02-13 00:00:00,2.02508340369036e-05
2010-02-14 00:00:00,1.86235348732239e-05
2010-02-15 00:00:00,2.32460914215077e-05
2010-02-16 00:00:00,2.1989545939264e-05
2010-02-17 00:00:00,2.91518551880528e-05
2010-02-18 00:00:00,2.87748915433797e-05
2010-02-19 00:00:00,2.24921641321615e-05
2010-02-20 00:00:00,2.78953097058092e-05
2010-02-21 00:00:00,2.68900733200143e-05
2010-02-22 00:00:00,3.20419097972132e-05
2010-02-23 00:00:00,3.15392916043158e-05
2010-02-24 00:00:00,3.57130536259464e-05
2010-02-25 00:00:00,2.78185891402109e-05
2010-02-26 00:00:00,3.19537848232152e-05
2010-02-27 00:00:00,3.25176751436248e-05
2010-02-28 00:00:00,3.04500773021227e-05
2010-03-01 00:00:00,3.49611998654001e-05
2010-03-02 00:00:00,3.68408342667657e-05
2010-03-03 00:00:00,2.78185891402109e-05
2010-03-04 00:00:00,3.42093461048539e-05
2010-03-05 00:00:00,3.2893602023898e-05
2010-03-06 00:00:00,3.43973095449905e-05
2010-03-07 00:00:00,3.25176751436248e-05
2010-03-08 00:00:00,3.06328161893475e-05
2010-03-09 00:00:00,3.33357117354664e-05
2010-03-10 00:00:00,3.35609530309763e-05
2010-03-11 00:00:00,3.28852291444466e-05
2010-03-12 00:00:00,2.65784728701692e-05
2010-03-13 00:00:00,3.55881246905655e-05
2010-03-14 00:00:00,2.81551619387385e-05
2010-03-15 00:00:00,2.79299206432286e-05
2010-03-16 00:00:00,3.06328161893475e-05
2010-03-17 00:00:00,2.77046793477187e-05
2010-03-18 00:00:00,3.51376420995457e-05
2010-03-19 00:00:00,2.99570923028178e-05
2010-03-20 00:00:00,4.34715700334123e-05
2010-03-21 00:00:00,4.07686744872934e-05
2010-03-22 00:00:00,4.01675798141592e-05
2010-03-23 00:00:00,4.65217732310883e-05
2010-03-24 00:00:00,3.9486773376631e-05
2010-03-25 00:00:00,4.22099991267435e-05
2010-03-26 00:00:00,4.42524184393279e-05
2010-03-27 00:00:00,3.9486773376631e-05
2010-03-28 00:00:00,4.40254829601518e-05
2010-03-29 00:00:00,4.35716120017998e-05
2010-03-30 00:00:00,4.78833861061445e-05
2010-03-31 00:00:00,4.69756441894404e-05
2010-04-01 00:00:00,5.71745218883927e-05
2010-04-02 00:00:00,4.47715832776832e-05
2010-04-03 00:00:00,5.02167758384825e-05
2010-04-04 00:00:00,5.02167758384825e-05
2010-04-05 00:00:00,5.02167758384825e-05
2010-04-06 00:00:00,4.38640511842166e-05
2010-04-07 00:00:00,5.83845646796815e-05
2010-04-08 00:00:00,5.89895860753258e-05
2010-04-09 00:00:00,5.35443935145265e-05
2010-04-10 00:00:00,7.26025674773241e-05
2010-04-11 00:00:00,7.23000567795019e-05
2010-04-12 00:00:00,8.43531550865232e-05
2010-04-13 00:00:00,6.41394958031167e-05
2010-04-14 00:00:00,7.77448433977172e-05
2010-04-15 00:00:00,8.00771886996488e-05
2010-04-16 00:00:00,7.85222918316944e-05
2010-04-17 00:00:00,8.16320855676031e-05
2010-04-18 00:00:00,0.000103011917501975
2010-04-19 00:00:00,8.43531550865232e-05
2010-04-20 00:00:00,7.96884644826601e-05
2010-04-21 00:00:00,8.59080519544775e-05
2010-04-22 00:00:00,0.000100871278676606
2010-04-23 00:00:00,8.54841344716997e-05
2010-04-24 00:00:00,8.37744517822657e-05
2010-04-25 00:00:00,9.6312124838115e-05
2010-04-26 00:00:00,9.68820190679263e-05
2010-04-27 00:00:00,9.68820190679263e-05
2010-04-28 00:00:00,9.9731490216983e-05
2010-04-29 00:00:00,9.06131825400017e-05
2010-04-30 00:00:00,8.71938171611337e-05
2010-05-01 00:00:00,9.2892759459247e-05
2010-05-02 00:00:00,9.68820190679263e-05
2010-05-03 00:00:00,9.11830767698131e-05
2010-05-04 00:00:00,8.30357266438458e-05
2010-05-05 00:00:00,9.32555083846268e-05
2010-05-06 00:00:00,9.64491901786208e-05
2010-05-07 00:00:00,8.36744630026446e-05
2010-05-08 00:00:00,9.45329811022244e-05
2010-05-09 00:00:00,9.07005629494315e-05
2010-05-10 00:00:00,8.75068811554374e-05
2010-05-11 00:00:00,7.34546812618635e-05
2010-05-12 00:00:00,7.72870994146564e-05
2010-05-13 00:00:00,8.30357266438458e-05
2010-05-14 00:00:00,7.66483630558576e-05
2010-05-15 00:00:00,6.77060540326742e-05
2010-05-16 00:00:00,6.13186904446861e-05
2010-05-17 00:00:00,9.19780356670291e-05
2010-05-18 00:00:00,0.000107307708278201
2010-05-19 00:00:00,0.000103475290125408
2010-05-20 00:00:00,0.000107764892761115
2010-05-21 00:00:00,0.000108942651151947
2010-05-22 00:00:00,0.000113064805519858
2010-05-23 00:00:00,0.000126609027014425
2010-05-24 00:00:00,0.000111887047129027
2010-05-25 00:00:00,0.000126609027014425
2010-05-26 00:00:00,0.000124842389428177
2010-05-27 00:00:00,0.000114831443106106
2010-05-28 00:00:00,0.000128964543796089
2010-05-29 00:00:00,0.000162749360492923
2010-05-30 00:00:00,0.000124746971748383
2010-05-31 00:00:00,0.000125573110634133
2010-06-01 00:00:00,0.000109876471804867
2010-06-02 00:00:00,0.000109876471804867
2010-06-03 00:00:00,0.000129703805062888
2010-06-04 00:00:00,0.000109876471804867
2010-06-05 00:00:00,0.000114833305119372
2010-06-06 00:00:00,0.000124746971748383
2010-06-07 00:00:00,0.000128877666177137
2010-06-08 00:00:00,0.000130529943948639
2010-06-09 00:00:00,0.000133834499491642
2010-06-10 00:00:00,0.000137965193920397
2010-06-11 00:00:00,0.000138791332806148
2010-06-12 00:00:00,0.000118373269418034
2010-06-13 00:00:00,0.000139110192527763
2010-06-14 00:00:00,0.000131333846361615
2010-06-15 00:00:00,0.00016935153872945
2010-06-16 00:00:00,0.000127013654047088
2010-06-17 00:00:00,0.000123557500195466
2010-06-18 00:00:00,0.000127877692509993
2010-06-19 00:00:00,0.000136518077139047
2010-06-20 00:00:00,0.000149478654082627
2010-06-21 00:00:00,0.000139974230990668
2010-06-22 00:00:00,0.000136518077139047
2010-06-23 00:00:00,0.000147750577156816
2010-06-24 00:00:00,0.00017556041368173
2010-06-25 00:00:00,0.000146621883953973
2010-06-26 00:00:00,0.000157232678187484
2010-06-27 00:00:00,0.000153374207557116
2010-06-28 00:00:00,0.000157232678187484
2010-06-29 00:00:00,0.0001553034428723
2010-06-30 00:00:00,0.000177489648996914
2010-07-01 00:00:00,0.00020064047277912
2010-07-02 00:00:00,0.000168808090078587
2010-07-03 00:00:00,0.000192923531518385
2010-07-04 00:00:00,0.000179418884312098
2010-07-05 00:00:00,0.000169772707736179
2010-07-06 00:00:00,0.000196266643975214
2010-07-07 00:00:00,0.000179911090310613
2010-07-08 00:00:00,0.000184584105643356
2010-07-09 00:00:00,0.000220799974472116
2010-07-10 00:00:00,0.000227809497471231
2010-07-11 00:00:00,0.000206780928473886
2010-07-12 00:00:00,0.000599314216424314
2010-07-13 00:00:00,0.00167856925065505
2010-07-14 00:00:00,0.00129502520144623
2010-07-15 00:00:00,0.00140783227474294
2010-07-16 00:00:00,0.00539669038651462
2010-07-17 00:00:00,0.00165149555306384
2010-07-18 00:00:00,0.00161539728960889
2010-07-19 00:00:00,0.00148002880165284
2010-07-20 00:00:00,0.00160637272374515
2010-07-21 00:00:00,0.00182296230447484
2010-07-22 00:00:00,0.00168759381651879
2010-07-23 00:00:00,0.00175076577756494
2010-07-24 00:00:00,0.00166954468479131
2010-07-25 00:00:00,0.00193125709483968
2010-07-26 00:00:00,0.00234638712457157
2010-07-27 00:00:00,0.0021244834042325
2010-07-28 00:00:00,0.00196666463706094
2010-07-29 00:00:00,0.0021244834042325
2010-07-30 00:00:00,0.0022094627404018
2010-07-31 00:00:00,0.0022944420765711
2010-08-01 00:00:00,0.00268291904191647
2010-08-02 00:00:00,0.00308353591242889
2010-08-03 00:00:00,0.00276789837808577
2010-08-04 00:00:00,0.00276789837808577
2010-08-05 00:00:00,0.00296213686075846
2010-08-06 00:00:00,0.00281847061359461
2010-08-07 00:00:00,0.00248585606913314
2010-08-08 00:00:00,0.00336115750192649
2010-08-09 00:00:00,0.00330863941595889
2010-08-10 00:00:00,0.0036237479317645
2010-08-11 00:00:00,0.00379880821832317
2010-08-12 00:00:00,0.00381631424697904
2010-08-13 00:00:00,0.00379880821832317
2010-08-14 00:00:00,0.00456907347918133
2010-08-15 00:00:00,0.00699611010373118
2010-08-16 00:00:00,0.0029510864437557
2010-08-17 00:00:00,0.00333269244941376
2010-08-18 00:00:00,0.00338357325016817
2010-08-19 00:00:00,0.0035616560528086
2010-08-20 00:00:00,0.00424854686299312
2010-08-21 00:00:00,0.00468103366940559
2010-08-22 00:00:00,0.00506263967506365
2010-08-23 00:00:00,0.00552056688185333
2010-08-24 00:00:00,0.00521528207732688
2010-08-25 00:00:00,0.00577497088562537
2010-08-26 00:00:00,0.00529160327845849
2010-08-27 00:00:00,0.00551599462684495
2010-08-28 00:00:00,0.00554698336070363
2010-08-29 00:00:00,0.00489621994967136
2010-08-30 00:00:00,0.00461732134494324
2010-08-31 00:00:00,0.00542302842526891
2010-09-01 00:00:00,0.00545401715912759
2010-09-02 00:00:00,0.0046792988126606
2010-09-03 00:00:00,0.00495819741738872
2010-09-04 00:00:00,0.00554698336070363
2010-09-05 00:00:00,0.00502017488510608
2010-09-06 00:00:00,0.00523709602211683
2010-09-07 00:00:00,0.0046792988126606
2010-09-08 00:00:00,0.00538653022242855
2010-09-09 00:00:00,0.00535109252359678
2010-09-10 00:00:00,0.00605984650023212
2010-09-11 00:00:00,0.00574090721074621
2010-09-12 00:00:00,0.00648509888621332
2010-09-13 00:00:00,0.00581178260840975
2010-09-14 00:00:00,0.00691035127219452
2010-09-15 00:00:00,0.00666228738037215
2010-09-16 00:00:00,0.00673316277803568
2010-09-17 00:00:00,0.00765454294766162
2010-09-18 00:00:00,0.00839873462312872
2010-09-19 00:00:00,0.00958137886113681
2010-09-20 00:00:00,0.00962700447476127
2010-09-21 00:00:00,0.00807573361152959
2010-09-22 00:00:00,0.00789323115703175
2010-09-23 00:00:00,0.00967263008838573
2010-09-24 00:00:00,0.0112239009516174
2010-09-25 00:00:00,0.00921637395214112
2010-09-26 00:00:00,0.00898824588401881
2010-09-27 00:00:00,0.0108588960426217
2010-09-28 00:00:00,0.00985513254288357
2010-09-29 00:00:00,0.0116026055429805
2010-09-30 00:00:00,0.00924275356813698
2010-10-01 00:00:00,0.0102260252243218
2010-10-02 00:00:00,0.0071451073682761
2010-10-03 00:00:00,0.00793172469322393
2010-10-04 00:00:00,0.0100949223368305
2010-10-05 00:00:00,0.00806282758071523
2010-10-06 00:00:00,0.00996381944933915
2010-10-07 00:00:00,0.0113403997679978
2010-10-08 00:00:00,0.0101604737805761
2010-10-09 00:00:00,0.0100293708930848
2010-10-10 00:00:00,0.0112748483242522
2010-10-11 00:00:00,0.0108159882180326
2010-10-12 00:00:00,0.0109603442625967
2010-10-13 00:00:00,0.0115768636273677
2010-10-14 00:00:00,0.013152413115116
2010-10-15 00:00:00,0.0126728980536274
2010-10-16 00:00:00,0.0163720142422538
2010-10-17 00:00:00,0.0193176067628266
2010-10-18 00:00:00,0.0178790615783608
2010-10-19 00:00:00,0.0166460228488187
2010-10-20 00:00:00,0.0160295034840476
2010-10-21 00:00:00,0.0248910297496032
2010-10-22 00:00:00,0.0163447534407265
2010-10-23 00:00:00,0.0185881509718067
2010-10-24 00:00:00,0.020190577779721
2010-10-25 00:00:00,0.0224339753108011
2010-10-26 00:00:00,0.0258524858343518
2010-10-27 00:00:00,0.0226476322185231
2010-10-28 00:00:00,0.0229681175801059
2010-10-29 00:00:00,0.0251046866573251
2010-10-30 00:00:00,0.0256388289266299
2010-10-31 00:00:00,0.0279717755492162
2010-11-01 00:00:00,0.0288939219958937
2010-11-02 00:00:00,0.0258201005069688
2010-11-03 00:00:00,0.0308919059636949
2010-11-04 00:00:00,0.0293549952192324
2010-11-05 00:00:00,0.0336583453037272
2010-11-06 00:00:00,0.0310455970381411
2010-11-07 00:00:00,0.0381153864626683
2010-11-08 00:00:00,0.0401133704304695
2010-11-09 00:00:00,0.0541208080126503
2010-11-10 00:00:00,0.0435221497768396
2010-11-11 00:00:00,0.0523167810788953
2010-11-12 00:00:00,0.0385610757090134
2010-11-13 00:00:00,0.0493852373115434
2010-11-14 00:00:00,0.0536698012792116
2010-11-15 00:00:00,0.0498362440449822
2010-11-16 00:00:00,0.0408161093762071
2010-11-17 00:00:00,0.0563758416798441
2010-11-18 00:00:00,0.059307385447196
2010-11-19 00:00:00,0.0566649936377225
2010-11-20 00:00:00,0.039255869086374
2010-11-21 00:00:00,0.0460829767535695
2010-11-22 00:00:00,0.0546168613375639
2010-11-23 00:00:00,0.0491551752038075
2010-11-24 00:00:00,0.0631507459215583
2010-11-25 00:00:00,0.0518860182706857
2010-11-26 00:00:00,0.0692951428220342
2010-11-27 00:00:00,0.0624680351548387
2010-11-28 00:00:00,0.0566649936377225
2010-11-29 00:00:00,0.0723673412722722
2010-11-30 00:00:00,0.0843295455223728
2010-12-01 00:00:00,0.0710777597974285
2010-12-02 00:00:00,0.0775028680277046
2010-12-03 00:00:00,0.0771012987633123
2010-12-04 00:00:00,0.0879436689019031
2010-12-05 00:00:00,0.0955734849253559
2010-12-06 00:00:00,0.0963766234541404
2010-12-07 00:00:00,0.0935656386033946
2010-12-08 00:00:00,0.0927625000746101
2010-12-09 00:00:00,0.100392316098063
2010-12-10 00:00:00,0.0913575317385561
2010-12-11 00:00:00,0.104756636393544
2010-12-12 00:00:00,0.105974736816725
2010-12-13 00:00:00,0.0925756321617369
2010-12-14 00:00:00,0.099275184489231
2010-12-15 00:00:00,0.109019987874677
2010-12-16 00:00:00,0.11328333935581
2010-12-17 00:00:00,0.105365686605135
2010-12-18 00:00:00,0.0962299334312791
2010-12-19 00:00:00,0.112065238932629
2010-12-20 00:00:00,0.0968389836428695
2010-12-21 00:00:00,0.119982891683304
2010-12-22 00:00:00,0.113761835381064
2010-12-23 00:00:00,0.102961661136026
2010-12-24 00:00:00,0.108001742450377
2010-12-25 00:00:00,0.116641881846407
2010-12-26 00:00:00,0.10584170760137
2010-12-27 00:00:00,0.115921870230071
2010-12-28 00:00:00,0.121681963160758
2010-12-29 00:00:00,0.123841998009766
2010-12-30 00:00:00,0.115201858613736
2010-12-31 00:00:00,0.118081905079079
2011-01-01 00:00:00,0.128162067707781
2011-01-02 00:00:00,0.129602090940453
2011-01-03 00:00:00,0.132945991858135
2011-01-04 00:00:00,0.115111773438141
2011-01-05 00:00:00,0.121596943772684
2011-01-06 00:00:00,0.119165004897231
2011-01-07 00:00:00,0.116733066021777
2011-01-08 00:00:00,0.155644088029036
2011-01-09 00:00:00,0.12321823635632
2011-01-10 00:00:00,0.135377930733588
2011-01-11 00:00:00,0.131324699274499
2011-01-12 00:00:00,0.135377930733588
2011-01-13 00:00:00,0.149969563986311
2011-01-14 00:00:00,0.141052454776314
2011-01-15 00:00:00,0.157644927140008
2011-01-16 00:00:00,0.158561467414078
2011-01-17 00:00:00,0.158561467414078
2011-01-18 00:00:00,0.142980282754891
2011-01-19 00:00:00,0.162227628510357
2011-01-20 00:00:00,0.153978766043729
2011-01-21 00:00:00,0.163144168784427
2011-01-22 00:00:00,0.15031260494745
2011-01-23 00:00:00,0.155811846591869
2011-01-24 00:00:00,0.164977249332567
2011-01-25 00:00:00,0.142980282754891
2011-01-26 00:00:00,0.178725353443614
2011-01-27 00:00:00,0.175078625840305
2011-01-28 00:00:00,0.17836135007481
2011-01-29 00:00:00,0.164136211725285
2011-01-30 00:00:00,0.179455591486312
2011-01-31 00:00:00,0.164136211725285
2011-02-01 00:00:00,0.195869212658841
2011-02-02 00:00:00,0.177267108663308
2011-02-03 00:00:00,0.163041970313784
2011-02-04 00:00:00,0.207905868185362
2011-02-05 00:00:00,0.200246178304848
2011-02-06 00:00:00,0.191492247012833
2011-02-07 00:00:00,0.225413730769392
2011-02-08 00:00:00,0.222286198822337
2011-02-09 00:00:00,0.236502176653999
2011-02-10 00:00:00,0.244256346380359
2011-02-11 00:00:00,0.246841069622479
2011-02-12 00:00:00,0.245548708001419
2011-02-13 00:00:00,0.263641770696261
2011-02-14 00:00:00,0.240379261517179
2011-02-15 00:00:00,0.273980663664741
2011-02-16 00:00:00,0.298535534464883
2011-02-17 00:00:00,0.310166789054424
2011-02-18 00:00:00,0.391485054897639
2011-02-19 00:00:00,0.318987822509188
2011-02-20 00:00:00,0.340736992225723
2011-02-21 00:00:00,0.3371121306063
2011-02-22 00:00:00,0.384235331658794
2011-02-23 00:00:00,0.440420686759844
2011-02-24 00:00:00,0.387860193278217
2011-02-25 00:00:00,0.402359639755907
2011-02-26 00:00:00,0.454920133237534
2011-02-27 00:00:00,0.748873252294981
2011-02-28 00:00:00,0.461482779089527
2011-03-01 00:00:00,0.359238091506817
2011-03-02 00:00:00,0.467009518958862
2011-03-03 00:00:00,0.505696698044212
2011-03-04 00:00:00,0.549910616998897
2011-03-05 00:00:00,0.732293032686974
2011-03-06 00:00:00,0.746109882360313
2011-03-07 00:00:00,0.649391934646939
2011-03-08 00:00:00,0.53333039739089
2011-03-09 00:00:00,0.598433792945317
2011-03-10 00:00:00,0.450719122534764
2011-03-11 00:00:00,0.511320012959607
2011-03-12 00:00:00,0.518895124262712
2011-03-13 00:00:00,0.450719122534764
2011-03-14 00:00:00,0.443144011231659
2011-03-15 00:00:00,0.367392898200606
2011-03-16 00:00:00,0.552983125126686
2011-03-17 00:00:00,0.496169790353396
2011-03-18 00:00:00,0.522682679914265
2011-03-19 00:00:00,0.412843566019238
2011-03-20 00:00:00,0.47344445644408
2011-03-21 00:00:00,0.587071125990659
2011-03-22 00:00:00,0.477232012095633
2011-03-23 00:00:00,0.560558236429791
2011-03-24 00:00:00,0.575708459036002
2011-03-25 00:00:00,0.613584015551528
2011-03-26 00:00:00,0.483475502411536
2011-03-27 00:00:00,0.524622353680603
2011-03-28 00:00:00,0.558911396404825
2011-03-29 00:00:00,0.528051257953025
2011-03-30 00:00:00,0.53490906649787
2011-03-31 00:00:00,0.692638663029293
2011-04-01 00:00:00,0.600058247673892
2011-04-02 00:00:00,0.648062907487804
2011-04-03 00:00:00,0.572627013494514
2011-04-04 00:00:00,0.617202769036003
2011-04-05 00:00:00,0.692638663029293
2011-04-06 00:00:00,0.568985959863672
2011-04-07 00:00:00,0.663134715812337
2011-04-08 00:00:00,0.638574170782251
2011-04-09 00:00:00,0.650854443297294
2011-04-10 00:00:00,0.687695260842424
2011-04-11 00:00:00,0.630387322438889
2011-04-12 00:00:00,0.683601836670743
2011-04-13 00:00:00,0.8227782585079
2011-04-14 00:00:00,0.667228139984018
2011-04-15 00:00:00,0.552612263176948
2011-04-16 00:00:00,0.683601836670743
2011-04-17 00:00:00,0.728629502559235
2011-04-18 00:00:00,0.716137288756555
2011-04-19 00:00:00,0.647277934068425
2011-04-20 00:00:00,0.661049805006051
2011-04-21 00:00:00,0.757452901569433
2011-04-22 00:00:00,0.794177890736436
2011-04-23 00:00:00,0.78040601979881
2011-04-24 00:00:00,0.725318536048305
2011-04-25 00:00:00,0.863037245424566
2011-04-26 00:00:00,0.885990363653943
2011-04-27 00:00:00,0.872218492716317
2011-04-28 00:00:00,0.729909159694181
2011-04-29 00:00:00,0.927305976466821
2011-04-30 00:00:00,1.008570400813
2011-05-01 00:00:00,1.06853945167215
2011-05-02 00:00:00,0.970408277538992
2011-05-03 00:00:00,1.1285085025313
2011-05-04 00:00:00,1.01402213270928
2011-05-05 00:00:00,1.24299487235332
2011-05-06 00:00:00,1.08489464736101
2011-05-07 00:00:00,1.19392928528674
2011-05-08 00:00:00,1.12305677063501
2011-05-09 00:00:00,1.35748124217533
2011-05-10 00:00:00,1.56504235595478
2011-05-11 00:00:00,1.46331460281772
2011-05-12 00:00:00,1.28333473188292
2011-05-13 00:00:00,1.57286756773456
2011-05-14 00:00:00,1.94065252138393
2011-05-15 00:00:00,1.78414828578845
2011-05-16 00:00:00,1.75284743866936
2011-05-17 00:00:00,2.03455506274122
2011-05-18 00:00:00,2.21453493367602
2011-05-19 00:00:00,2.19641646328717
2011-05-20 00:00:00,2.71821705953771
2011-05-21 00:00:00,2.58473318607827
2011-05-22 00:00:00,3.08226398715437
2011-05-23 00:00:00,3.36136663166047
2011-05-24 00:00:00,3.57979478823047
2011-05-25 00:00:00,3.5433900954688
2011-05-26 00:00:00,3.85889743273657
2011-05-27 00:00:00,4.28033532740519
2011-05-28 00:00:00,3.35076755428184
2011-05-29 00:00:00,3.73988894768231
2011-05-30 00:00:00,3.30753184390401
2011-05-31 00:00:00,3.24267827833726
2011-06-01 00:00:00,3.84797822362689
2011-06-02 00:00:00,4.10739248589387
2011-06-03 00:00:00,4.38842460334976
2011-06-04 00:00:00,4.66945672080566
2011-06-05 00:00:00,4.49651387929434
2011-06-06 00:00:00,7.04978032426183
2011-06-07 00:00:00,4.765651499201
2011-06-08 00:00:00,5.16043919735966
2011-06-09 00:00:00,5.97821371497403
2011-06-10 00:00:00,6.37300141313269
2011-06-11 00:00:00,6.54219614091498
2011-06-12 00:00:00,6.71139086869726
2011-06-13 00:00:00,6.90878471777659
2011-06-14 00:00:00,6.34480229183565
2011-06-15 00:00:00,12.2934076997834
2011-06-16 00:00:00,8.76232250942012
2011-06-17 00:00:00,7.84685597858518
2011-06-18 00:00:00,8.80591615374559
2011-06-19 00:00:00,9.54700810727864
2011-06-20 00:00:00,10.1137254835098
2011-06-21 00:00:00,10.0701318391843
2011-06-22 00:00:00,11.7702839678778
2011-06-23 00:00:00,10.3752873494626
2011-06-24 00:00:00,16.4544049245417
2011-06-25 00:00:00,10.3525630983575
2011-06-26 00:00:00,10.6268031804332
2011-06-27 00:00:00,10.9696032830278
2011-06-28 00:00:00,10.4896831393953
2011-06-29 00:00:00,12.1351236318495
2011-06-30 00:00:00,12.4093637139252
2011-07-01 00:00:00,12.3408036934063
2011-07-02 00:00:00,11.9980035908116
2011-07-03 00:00:00,10.9696032830278
2011-07-04 00:00:00,11.2438433651035
2011-07-05 00:00:00,10.3525630983575
2011-07-06 00:00:00,10.6953632009521
2011-07-07 00:00:00,10.5670018650812
2011-07-08 00:00:00,11.4216858394628
2011-07-09 00:00:00,12.2763698138443
2011-07-10 00:00:00,11.188590210086
2011-07-11 00:00:00,11.577082925714
2011-07-12 00:00:00,11.188590210086
2011-07-13 00:00:00,14.2188333919843
2011-07-14 00:00:00,11.965575641342
2011-07-15 00:00:00,12.5094654432211
2011-07-16 00:00:00,12.3540683569699
2011-07-17 00:00:00,13.1310537882259
2011-07-18 00:00:00,11.8878770982164
2011-07-19 00:00:00,12.7425610725979
2011-07-20 00:00:00,12.0198487388041
2011-07-21 00:00:00,13.0285073742283
2011-07-22 00:00:00,12.0198487388041
2011-07-23 00:00:00,12.1879585113748
2011-07-24 00:00:00,14.7936599862205
2011-07-25 00:00:00,13.1966171467989
2011-07-26 00:00:00,14.2052757822231
2011-07-27 00:00:00,15.1298795313618
2011-07-28 00:00:00,14.0371660096524
2011-07-29 00:00:00,13.5328366919403
2011-07-30 00:00:00,12.7763427153722
2011-07-31 00:00:00,14.1212208959377
2011-08-01 00:00:00,16.431116869293
2011-08-02 00:00:00,13.8021381702061
2011-08-03 00:00:00,14.9288433269576
2011-08-04 00:00:00,12.4876488206627
2011-08-05 00:00:00,12.9571093026425
2011-08-06 00:00:00,11.642619953099
2011-08-07 00:00:00,12.1120804350788
2011-08-08 00:00:00,12.1120804350788
2011-08-09 00:00:00,12.4876488206627
2011-08-10 00:00:00,15.5860880017293
2011-08-11 00:00:00,12.6754330134546
2011-08-12 00:00:00,12.8632172062465
2011-08-13 00:00:00,12.0181883386829
2011-08-14 00:00:00,11.5487278567031
2011-08-15 00:00:00,13.4265697846223
2011-08-16 00:00:00,12.6754330134546
2011-08-17 00:00:00,11.5792819314549
2011-08-18 00:00:00,14.1823763191464
2011-08-19 00:00:00,12.1178531840808
2011-08-20 00:00:00,13.0154719384571
2011-08-21 00:00:00,13.0154719384571
2011-08-22 00:00:00,15.7980900770238
2011-08-23 00:00:00,15.259518824398
2011-08-24 00:00:00,11.7588056823302
2011-08-25 00:00:00,11.4895200560173
2011-08-26 00:00:00,13.8233288173958
2011-08-27 00:00:00,11.7588056823302
2011-08-28 00:00:00,10.2328537998904
2011-08-29 00:00:00,11.2202344297044
2011-08-30 00:00:00,13.9130906928334
2011-08-31 00:00:00,13.3444209749862
2011-09-01 00:00:00,11.2234534028029
2011-09-02 00:00:00,14.3165311122368
2011-09-03 00:00:00,12.5490581354175
2011-09-04 00:00:00,11.135079753962
2011-09-05 00:00:00,13.6095419215091
2011-09-06 00:00:00,13.2560473261452
2011-09-07 00:00:00,12.9909263796223
2011-09-08 00:00:00,11.046706105121
2011-09-09 00:00:00,12.3723108377355
2011-09-10 00:00:00,12.6374317842584
2011-09-11 00:00:00,12.1955635400536
2011-09-12 00:00:00,11.4885743493258
2011-09-13 00:00:00,12.0188162423716
2011-09-14 00:00:00,13.2639252302093
2011-09-15 00:00:00,12.9148745662564
2011-09-16 00:00:00,10.9950959145156
2011-09-17 00:00:00,10.7333079165509
2011-09-18 00:00:00,14.5728652200325
2011-09-19 00:00:00,10.6460452505627
2011-09-20 00:00:00,12.1295105723624
2011-09-21 00:00:00,12.9148745662564
2011-09-22 00:00:00,13.0893998982328
2011-09-23 00:00:00,11.6931972424213
2011-09-24 00:00:00,10.8205705825391
2011-09-25 00:00:00,12.3912985703271
2011-09-26 00:00:00,11.954985240386
2011-09-27 00:00:00,11.8677225743978
2011-09-28 00:00:00,11.6059345764331
2011-09-29 00:00:00,11.2529540121156
2011-09-30 00:00:00,10.3292040558972
2011-10-01 00:00:00,11.4209085496099
2011-10-02 00:00:00,11.0010222058743
2011-10-03 00:00:00,10.9170449371271
2011-10-04 00:00:00,10.9170449371271
2011-10-05 00:00:00,11.504885818357
2011-10-06 00:00:00,11.1689767433685
2011-10-07 00:00:00,10.7490903996329
2011-10-08 00:00:00,10.83306766838
2011-10-09 00:00:00,10.3292040558972
2011-10-10 00:00:00,9.90931771216154
2011-10-11 00:00:00,8.90159048719596
2011-10-12 00:00:00,9.99329498090868
2011-10-13 00:00:00,7.64193145598899
2011-10-14 00:00:00,11.1689767433685
2011-10-15 00:00:00,10.2907990684153
2011-10-16 00:00:00,8.97708003840482
2011-10-17 00:00:00,8.24723613284346
2011-10-18 00:00:00,9.26901760062938
2011-10-19 00:00:00,9.63393955341006
2011-10-20 00:00:00,7.51739222728209
2011-10-21 00:00:00,10.0718458967469
2011-10-22 00:00:00,6.86053271227686
2011-10-23 00:00:00,7.66336100839436
2011-10-24 00:00:00,8.97708003840482
2011-10-25 00:00:00,9.48797077229778
2011-10-26 00:00:00,7.95529857061891
2011-10-27 00:00:00,8.39320491395573
2011-10-28 00:00:00,7.44440783672595
2011-10-29 00:00:00,8.68514247618028
2011-10-30 00:00:00,7.07948588394527
2011-10-31 00:00:00,9.99886150619074
2011-11-01 00:00:00,8.73436486000387
2011-11-02 00:00:00,9.03348694425057
2011-11-03 00:00:00,7.59770093986638
2011-11-04 00:00:00,8.55489160945584
2011-11-05 00:00:00,8.97366252740123
2011-11-06 00:00:00,8.85401369370255
2011-11-07 00:00:00,7.83699860726374
2011-11-08 00:00:00,8.07629627466111
2011-11-09 00:00:00,10.1103264475387
2011-11-10 00:00:00,8.67454044315452
2011-11-11 00:00:00,7.29857885561967
2011-11-12 00:00:00,8.07629627466111
2011-11-13 00:00:00,8.79418927685321
2011-11-14 00:00:00,8.13612069151045
2011-11-15 00:00:00,10.2553335513137
2011-11-16 00:00:00,7.88415816372673
2011-11-17 00:00:00,8.59551078000283
2011-11-18 00:00:00,7.76559939434738
2011-11-19 00:00:00,7.64704062496803
2011-11-20 00:00:00,7.58776124027836
2011-11-21 00:00:00,8.00271693310608
2011-11-22 00:00:00,8.00271693310608
2011-11-23 00:00:00,7.76559939434738
2011-11-24 00:00:00,6.63929108524356
2011-11-25 00:00:00,7.70632000965771
2011-11-26 00:00:00,7.52848185558868
2011-11-27 00:00:00,6.75784985462291
2011-11-28 00:00:00,7.35064370151966
2011-11-29 00:00:00,8.23983447186478
2011-11-30 00:00:00,7.91608649951355
2011-12-01 00:00:00,10.0306575507535
2011-12-02 00:00:00,8.5125039755043
2011-12-03 00:00:00,8.132965581692
2011-12-04 00:00:00,7.42810856461203
2011-12-05 00:00:00,8.67516328713814
2011-12-06 00:00:00,8.62094351659352
2011-12-07 00:00:00,7.97030627005816
2011-12-08 00:00:00,8.34984466387045
2011-12-09 00:00:00,8.18718535223662
2011-12-10 00:00:00,8.5125039755043
2011-12-11 00:00:00,7.86186672896894
2011-12-12 00:00:00,7.26544925297819
2011-12-13 00:00:00,7.40682744479193
2011-12-14 00:00:00,8.26808645000029
2011-12-15 00:00:00,7.06232384270858
2011-12-16 00:00:00,7.11974110972247
2011-12-17 00:00:00,8.38292098402808
2011-12-18 00:00:00,8.44033825104196
2011-12-19 00:00:00,8.67000731909753
2011-12-20 00:00:00,7.75133104687528
2011-12-21 00:00:00,8.89967638715309
2011-12-22 00:00:00,7.92358284791695
2011-12-23 00:00:00,8.72742458611142
2011-12-24 00:00:00,7.5790792458336
2011-12-25 00:00:00,9.99060446041702
2011-12-26 00:00:00,9.87576992638924
2011-12-27 00:00:00,9.1680048812832
2011-12-28 00:00:00,8.64906120875774
2011-12-29 00:00:00,8.07245712817388
2011-12-30 00:00:00,7.38053223147327
2011-12-31 00:00:00,9.28332569739997
2012-01-01 00:00:00,8.59140080069935
2012-01-02 00:00:00,8.76438202487451
2012-01-03 00:00:00,9.34098610545835
2012-01-04 00:00:00,8.87970284099127
2012-01-05 00:00:00,8.47607998458258
2012-01-06 00:00:00,9.80226936992543
2012-01-07 00:00:00,10.4365338585677
2012-01-08 00:00:00,9.28332569739997
2012-01-09 00:00:00,10.010256218171
2012-01-10 00:00:00,9.07762365126064
2012-01-11 00:00:00,9.45067667802477
2012-01-12 00:00:00,10.3211337404744
2012-01-13 00:00:00,7.70976255312548
2012-01-14 00:00:00,9.94808071371029
2012-01-15 00:00:00,9.20197466018202
2012-01-16 00:00:00,9.82372970478891
2012-01-17 00:00:00,9.82372970478891
2012-01-18 00:00:00,8.82892163341788
2012-01-19 00:00:00,8.45586860665375
2012-01-20 00:00:00,8.58021961557513
2012-01-21 00:00:00,11.1294152984634
2012-01-22 00:00:00,8.45097882303242
2012-01-23 00:00:00,11.116287528758
2012-01-24 00:00:00,8.77601647007213
2012-01-25 00:00:00,10.076167058231
2012-01-26 00:00:00,8.45097882303242
2012-01-27 00:00:00,9.0360465877039
2012-01-28 00:00:00,10.076167058231
2012-01-29 00:00:00,10.5962272934945
2012-01-30 00:00:00,10.7912498817183
2012-01-31 00:00:00,10.2711896464548
2012-02-01 00:00:00,8.77601647007213
2012-02-02 00:00:00,10.5962272934945
2012-02-03 00:00:00,10.4012047052707
2012-02-04 00:00:00,11.247553976336
2012-02-05 00:00:00,9.3272398828152
2012-02-06 00:00:00,10.1502316371812
2012-02-07 00:00:00,9.80731840619539
2012-02-08 00:00:00,9.05290929802652
2012-02-09 00:00:00,9.87590105239257
2012-02-10 00:00:00,10.0816489909841
2012-02-11 00:00:00,9.46440517520954
2012-02-12 00:00:00,10.9732233915473
2012-02-13 00:00:00,10.0816489909841
2012-02-14 00:00:00,9.3272398828152
2012-02-15 00:00:00,9.73873575999822
2012-02-16 00:00:00,8.84716135943501
2012-02-17 00:00:00,9.73873575999822
2012-02-18 00:00:00,12.0019630845049
2012-02-19 00:00:00,10.7413680220749
2012-02-20 00:00:00,9.9887880969614
2012-02-21 00:00:00,8.75729367404835
2012-02-22 00:00:00,10.7413680220749
2012-02-23 00:00:00,11.4939479471885
2012-02-24 00:00:00,9.92037174013289
2012-02-25 00:00:00,11.42553159036
2012-02-26 00:00:00,10.3992862379324
2012-02-27 00:00:00,10.8097843789034
2012-02-28 00:00:00,10.2624535242754
2012-02-29 00:00:00,12.7254423701015
2012-03-01 00:00:00,10.6729516652464
2012-03-02 00:00:00,9.89722287527119
2012-03-03 00:00:00,8.85540994103212
2012-03-04 00:00:00,9.67397724650567
2012-03-05 00:00:00,9.82280766568269
2012-03-06 00:00:00,11.0134510190988
2012-03-07 00:00:00,11.0878662286873
2012-03-08 00:00:00,11.6087726958068
2012-03-09 00:00:00,12.3529247916919
2012-03-10 00:00:00,12.8738312588114
2012-03-11 00:00:00,9.89722287527119
2012-03-12 00:00:00,12.5761704204574
2012-03-13 00:00:00,11.3111118574528
2012-03-14 00:00:00,10.2692989232137
2012-03-15 00:00:00,9.59956203691717
2012-03-16 00:00:00,10.6507281967033
2012-03-17 00:00:00,12.810666082748
2012-03-18 00:00:00,11.6189762145854
2012-03-19 00:00:00,11.7679374481057
2012-03-20 00:00:00,11.0231312805041
2012-03-21 00:00:00,12.0658599151464
2012-03-22 00:00:00,11.6189762145854
2012-03-23 00:00:00,9.68248017882115
2012-03-24 00:00:00,12.810666082748
2012-03-25 00:00:00,12.4382629989472
2012-03-26 00:00:00,11.3210537475447
2012-03-27 00:00:00,11.0231312805041
2012-03-28 00:00:00,11.8424180648659
2012-03-29 00:00:00,11.2390412852186
2012-03-30 00:00:00,12.1284618185812
2012-03-31 00:00:00,13.1795951761915
2012-04-01 00:00:00,12.1284618185812
2012-04-02 00:00:00,10.2687643397321
2012-04-03 00:00:00,10.3496207518559
2012-04-04 00:00:00,11.4007541094663
2012-04-05 00:00:00,9.62191304274106
2012-04-06 00:00:00,9.94533869123656
2012-04-07 00:00:00,10.6730464003514
2012-04-08 00:00:00,11.8050361700857
2012-04-09 00:00:00,12.209318230705
2012-04-10 00:00:00,11.5624669337141
2012-04-11 00:00:00,11.5624669337141
2012-04-12 00:00:00,11.1581848730947
2012-04-13 00:00:00,9.88325160797756
2012-04-14 00:00:00,10.4323211417541
2012-04-15 00:00:00,9.1773050645506
2012-04-16 00:00:00,10.4323211417541
2012-04-17 00:00:00,11.1382676851811
2012-04-18 00:00:00,9.56949758867669
2012-04-19 00:00:00,12.2364067527341
2012-04-20 00:00:00,12.1579682479089
2012-04-21 00:00:00,11.5304602093072
2012-04-22 00:00:00,11.6873372189576
2012-04-23 00:00:00,11.6088987141324
2012-04-24 00:00:00,9.64793609350191
2012-04-25 00:00:00,10.8245136658802
2012-04-26 00:00:00,12.0795297430837
2012-04-27 00:00:00,9.88325160797756
2012-04-28 00:00:00,11.6988142999403
2012-04-29 00:00:00,12.4487382935262
2012-04-30 00:00:00,12.673715491602
2012-05-01 00:00:00,13.4236394851879
2012-05-02 00:00:00,11.5488295012231
2012-05-03 00:00:00,12.4487382935262
2012-05-04 00:00:00,11.6238219005817
2012-05-05 00:00:00,11.6988142999403
2012-05-06 00:00:00,12.8986926896778
2012-05-07 00:00:00,12.8237002903192
2012-05-08 00:00:00,13.9485862806981
2012-05-09 00:00:00,14.1299469053505
2012-05-10 00:00:00,12.4067826486005
2012-05-11 00:00:00,10.5974601790129
2012-05-12 00:00:00,11.8036751587379
2012-05-13 00:00:00,11.3728840945504
2012-05-14 00:00:00,12.320624435763
2012-05-15 00:00:00,11.2867258817129
2012-05-16 00:00:00,9.64971983780036
2012-05-17 00:00:00,10.1666691148254
2012-05-18 00:00:00,12.4067826486005
2012-05-19 00:00:00,12.5790990742755
2012-05-20 00:00:00,12.2344662229255
2012-05-21 00:00:00,11.3728840945504
2012-05-22 00:00:00,10.0805109019879
2012-05-23 00:00:00,10.4251437533379
2012-05-24 00:00:00,11.6313587330629
2012-05-25 00:00:00,9.17476078110834
2012-05-26 00:00:00,10.6775233228416
2012-05-27 00:00:00,12.9712135181187
2012-05-28 00:00:00,10.9148016189047
2012-05-29 00:00:00,10.756616088196
2012-05-30 00:00:00,9.49113184252587
2012-05-31 00:00:00,11.5475437417398
2012-06-01 00:00:00,11.9430075685117
2012-06-02 00:00:00,12.3384713952836
2012-06-03 00:00:00,12.4966569259924
2012-06-04 00:00:00,11.9430075685117
2012-06-05 00:00:00,10.756616088196
2012-06-06 00:00:00,13.3666773448906
2012-06-07 00:00:00,9.96568843465216
2012-06-08 00:00:00,11.7057292724486
2012-06-09 00:00:00,13.1429330105724
2012-06-10 00:00:00,13.3790336035767
2012-06-11 00:00:00,12.1198304408871
2012-06-12 00:00:00,11.0180276735338
2012-06-13 00:00:00,12.7494320222319
2012-06-14 00:00:00,11.4902288595424
2012-06-15 00:00:00,12.5133314292276
2012-06-16 00:00:00,12.5920316268957
2012-06-17 00:00:00,12.8281322199
2012-06-18 00:00:00,12.3559310338914
2012-06-19 00:00:00,14.3234359755939
2012-06-20 00:00:00,11.6726201299773
2012-06-21 00:00:00,10.4710268813032
2012-06-22 00:00:00,12.1017605759324
2012-06-23 00:00:00,13.9041504489436
2012-06-24 00:00:00,12.0159324867414
2012-06-25 00:00:00,13.1316976462245
2012-06-26 00:00:00,12.7025572002694
2012-06-27 00:00:00,13.9041504489436
2012-06-28 00:00:00,11.5867920407863
2012-06-29 00:00:00,12.0159324867414
2012-06-30 00:00:00,12.1875886651234
2012-07-01 00:00:00,11.8442763083594
2012-07-02 00:00:00,13.8183223597526
2012-07-03 00:00:00,12.4450729326964
2012-07-04 00:00:00,13.8433790741358
2012-07-05 00:00:00,11.9279429758277
2012-07-06 00:00:00,13.3209874109609
2012-07-07 00:00:00,14.8010971232899
2012-07-08 00:00:00,13.4080526881567
2012-07-09 00:00:00,14.3657707373108
2012-07-10 00:00:00,13.1468568565692
2012-07-11 00:00:00,11.9279429758277
2012-07-12 00:00:00,13.1468568565692
2012-07-13 00:00:00,14.0175096285275
2012-07-14 00:00:00,12.9727263021776
2012-07-15 00:00:00,12.9727263021776
2012-07-16 00:00:00,12.8856610249818
2012-07-17 00:00:00,16.4218502560807
2012-07-18 00:00:00,14.009601065922
2012-07-19 00:00:00,13.2673705458731
2012-07-20 00:00:00,12.8962552858487
2012-07-21 00:00:00,13.9168222509159
2012-07-22 00:00:00,12.8962552858487
2012-07-23 00:00:00,13.9168222509159
2012-07-24 00:00:00,14.937389215983
2012-07-25 00:00:00,14.2879375109403
2012-07-26 00:00:00,16.5146290710868
2012-07-27 00:00:00,15.5868409210258
2012-07-28 00:00:00,15.772398551038
2012-07-29 00:00:00,13.4529281758853
2012-07-30 00:00:00,18.730041758676
2012-07-31 00:00:00,13.4653813724536
2012-08-01 00:00:00,14.2753291241801
2012-08-02 00:00:00,15.5914942207357
2012-08-03 00:00:00,17.5151201310862
2012-08-04 00:00:00,15.1865203448724
2012-08-05 00:00:00,14.6803030000434
2012-08-06 00:00:00,14.2753291241801
2012-08-07 00:00:00,15.0852768759066
2012-08-08 00:00:00,17.2113897241888
2012-08-09 00:00:00,16.0977115655648
2012-08-10 00:00:00,16.6039289103939
2012-08-11 00:00:00,15.996468096599
2012-08-12 00:00:00,18.4055429382566
2012-08-13 00:00:00,16.6630063287176
2012-08-14 00:00:00,17.7520917096795
2012-08-15 00:00:00,18.623360014449
2012-08-16 00:00:00,16.7719148668137
2012-08-17 00:00:00,15.5739209477556
2012-08-18 00:00:00,16.1184636382366
2012-08-19 00:00:00,17.2075490191985
2012-08-20 00:00:00,20.5837137001805
2012-08-21 00:00:00,19.712445395411
2012-08-22 00:00:00,16.2273721763328
2012-08-23 00:00:00,17.9699087858719
2012-08-24 00:00:00,16.9897319430061
2012-08-25 00:00:00,15.8935752697755
2012-08-26 00:00:00,21.3532003624464
2012-08-27 00:00:00,18.0774253068439
2012-08-28 00:00:00,18.1987503089032
2012-08-29 00:00:00,20.1399503418529
2012-08-30 00:00:00,19.169350325378
2012-08-31 00:00:00,17.3494752944877
2012-09-01 00:00:00,19.7759753356748
2012-09-02 00:00:00,18.5627253150813
2012-09-03 00:00:00,21.8385003706838
2012-09-04 00:00:00,15.5296002635974
2012-09-05 00:00:00,21.8385003706838
2012-09-06 00:00:00,24.9094641253975
2012-09-07 00:00:00,23.0345582234858
2012-09-08 00:00:00,18.7490590191164
2012-09-09 00:00:00,20.4900430708914
2012-09-10 00:00:00,19.2847464196625
2012-09-11 00:00:00,21.1596523215742
2012-09-12 00:00:00,18.8829808692529
2012-09-13 00:00:00,19.4186682697991
2012-09-14 00:00:00,21.6953397221204
2012-09-15 00:00:00,19.150824569526
2012-09-16 00:00:00,20.0882775204818
2012-09-17 00:00:00,23.570245624032
2012-09-18 00:00:00,22.3649489728031
2012-09-19 00:00:00,19.150824569526
2012-09-20 00:00:00,20.9294479443629
2012-09-21 00:00:00,23.2074830947697
2012-09-22 00:00:00,24.4888778668736
2012-09-23 00:00:00,21.2142023381637
2012-09-24 00:00:00,22.2108427164667
2012-09-25 00:00:00,21.2142023381637
2012-09-26 00:00:00,20.3599391567612
2012-09-27 00:00:00,20.3599391567612
2012-09-28 00:00:00,23.3498602916702
2012-09-29 00:00:00,23.9193690792719
2012-09-30 00:00:00,21.641333928865
2012-10-01 00:00:00,21.0718251412633
2012-10-02 00:00:00,19.3632987784582
2012-10-03 00:00:00,20.9547974016134
2012-10-04 00:00:00,20.3474119696825
2012-10-05 00:00:00,20.6511046856479
2012-10-06 00:00:00,21.5621828335442
2012-10-07 00:00:00,20.8029510436307
2012-10-08 00:00:00,25.2064954251291
2012-10-09 00:00:00,22.0177219074923
2012-10-10 00:00:00,22.6251073394231
2012-10-11 00:00:00,20.9547974016134
2012-10-12 00:00:00,22.9288000553885
2012-10-13 00:00:00,22.169568265475
2012-10-14 00:00:00,20.9547974016134
2012-10-15 00:00:00,23.8398782032848
2012-10-16 00:00:00,23.0806464133712
2012-10-17 00:00:00,21.5343577779689
2012-10-18 00:00:00,23.672520961597
2012-10-19 00:00:00,24.2834247283479
2012-10-20 00:00:00,21.0761799529057
2012-10-21 00:00:00,24.1306987866602
2012-10-22 00:00:00,25.3525063201619
2012-10-23 00:00:00,20.923454011218
2012-10-24 00:00:00,23.8252469032847
2012-10-25 00:00:00,21.0761799529057
2012-10-26 00:00:00,24.5888766117233
2012-10-27 00:00:00,27.1852176204146
2012-10-28 00:00:00,25.8106841452251
2012-10-29 00:00:00,24.1306987866602
2012-10-30 00:00:00,24.4748066399431
2012-10-31 00:00:00,22.8322021674637
2012-11-01 00:00:00,22.175160378472
2012-11-02 00:00:00,23.8177648509514
2012-11-03 00:00:00,23.4892439564555
2012-11-04 00:00:00,26.2816715596705
2012-11-05 00:00:00,25.1318484289349
2012-11-06 00:00:00,22.3394208257199
2012-11-07 00:00:00,25.7888902179266
2012-11-08 00:00:00,26.6101924541663
2012-11-09 00:00:00,23.8177648509514
2012-11-10 00:00:00,26.2816715596705
2012-11-11 00:00:00,21.6823790367281
2012-11-12 00:00:00,23.6121875254214
2012-11-13 00:00:00,22.7748759110447
2012-11-14 00:00:00,24.1145744940473
2012-11-15 00:00:00,22.7748759110447
2012-11-16 00:00:00,23.6121875254214
2012-11-17 00:00:00,23.6121875254214
2012-11-18 00:00:00,26.6265093371773
2012-11-19 00:00:00,20.5978657136654
2012-11-20 00:00:00,26.6265093371773
2012-11-21 00:00:00,25.7891977228006
2012-11-22 00:00:00,24.6169614626733
2012-11-23 00:00:00,24.2820368169227
2012-11-24 00:00:00,27.1288963058033
2012-11-25 00:00:00,23.6121875254214
2012-11-26 00:00:00,27.1809055709603
2012-11-27 00:00:00,25.9842619294715
2012-11-28 00:00:00,28.8903964873729
2012-11-29 00:00:00,28.2066001208079
2012-11-30 00:00:00,22.0524328217225
2012-12-01 00:00:00,27.3518546626016
2012-12-02 00:00:00,25.8133128378303
2012-12-03 00:00:00,25.642363746189
2012-12-04 00:00:00,18.9753491721799
2012-12-05 00:00:00,20.5138909969512
2012-12-06 00:00:00,24.4457201047002
2012-12-07 00:00:00,21.1976873635162
2012-12-08 00:00:00,23.0781273715701
2012-12-09 00:00:00,22.2233819133638
2012-12-10 00:00:00,24.2747710130589
2012-12-11 00:00:00,24.2922336617309
2012-12-12 00:00:00,21.6117113266433
2012-12-13 00:00:00,22.7844398482441
2012-12-14 00:00:00,17.423395178069
2012-12-15 00:00:00,19.7688522212707
2012-12-16 00:00:00,19.2662542834417
2012-12-17 00:00:00,21.1091133888144
2012-12-18 00:00:00,21.1091133888144
2012-12-19 00:00:00,23.9571683698449
2012-12-20 00:00:00,18.0935257618409
2012-12-21 00:00:00,20.2714501590996
2012-12-22 00:00:00,24.1247010157879
2012-12-23 00:00:00,23.1195051401301
2012-12-24 00:00:00,21.2766460347574
2012-12-25 00:00:00,20.6065154509855
2012-12-26 00:00:00,24.1247010157879
2012-12-27 00:00:00,23.8470848798358
2012-12-28 00:00:00,26.0688629742304
2012-12-29 00:00:00,19.8478843099254
2012-12-30 00:00:00,23.6989663402095
2012-12-31 00:00:00,24.8839146572199
2013-01-01 00:00:00,24.2914404987147
2013-01-02 00:00:00,23.1064921817042
2013-01-03 00:00:00,23.6989663402095
2013-01-04 00:00:00,20.8847140873096
2013-01-05 00:00:00,22.0696624043201
2013-01-06 00:00:00,21.0328326269359
2013-01-07 00:00:00,24.7357961175936
2013-01-08 00:00:00,23.2611819868382
2013-01-09 00:00:00,21.6458221266411
2013-01-10 00:00:00,23.5842539588777
2013-01-11 00:00:00,19.5458543083849
2013-01-12 00:00:00,19.2227823363455
2013-01-13 00:00:00,19.7073902944046
2013-01-14 00:00:00,24.8765418470353
2013-01-15 00:00:00,20.5150702245032
2013-01-16 00:00:00,19.8689262804243
2013-01-17 00:00:00,19.8689262804243
2013-01-18 00:00:00,20.1919982524637
2013-01-19 00:00:00,22.7765740287791
2013-01-20 00:00:00,21.3227501546017
2013-01-21 00:00:00,23.5842539588777
2013-01-22 00:00:00,20.6766062105229
2013-01-23 00:00:00,21.6458221266411
2013-01-24 00:00:00,23.9073259309171
2013-01-25 00:00:00,20.5134284895871
2013-01-26 00:00:00,22.1367933340868
2013-01-27 00:00:00,22.4319505785413
2013-01-28 00:00:00,21.8416360896323
2013-01-29 00:00:00,23.9077368008137
2013-01-30 00:00:00,21.3989002229506
2013-01-31 00:00:00,28.0399382231766
2013-02-01 00:00:00,22.5795292007685
2013-02-02 00:00:00,23.7601581785865
2013-02-03 00:00:00,24.3504726674955
2013-02-04 00:00:00,25.9738375119952
2013-02-05 00:00:00,28.0057671748026
2013-02-06 00:00:00,25.0749310751139
2013-02-07 00:00:00,24.0979857085511
2013-02-08 00:00:00,24.749282619593
2013-02-09 00:00:00,22.1440949754253
2013-02-10 00:00:00,26.7031733527187
2013-02-11 00:00:00,25.8890522139163
2013-02-12 00:00:00,23.2838645697487
2013-02-13 00:00:00,25.5634037583954
2013-02-14 00:00:00,26.7031733527187
2013-02-15 00:00:00,28.6570640858445
2013-02-16 00:00:00,30.7737790467308
2013-02-17 00:00:00,30.2853063634493
2013-02-18 00:00:00,29.2203363858104
2013-02-19 00:00:00,30.1278002487238
2013-02-20 00:00:00,31.3982496568025
2013-02-21 00:00:00,35.7540761987867
2013-02-22 00:00:00,29.2203363858104
2013-02-23 00:00:00,29.4018291583931
2013-02-24 00:00:00,29.7648147035584
2013-02-25 00:00:00,35.3910906536213
2013-02-26 00:00:00,28.1313797503144
2013-02-27 00:00:00,36.8430328342827
2013-02-28 00:00:00,31.0352641116372
2013-03-01 00:00:00,34.3062704062833
2013-03-02 00:00:00,32.5692440565981
2013-03-03 00:00:00,33.0035006440194
2013-03-04 00:00:00,37.9974513993645
2013-03-05 00:00:00,32.5692440565981
2013-03-06 00:00:00,35.1747835811259
2013-03-07 00:00:00,33.0035006440194
2013-03-08 00:00:00,31.7007308817555
2013-03-09 00:00:00,36.9118099308112
2013-03-10 00:00:00,40.168734336471
2013-03-11 00:00:00,40.3858626301816
2013-03-12 00:00:00,25.6211386578572
2013-03-13 00:00:00,33.4377572314407
2013-03-14 00:00:00,44.5809016947202
2013-03-15 00:00:00,40.9662339897429
2013-03-16 00:00:00,42.4121010717338
2013-03-17 00:00:00,48.9185029406929
2013-03-18 00:00:00,43.1350346127293
2013-03-19 00:00:00,47.472635858702
2013-03-20 00:00:00,45.0628573887172
2013-03-21 00:00:00,53.7380598806627
2013-03-22 00:00:00,54.2200155746597
2013-03-23 00:00:00,50.6053478696824
2013-03-24 00:00:00,72.2287385885214
2013-03-25 00:00:00,45.2677808665388
2013-03-26 00:00:00,51.9248074645592
2013-03-27 00:00:00,41.9392675675285
2013-03-28 00:00:00,59.5803880522826
2013-03-29 00:00:00,60.5789420419857
2013-03-30 00:00:00,55.2533207635694
2013-03-31 00:00:00,52.2576587944602
2013-04-01 00:00:00,72.5615899184224
2013-04-02 00:00:00,58.2489827326786
2013-04-03 00:00:00,59.2475367223816
2013-04-04 00:00:00,53.2562127841633
2013-04-05 00:00:00,54.925472865526
2013-04-06 00:00:00,64.0797183431136
2013-04-07 00:00:00,61.7911569737167
2013-04-08 00:00:00,64.4611452380131
2013-04-09 00:00:00,64.0797183431136
2013-04-10 00:00:00,70.1825486615054
2013-04-11 00:00:00,62.5540107635157
2013-04-12 00:00:00,65.9868528176111
2013-04-13 00:00:00,60.6468762890183
2013-04-14 00:00:00,62.1725838686162
2013-04-15 00:00:00,61.0283031839177
2013-04-16 00:00:00,69.8011217666059
2013-04-17 00:00:00,74.501150664243
2013-04-18 00:00:00,72.7166919656983
2013-04-19 00:00:00,55.7643343295232
2013-04-20 00:00:00,64.6866278222469
2013-04-21 00:00:00,77.6239533866963
2013-04-22 00:00:00,72.2705772910621
2013-04-23 00:00:00,70.9322332671535
2013-04-24 00:00:00,78.0700680613325
2013-04-25 00:00:00,70.9322332671535
2013-04-26 00:00:00,76.7317240374239
2013-04-27 00:00:00,70.9322332671535
2013-04-28 00:00:00,74.501150664243
2013-04-29 00:00:00,80.7467561091496
2013-04-30 00:00:00,74.6333901791775
2013-05-01 00:00:00,70.6262282903626
2013-05-02 00:00:00,72.1289139986682
2013-05-03 00:00:00,73.6315997069738
2013-05-04 00:00:00,77.1378663596868
2013-05-05 00:00:00,77.1378663596868
2013-05-06 00:00:00,81.6459234846036
2013-05-07 00:00:00,88.1575615539278
2013-05-08 00:00:00,81.6459234846036
2013-05-09 00:00:00,83.1486091929092
2013-05-10 00:00:00,83.649504429011
2013-05-11 00:00:00,87.656666317826
2013-05-12 00:00:00,89.1593520261315
2013-05-13 00:00:00,100.10188526766
2013-05-14 00:00:00,81.7498729685886
2013-05-15 00:00:00,81.7498729685886
2013-05-16 00:00:00,80.637629798948
2013-05-17 00:00:00,89.5355751560733
2013-05-18 00:00:00,81.7498729685886
2013-05-19 00:00:00,85.6427240623309
2013-05-20 00:00:00,76.7447787052057
2013-05-21 00:00:00,82.8621161382293
2013-05-22 00:00:00,92.3161830801749
2013-05-23 00:00:00,89.5355751560733
2013-05-24 00:00:00,90.0916967408936
2013-05-25 00:00:00,103.913692158211
2013-05-26 00:00:00,97.2680490550696
2013-05-27 00:00:00,103.913692158211
2013-05-28 00:00:00,97.8721984280825
2013-05-29 00:00:00,101.49709466616
2013-05-30 00:00:00,102.101244039172
2013-05-31 00:00:00,112.371783380391
2013-06-01 00:00:00,119.621575856545
2013-06-02 00:00:00,123.246472094622
2013-06-03 00:00:00,126.267218959687
2013-06-04 00:00:00,126.871368332699
2013-06-05 00:00:00,156.703562082192
2013-06-06 00:00:00,138.085317082328
2013-06-07 00:00:00,124.897393540757
2013-06-08 00:00:00,130.327714999051
2013-06-09 00:00:00,129.551954790723
2013-06-10 00:00:00,139.636837498983
2013-06-11 00:00:00,136.533796665672
2013-06-12 00:00:00,155.152041665537
2013-06-13 00:00:00,149.721720207243
2013-06-14 00:00:00,133.430755832362
2013-06-15 00:00:00,136.533796665672
2013-06-16 00:00:00,145.067158957277
2013-06-17 00:00:00,148.049400446238
2013-06-18 00:00:00,140.358522500979
2013-06-19 00:00:00,120.169967894673
2013-06-20 00:00:00,140.358522500979
2013-06-21 00:00:00,166.315235566228
2013-06-22 00:00:00,165.353875823071
2013-06-23 00:00:00,169.1993147957
2013-06-24 00:00:00,137.474443271506
2013-06-25 00:00:00,142.281241987293
2013-06-26 00:00:00,181.696991456746
2013-06-27 00:00:00,159.585717364126
2013-06-28 00:00:00,161.508436850441
2013-06-29 00:00:00,170.75417902577
2013-06-30 00:00:00,173.935933914449
2013-07-01 00:00:00,162.269499322626
2013-07-02 00:00:00,166.511839174198
2013-07-03 00:00:00,185.602368506272
2013-07-04 00:00:00,180.299443691807
2013-07-05 00:00:00,187.723538432058
2013-07-06 00:00:00,199.389973023881
2013-07-07 00:00:00,198.329388060988
2013-07-08 00:00:00,197.268803098095
2013-07-09 00:00:00,213.177577541489
2013-07-10 00:00:00,181.3600286547
2013-07-11 00:00:00,249.70821205767
2013-07-12 00:00:00,214.59299473706
2013-07-13 00:00:00,196.385104274522
2013-07-14 00:00:00,211.991867528126
2013-07-15 00:00:00,222.396376363862
2013-07-16 00:00:00,213.292431132593
2013-07-17 00:00:00,219.795249154928
2013-07-18 00:00:00,223.696939968329
2013-07-19 00:00:00,219.795249154928
2013-07-20 00:00:00,243.205394035335
2013-07-21 00:00:00,253.609902871071
2013-07-22 00:00:00,279.682550204425
2013-07-23 00:00:00,225.29983210912
2013-07-24 00:00:00,239.283959619341
2013-07-25 00:00:00,212.869496544479
2013-07-26 00:00:00,276.574966313265
2013-07-27 00:00:00,256.375671020723
2013-07-28 00:00:00,275.021174367684
2013-07-29 00:00:00,257.929462966303
2013-07-30 00:00:00,287.451509932325
2013-07-31 00:00:00,309.204597170447
2013-08-01 00:00:00,287.451509932325
2013-08-02 00:00:00,295.220469660226
2013-08-03 00:00:00,332.726003144688
2013-08-04 00:00:00,317.855567249954
2013-08-05 00:00:00,356.890461473632
2013-08-06 00:00:00,351.314048013107
2013-08-07 00:00:00,327.149589684163
2013-08-08 00:00:00,375.478506342051
2013-08-09 00:00:00,386.631333263102
2013-08-10 00:00:00,369.902092881525
2013-08-11 00:00:00,397.784160184153
2013-08-12 00:00:00,425.66622748678
2013-08-13 00:00:00,484.952765580043
2013-08-14 00:00:00,388.972530725659
2013-08-15 00:00:00,421.807874228475
2013-08-16 00:00:00,434.436852498788
2013-08-17 00:00:00,472.323787309729
2013-08-18 00:00:00,497.581743850356
2013-08-19 00:00:00,449.591626423165
2013-08-20 00:00:00,457.169013385353
2013-08-21 00:00:00,520.313904736921
2013-08-22 00:00:00,525.365496045046
2013-08-23 00:00:00,543.046065623485
2013-08-24 00:00:00,607.932298580619
2013-08-25 00:00:00,467.388810199078
2013-08-26 00:00:00,532.757874562586
2013-08-27 00:00:00,562.173953526164
2013-08-28 00:00:00,545.831687435287
2013-08-29 00:00:00,647.153737198724
2013-08-30 00:00:00,634.079924326022
2013-08-31 00:00:00,702.717441907705
2013-09-01 00:00:00,725.596614434932
2013-09-02 00:00:00,768.086506271213
2013-09-03 00:00:00,604.663845362444
2013-09-04 00:00:00,751.934693043482
2013-09-05 00:00:00,704.398591759124
2013-09-06 00:00:00,821.078113093457
2013-09-07 00:00:00,704.398591759124
2013-09-08 00:00:00,643.898099215395
2013-09-09 00:00:00,834.042504352828
2013-09-10 00:00:00,803.792258080963
2013-09-11 00:00:00,868.614214377815
2013-09-12 00:00:00,898.864460649679
2013-09-13 00:00:00,907.507388155926
2013-09-14 00:00:00,933.436170674667
2013-09-15 00:00:00,1024.57958056223
2013-09-16 00:00:00,946.196443251458
2013-09-17 00:00:00,990.986807429042
2013-09-18 00:00:00,845.418123851895
2013-09-19 00:00:00,1091.76512682861
2013-09-20 00:00:00,1080.56753578421
2013-09-21 00:00:00,1046.97476265102
2013-09-22 00:00:00,1153.35187757278
2013-09-23 00:00:00,1237.33381040575
2013-09-24 00:00:00,1125.35789996179
2013-09-25 00:00:00,1583.13830535265
2013-09-26 00:00:00,1265.03107577245
2013-09-27 00:00:00,1302.02028851433
2013-09-28 00:00:00,1265.03107577245
2013-09-29 00:00:00,1242.83754812732
2013-09-30 00:00:00,1213.24617793381
2013-10-01 00:00:00,1449.97713948187
2013-10-02 00:00:00,1279.8267608692
2013-10-03 00:00:00,1538.75125006239
2013-10-04 00:00:00,1316.81597361108
2013-10-05 00:00:00,1560.94477770752
2013-10-06 00:00:00,1900.66283139384
2013-10-07 00:00:00,1439.61095645177
2013-10-08 00:00:00,1467.83862226455
2013-10-09 00:00:00,1721.88761457957
2013-10-10 00:00:00,1834.79827783069
2013-10-11 00:00:00,1665.43228295401
2013-10-12 00:00:00,1853.61672170588
2013-10-13 00:00:00,2154.71182370886
2013-10-14 00:00:00,2427.57925989907
2013-10-15 00:00:00,2333.48704052313
2013-10-16 00:00:00,2914.66937941069
2013-10-17 00:00:00,2382.30967540873
2013-10-18 00:00:00,2302.45571980844
2013-10-19 00:00:00,2914.66937941069
2013-10-20 00:00:00,2874.74240161054
2013-10-21 00:00:00,2675.10751260981
2013-10-22 00:00:00,3313.93915741215
2013-10-23 00:00:00,2808.19743861029
2013-10-24 00:00:00,2781.5794534102
2013-10-25 00:00:00,3194.15822401171
2013-10-26 00:00:00,3867.20191245522
2013-10-27 00:00:00,3439.6720527868
2013-10-28 00:00:00,3478.53840366575
2013-10-29 00:00:00,3051.00854399733
2013-10-30 00:00:00,3808.9023861368
2013-10-31 00:00:00,4061.53366684995
2013-11-01 00:00:00,3692.30333349996
2013-11-02 00:00:00,4216.99907036574
2013-11-03 00:00:00,3808.9023861368
2013-11-04 00:00:00,3886.63508789469
2013-11-05 00:00:00,3303.63982471049
2013-11-06 00:00:00,4114.54971624979
2013-11-07 00:00:00,3911.36207594116
2013-11-08 00:00:00,3377.994520131
2013-11-09 00:00:00,3606.58061547821
2013-11-10 00:00:00,4266.94044648126
2013-11-11 00:00:00,4952.69873252289
2013-11-12 00:00:00,4800.30800229142
2013-11-13 00:00:00,4774.90954725284
2013-11-14 00:00:00,4292.33890151984
2013-11-15 00:00:00,4139.94817128837
2013-11-16 00:00:00,4978.09718756147
2013-11-17 00:00:00,5847.42683190499
2013-11-18 00:00:00,4968.79792970165
2013-11-19 00:00:00,4696.1199945351
2013-11-20 00:00:00,4938.50038134981
2013-11-21 00:00:00,4484.03715607222
2013-11-22 00:00:00,5029.39302640533
2013-11-23 00:00:00,4908.20283299797
2013-11-24 00:00:00,5211.17831651637
2013-11-25 00:00:00,5453.55870333108
2013-11-26 00:00:00,4968.79792970165
2013-11-27 00:00:00,5029.39302640533
2013-11-28 00:00:00,5514.15380003476
2013-11-29 00:00:00,6505.6094504138
2013-11-30 00:00:00,5626.47303819572
2013-12-01 00:00:00,6857.26401530103
2013-12-02 00:00:00,5731.96940766189
2013-12-03 00:00:00,6681.43673285742
2013-12-04 00:00:00,6224.28579850402
2013-12-05 00:00:00,6013.29305957168
2013-12-06 00:00:00,7419.91131912061
2013-12-07 00:00:00,6751.76764583487
2013-12-08 00:00:00,6294.61671148146
2013-12-09 00:00:00,6857.26401530103
2013-12-10 00:00:00,9076.02762430024
2013-12-11 00:00:00,7134.38987382805
2013-12-12 00:00:00,7495.62480414846
2013-12-13 00:00:00,7495.62480414846
2013-12-14 00:00:00,9030.87325801019
2013-12-15 00:00:00,8037.47719962907
2013-12-16 00:00:00,8714.79269397984
2013-12-17 00:00:00,8895.41015914004
2013-12-18 00:00:00,9482.4169209107
2013-12-19 00:00:00,9753.34311865101
2013-12-20 00:00:00,9121.1819905903
2013-12-21 00:00:00,9568.75370305012
2013-12-22 00:00:00,9744.8657343946
2013-12-23 00:00:00,9333.93766125748
2013-12-24 00:00:00,9744.8657343946
2013-12-25 00:00:00,10097.0897970836
2013-12-26 00:00:00,10508.0178702207
2013-12-27 00:00:00,10273.201828428
2013-12-28 00:00:00,9627.45771349828
2013-12-29 00:00:00,8805.60156722404
2013-12-30 00:00:00,11388.5780269431
2013-12-31 00:00:00,9920.97776573908
2014-01-01 00:00:00,11740.802089632
2014-01-02 00:00:00,10294.9115229754
2014-01-03 00:00:00,11493.6340975684
2014-01-04 00:00:00,10435.9377082216
2014-01-05 00:00:00,12692.3566721614
2014-01-06 00:00:00,12480.817394292
2014-01-07 00:00:00,13185.9483205232
2014-01-08 00:00:00,13891.0792467544
2014-01-09 00:00:00,12762.8697647845
2014-01-10 00:00:00,14243.64470987
2014-01-11 00:00:00,14596.2101729856
2014-01-12 00:00:00,13397.4875983926
2014-01-13 00:00:00,18058.6488747028
2014-01-14 00:00:00,13699.6646635677
2014-01-15 00:00:00,15211.9653082472
2014-01-16 00:00:00,17791.7722903476
2014-01-17 00:00:00,13610.7058021159
2014-01-18 00:00:00,14500.2944166333
2014-01-19 00:00:00,16368.4305071198
2014-01-20 00:00:00,16279.4716456681
2014-01-21 00:00:00,15300.924169699
2014-01-22 00:00:00,16902.1836758303
2014-01-23 00:00:00,15834.6773384094
2014-01-24 00:00:00,21375.1267539394
2014-01-25 00:00:00,16903.7992186766
2014-01-26 00:00:00,17449.0830644403
2014-01-27 00:00:00,17558.1398335931
2014-01-28 00:00:00,18103.4236793568
2014-01-29 00:00:00,17230.9695261348
2014-01-30 00:00:00,17449.0830644403
2014-01-31 00:00:00,20066.4455241064
2014-02-01 00:00:00,21484.1835230922
2014-02-02 00:00:00,19412.1049091899
2014-02-03 00:00:00,21157.0132156339
2014-02-04 00:00:00,18430.5939868151
2014-02-05 00:00:00,22283.1334910963
2014-02-06 00:00:00,21761.8906024157
2014-02-07 00:00:00,21501.2691580754
2014-02-08 00:00:00,22804.3763797769
2014-02-09 00:00:00,19676.9190476932
2014-02-10 00:00:00,19937.5404920335
2014-02-11 00:00:00,21761.8906024157
2014-02-12 00:00:00,21761.8906024157
2014-02-13 00:00:00,23455.9299906277
2014-02-14 00:00:00,24889.3479344994
2014-02-15 00:00:00,23455.9299906277
2014-02-16 00:00:00,25149.9693788397
2014-02-17 00:00:00,25824.9397709724
2014-02-18 00:00:00,25980.5116973035
2014-02-19 00:00:00,29714.2379292513
2014-02-20 00:00:00,26602.7994026282
2014-02-21 00:00:00,26136.0836236347
2014-02-22 00:00:00,25513.79591831
2014-02-23 00:00:00,28314.0905922709
2014-02-24 00:00:00,28314.0905922709
2014-02-25 00:00:00,26447.227476297
2014-02-26 00:00:00,28158.5186659398
2014-02-27 00:00:00,28314.0905922709
2014-02-28 00:00:00,35659.9638677987
2014-03-01 00:00:00,28072.7375129479
2014-03-02 00:00:00,28262.4181718192
2014-03-03 00:00:00,26934.6535597203
2014-03-04 00:00:00,26365.6115831065
2014-03-05 00:00:00,30538.5860782745
2014-03-06 00:00:00,30728.2667371457
2014-03-07 00:00:00,31676.6700315021
2014-03-08 00:00:00,33194.1153024722
2014-03-09 00:00:00,31107.6280548883
2014-03-10 00:00:00,31297.3087137595
2014-03-11 00:00:00,31866.3506903734
2014-03-12 00:00:00,31866.3506903734
2014-03-13 00:00:00,35706.2319140563
2014-03-14 00:00:00,29367.8475506144
2014-03-15 00:00:00,36973.9087867447
2014-03-16 00:00:00,33382.1576474609
2014-03-17 00:00:00,37607.7472230889
2014-03-18 00:00:00,30635.5244233027
2014-03-19 00:00:00,32748.3192111167
2014-03-20 00:00:00,35283.6729564935
2014-03-21 00:00:00,38241.5856594331
2014-03-22 00:00:00,37185.1882655261
2014-03-23 00:00:00,43312.2931501866
2014-03-24 00:00:00,42044.6162774982
2014-03-25 00:00:00,37582.7508729924
2014-03-26 00:00:00,39324.9976022039
2014-03-27 00:00:00,41565.0291111902
2014-03-28 00:00:00,45547.3073493881
2014-03-29 00:00:00,42560.5986707397
2014-03-30 00:00:00,37084.9660932176
2014-03-31 00:00:00,41813.9215010776
2014-04-01 00:00:00,44551.7377898386
2014-04-02 00:00:00,46045.0921291628
2014-04-03 00:00:00,51769.6170965723
2014-04-04 00:00:00,50027.3703673607
2014-04-05 00:00:00,54454.168877057
2014-04-06 00:00:00,43198.2792209055
2014-04-07 00:00:00,44415.1321567057
2014-04-08 00:00:00,47457.2644962061
2014-04-09 00:00:00,44110.9189227557
2014-04-10 00:00:00,53237.3159412568
2014-04-11 00:00:00,45327.7718585558
2014-04-12 00:00:00,48674.1174320062
2014-04-13 00:00:00,60538.4335560578
2014-04-14 00:00:00,55366.8085789071
2014-04-15 00:00:00,59321.5806202576
2014-04-16 00:00:00,45327.7718585558
2014-04-17 00:00:00,60364.1060676353
2014-04-18 00:00:00,54119.5433709834
2014-04-19 00:00:00,56547.9844196814
2014-04-20 00:00:00,58976.4254683793
2014-04-21 00:00:00,61404.8665170773
2014-04-22 00:00:00,53425.7030713554
2014-04-23 00:00:00,60711.0262174494
2014-04-24 00:00:00,50997.2620226574
2014-04-25 00:00:00,56894.9045694954
2014-04-26 00:00:00,61751.7866668913
2014-04-27 00:00:00,57935.6650189374
2014-04-28 00:00:00,57588.7448691234
2014-04-29 00:00:00,54813.3836706114
2014-04-30 00:00:00,58067.9246280705
2014-05-01 00:00:00,66817.8858733963
2014-05-02 00:00:00,67613.3368956986
2014-05-03 00:00:00,57272.4736057682
2014-05-04 00:00:00,60454.2776949776
2014-05-05 00:00:00,49715.688893896
2014-05-06 00:00:00,73976.9450741173
2014-05-07 00:00:00,64829.2583176404
2014-05-08 00:00:00,62045.1797395822
2014-05-09 00:00:00,66022.4348510939
2014-05-10 00:00:00,70397.4154737568
2014-05-11 00:00:00,66022.4348510939
2014-05-12 00:00:00,69096.5967636062
2014-05-13 00:00:00,74817.9710179175
2014-05-14 00:00:00,66015.8567805155
2014-05-15 00:00:00,73057.5481704371
2014-05-16 00:00:00,80099.2395603588
2014-05-17 00:00:00,80539.3452722289
2014-05-18 00:00:00,67776.2796279959
2014-05-19 00:00:00,77898.7110010083
2014-05-20 00:00:00,78778.9224247485
2014-05-21 00:00:00,78338.8167128784
2014-05-22 00:00:00,73497.6538823072
2014-05-23 00:00:00,69536.7024754763
2014-05-24 00:00:00,87319.120099013
2014-05-25 00:00:00,78483.2567556605
2014-05-26 00:00:00,87838.876766269
2014-05-27 00:00:00,67048.6100760278
2014-05-28 00:00:00,91996.9301043173
2014-05-29 00:00:00,68088.1234105399
2014-05-30 00:00:00,84720.3367627328
2014-05-31 00:00:00,79003.0134229165
2014-06-01 00:00:00,93036.4434388293
2014-06-02 00:00:00,93036.4434388293
2014-06-03 00:00:00,97714.2534441336
2014-06-04 00:00:00,95115.4701078534
2014-06-05 00:00:00,75364.7167521243
2014-06-06 00:00:00,86494.3621241971
2014-06-07 00:00:00,89416.4689527173
2014-06-08 00:00:00,87663.2048556052
2014-06-09 00:00:00,79481.3057357487
2014-06-10 00:00:00,103442.581729614
2014-06-11 00:00:00,85325.5193927891
2014-06-12 00:00:00,90585.3116841254
2014-06-13 00:00:00,98182.7894382778
2014-06-14 00:00:00,102858.16036391
2014-06-15 00:00:00,108702.37402095
2014-06-16 00:00:00,118637.537237919
2014-06-17 00:00:00,104027.003095318
2014-06-18 00:00:00,113768.842858603
2014-06-19 00:00:00,101053.501597935
2014-06-20 00:00:00,123807.270169656
2014-06-21 00:00:00,126484.18411927
2014-06-22 00:00:00,129161.098068884
2014-06-23 00:00:00,105738.10100976
2014-06-24 00:00:00,132507.240505902
2014-06-25 00:00:00,124476.498657059
2014-06-26 00:00:00,114438.071346006
2014-06-27 00:00:00,125145.727144463
2014-06-28 00:00:00,125145.727144463
2014-06-29 00:00:00,145472.743415772
2014-06-30 00:00:00,104506.281189491
2014-07-01 00:00:00,115374.934433198
2014-07-02 00:00:00,116210.984682714
2014-07-03 00:00:00,111194.683185619
2014-07-04 00:00:00,133768.039922549
2014-07-05 00:00:00,127079.637926421
2014-07-06 00:00:00,124571.487177873
2014-07-07 00:00:00,116210.984682714
2014-07-08 00:00:00,135440.140421581
2014-07-09 00:00:00,132931.989673033
2014-07-10 00:00:00,128751.738425453
2014-07-11 00:00:00,125407.537427389
2014-07-12 00:00:00,137948.291170128
2014-07-13 00:00:00,132716.120673498
2014-07-14 00:00:00,124959.983751021
2014-07-15 00:00:00,118927.432811316
2014-07-16 00:00:00,142195.843578748
2014-07-17 00:00:00,147366.601527066
2014-07-18 00:00:00,137025.08563043
2014-07-19 00:00:00,148228.394518452
2014-07-20 00:00:00,146504.80853568
2014-07-21 00:00:00,128407.155716566
2014-07-22 00:00:00,123236.397768248
2014-07-23 00:00:00,125821.776742407
2014-07-24 00:00:00,128407.155716566
2014-07-25 00:00:00,135301.499647657
2014-07-26 00:00:00,130395.098646876
2014-07-27 00:00:00,149954.363443907
2014-07-28 00:00:00,126669.524399822
2014-07-29 00:00:00,138777.640702747
2014-07-30 00:00:00,162993.873308595
2014-07-31 00:00:00,143434.608511564
2014-08-01 00:00:00,142503.2149498
2014-08-02 00:00:00,157405.511938015
2014-08-03 00:00:00,141571.821388037
2014-08-04 00:00:00,125738.130838059
2014-08-05 00:00:00,122943.950152769
2014-08-06 00:00:00,142503.2149498
2014-08-07 00:00:00,146228.789196854
2014-08-08 00:00:00,157903.329123918
2014-08-09 00:00:00,169672.521356757
2014-08-10 00:00:00,175557.117473176
2014-08-11 00:00:00,178499.415531385
2014-08-12 00:00:00,177518.649511982
2014-08-13 00:00:00,153980.265046305
2014-08-14 00:00:00,166730.223298547
2014-08-15 00:00:00,159864.861162724
2014-08-16 00:00:00,167710.98931795
2014-08-17 00:00:00,161826.393201531
2014-08-18 00:00:00,171634.053395563
2014-08-19 00:00:00,202037.799997063
2014-08-20 00:00:00,187281.346343637
2014-08-21 00:00:00,199134.596112222
2014-08-22 00:00:00,190837.321274213
2014-08-23 00:00:00,186096.021366779
2014-08-24 00:00:00,194393.296204788
2014-08-25 00:00:00,158833.546899034
2014-08-26 00:00:00,196763.946158505
2014-08-27 00:00:00,190837.321274213
2014-08-28 00:00:00,214543.820811382
2014-08-29 00:00:00,196763.946158505
2014-08-30 00:00:00,203875.896019656
2014-08-31 00:00:00,231138.3704874
2014-09-01 00:00:00,204522.695658425
2014-09-02 00:00:00,194978.303194365
2014-09-03 00:00:00,216794.05739793
2014-09-04 00:00:00,227701.934499713
2014-09-05 00:00:00,203159.211020702
2014-09-06 00:00:00,229065.419137436
2014-09-07 00:00:00,223611.480586544
2014-09-08 00:00:00,208613.149571593
2014-09-09 00:00:00,179979.972179414
2014-09-10 00:00:00,212703.603484762
2014-09-11 00:00:00,220884.511311099
2014-09-12 00:00:00,219521.026673376
2014-09-13 00:00:00,241336.780876941
2014-09-14 00:00:00,252083.49301791
2014-09-15 00:00:00,219460.92333324
2014-09-16 00:00:00,250600.648941334
2014-09-17 00:00:00,280257.530472853
2014-09-18 00:00:00,274326.15416655
2014-09-19 00:00:00,240220.740405303
2014-09-20 00:00:00,256532.025247638
2014-09-21 00:00:00,259497.71340079
2014-09-22 00:00:00,232806.520022423
2014-09-23 00:00:00,223909.455562967
2014-09-24 00:00:00,241703.584481879
2014-09-25 00:00:00,241703.584481879
2014-09-26 00:00:00,260177.353092678
2014-09-27 00:00:00,220547.690038826
2014-09-28 00:00:00,239501.007151538
2014-09-29 00:00:00,237777.978323109
2014-09-30 00:00:00,261900.381921106
2014-10-01 00:00:00,249839.180122108
2014-10-02 00:00:00,255008.266607392
2014-10-03 00:00:00,242947.064808394
2014-10-04 00:00:00,246393.122465251
2014-10-05 00:00:00,306699.131460242
2014-10-06 00:00:00,275684.612548532
2014-10-07 00:00:00,260177.353092678
2014-10-08 00:00:00,225716.776524111
2014-10-09 00:00:00,247077.560329999
2014-10-10 00:00:00,276657.26825683
2014-10-11 00:00:00,248817.543149225
2014-10-12 00:00:00,257517.457245351
2014-10-13 00:00:00,266217.371341478
2014-10-14 00:00:00,243597.594691549
2014-10-15 00:00:00,255777.474426126
2014-10-16 00:00:00,260997.422883802
2014-10-17 00:00:00,233157.697776197
2014-10-18 00:00:00,294057.096449084
2014-10-19 00:00:00,233157.697776197
2014-10-20 00:00:00,240117.629053098
2014-10-21 00:00:00,243597.594691549
2014-10-22 00:00:00,297537.062087534
2014-10-23 00:00:00,255806.390893167
2014-10-24 00:00:00,291583.508500603
2014-10-25 00:00:00,271906.093816513
2014-10-26 00:00:00,232551.264448334
2014-10-27 00:00:00,266539.526175398
2014-10-28 00:00:00,268328.382055769
2014-10-29 00:00:00,257595.246773539
2014-10-30 00:00:00,309472.067304321
2014-10-31 00:00:00,336304.905509898
2014-11-01 00:00:00,286216.940859487
2014-11-02 00:00:00,293372.364380974
2014-11-03 00:00:00,277272.661457628
2014-11-04 00:00:00,293372.364380974
2014-11-05 00:00:00,314993.428436733
2014-11-06 00:00:00,285462.79452079
2014-11-07 00:00:00,283494.08559306
2014-11-08 00:00:00,307118.592725815
2014-11-09 00:00:00,273650.540954412
2014-11-10 00:00:00,311056.010581274
2014-11-11 00:00:00,277587.958809871
2014-11-12 00:00:00,265775.705243494
2014-11-13 00:00:00,287431.503448519
2014-11-14 00:00:00,287431.503448519
2014-11-15 00:00:00,295306.339159437
2014-11-16 00:00:00,285462.79452079
2014-11-17 00:00:00,299243.757014897
2014-11-18 00:00:00,295306.339159437
2014-11-19 00:00:00,274455.576194397
2014-11-20 00:00:00,274455.576194397
2014-11-21 00:00:00,248412.346336535
2014-11-22 00:00:00,316525.409041714
2014-11-23 00:00:00,282468.877689124
2014-11-24 00:00:00,310515.432920669
2014-11-25 00:00:00,256425.647831262
2014-11-26 00:00:00,286475.528436488
2014-11-27 00:00:00,262435.623952307
2014-11-28 00:00:00,310515.432920669
2014-11-29 00:00:00,302502.131425942
2014-11-30 00:00:00,312518.75829435
2014-12-01 00:00:00,286475.528436488
2014-12-02 00:00:00,284472.203062806
2014-12-03 00:00:00,242402.37021549
2014-12-04 00:00:00,294339.755888874
2014-12-05 00:00:00,298317.320157643
2014-12-06 00:00:00,288373.409485721
2014-12-07 00:00:00,242631.420394883
2014-12-08 00:00:00,298317.320157643
2014-12-09 00:00:00,276440.716679416
2014-12-10 00:00:00,326160.270039023
2014-12-11 00:00:00,288373.409485721
2014-12-12 00:00:00,282407.063082569
2014-12-13 00:00:00,284395.845216953
2014-12-14 00:00:00,262519.241738726
2014-12-15 00:00:00,304283.666560796
2014-12-16 00:00:00,264508.02387311
2014-12-17 00:00:00,252575.331066804
2014-12-18 00:00:00,272641.755669288
2014-12-19 00:00:00,243219.983474761
2014-12-20 00:00:00,276564.658628559
2014-12-21 00:00:00,284410.464547099
2014-12-22 00:00:00,253027.240872936
2014-12-23 00:00:00,317755.139700897
2014-12-24 00:00:00,296179.17342491
2014-12-25 00:00:00,331485.300058343
2014-12-26 00:00:00,282449.013067464
2014-12-27 00:00:00,313832.236741627
2014-12-28 00:00:00,327562.397099073
2014-12-29 00:00:00,331485.300058343
2014-12-30 00:00:00,286371.916026734
2014-12-31 00:00:00,313142.288941348
2015-01-01 00:00:00,335365.290092025
2015-01-02 00:00:00,323243.653100747
2015-01-03 00:00:00,331324.744428265
2015-01-04 00:00:00,335365.290092025
2015-01-05 00:00:00,339405.835755784
2015-01-06 00:00:00,317182.834605108
2015-01-07 00:00:00,299000.379118191
2015-01-08 00:00:00,272736.832303755
2015-01-09 00:00:00,307081.470445709
2015-01-10 00:00:00,284858.469295033
2015-01-11 00:00:00,296980.106286311
2015-01-12 00:00:00,358478.281006871
2015-01-13 00:00:00,229513.533571473
2015-01-14 00:00:00,330062.319707546
2015-01-15 00:00:00,303832.201585092
2015-01-16 00:00:00,325690.633353804
2015-01-17 00:00:00,299460.51523135
2015-01-18 00:00:00,325690.633353804
2015-01-19 00:00:00,338805.692415031
2015-01-20 00:00:00,262301.18122454
2015-01-21 00:00:00,299460.51523135
2015-01-22 00:00:00,327876.476530675
2015-01-23 00:00:00,271044.553932025
2015-01-24 00:00:00,264487.024401411
2015-01-25 00:00:00,275416.240285767
2015-01-26 00:00:00,277602.083462638
2015-01-27 00:00:00,316947.260646319
2015-01-28 00:00:00,324166.338971824
2015-01-29 00:00:00,348786.567248165
2015-01-30 00:00:00,285184.310867618
2015-01-31 00:00:00,318011.281902739
2015-02-01 00:00:00,348786.567248165
2015-02-02 00:00:00,301597.796385178
2015-02-03 00:00:00,276977.568108837
2015-02-04 00:00:00,330321.39604091
2015-02-05 00:00:00,301597.796385178
2015-02-06 00:00:00,359044.995696641
2015-02-07 00:00:00,352889.938627556
2015-02-08 00:00:00,262615.768280972
2015-02-09 00:00:00,342533.060667745
2015-02-10 00:00:00,331483.607097818
2015-02-11 00:00:00,331483.607097818
2015-02-12 00:00:00,300545.137102021
2015-02-13 00:00:00,309384.699957963
2015-02-14 00:00:00,355792.404951658
2015-02-15 00:00:00,296125.35567405
2015-02-16 00:00:00,349162.732809701
2015-02-17 00:00:00,342533.060667745
2015-02-18 00:00:00,355792.404951658
2015-02-19 00:00:00,362422.077093614
2015-02-20 00:00:00,366841.858521585
2015-02-21 00:00:00,304964.918529992
2015-02-22 00:00:00,333693.497811803
2015-02-23 00:00:00,317934.931985704
2015-02-24 00:00:00,320255.624919906
2015-02-25 00:00:00,362028.097735547
2015-02-26 00:00:00,334179.78252512
2015-02-27 00:00:00,366669.483603951
2015-02-28 00:00:00,313293.5461173
2015-03-01 00:00:00,348103.940130333
2015-03-02 00:00:00,348103.940130333
2015-03-03 00:00:00,357386.711867142
2015-03-04 00:00:00,364348.790669749
2015-03-05 00:00:00,264558.994499053
2015-03-06 00:00:00,366669.483603951
2015-03-07 00:00:00,327217.703722513
2015-03-08 00:00:00,362028.097735547
2015-03-09 00:00:00,311208.023870146
2015-03-10 00:00:00,356003.118215091
2015-03-11 00:00:00,391367.666382153
2015-03-12 00:00:00,313565.660414617
2015-03-13 00:00:00,327711.479681442
2015-03-14 00:00:00,315923.296959088
2015-03-15 00:00:00,346572.572037208
2015-03-16 00:00:00,308850.387325675
2015-03-17 00:00:00,337142.025859325
2015-03-18 00:00:00,332426.752770383
2015-03-19 00:00:00,337142.025859325
2015-03-20 00:00:00,332426.752770383
2015-03-21 00:00:00,337142.025859325
2015-03-22 00:00:00,313565.660414617
2015-03-23 00:00:00,358360.754759562
2015-03-24 00:00:00,387831.112208752
2015-03-25 00:00:00,385508.770219478
2015-03-26 00:00:00,346028.956401821
2015-03-27 00:00:00,399442.822155122
2015-03-28 00:00:00,348351.298391095
2015-03-29 00:00:00,350673.640380369
2015-03-30 00:00:00,329772.562476903
2015-03-31 00:00:00,346028.956401821
2015-04-01 00:00:00,329772.562476903
2015-04-02 00:00:00,341384.272423273
2015-04-03 00:00:00,350673.640380369
2015-04-04 00:00:00,357640.66634819
2015-04-05 00:00:00,371157.005411998
2015-04-06 00:00:00,317081.150318859
2015-04-07 00:00:00,390820.952718594
2015-04-08 00:00:00,292501.216185614
2015-04-09 00:00:00,351493.058105402
2015-04-10 00:00:00,349035.064692078
2015-04-11 00:00:00,336745.097625455
2015-04-12 00:00:00,334287.104212131
2015-04-13 00:00:00,346577.071278753
2015-04-14 00:00:00,388362.959305269
2015-04-15 00:00:00,302333.189838912
2015-04-16 00:00:00,339203.09103878
2015-04-17 00:00:00,329371.117385482
2015-04-18 00:00:00,326913.123972157
2015-04-19 00:00:00,334287.104212131
2015-04-20 00:00:00,408026.906611865
2015-04-21 00:00:00,376310.705870182
2015-04-22 00:00:00,338442.961883245
2015-04-23 00:00:00,326609.291887328
2015-04-24 00:00:00,284008.079902024
2015-04-25 00:00:00,364477.035874264
2015-04-26 00:00:00,352643.365878346
2015-04-27 00:00:00,326609.291887328
2015-04-28 00:00:00,371577.237871815
2015-04-29 00:00:00,305308.685894676
2015-04-30 00:00:00,314775.62189141
2015-05-01 00:00:00,347909.897879979
2015-05-02 00:00:00,347909.897879979
2015-05-03 00:00:00,326609.291887328
2015-05-04 00:00:00,312624.333322854
2015-05-05 00:00:00,364728.388876663
2015-05-06 00:00:00,338676.361099758
2015-05-07 00:00:00,381306.95200742
2015-05-08 00:00:00,350518.191907442
2015-05-09 00:00:00,298414.136353633
2015-05-10 00:00:00,305519.234838243
2015-05-11 00:00:00,352886.558068979
2015-05-12 00:00:00,374201.85352281
2015-05-13 00:00:00,383675.318168957
2015-05-14 00:00:00,331571.262615148
2015-05-15 00:00:00,390780.416653567
2015-05-16 00:00:00,303150.868676707
2015-05-17 00:00:00,419738.369701863
2015-05-18 00:00:00,332393.969070261
2015-05-19 00:00:00,329967.735719384
2015-05-20 00:00:00,344525.13582465
2015-05-21 00:00:00,371213.702684306
2015-05-22 00:00:00,344525.13582465
2015-05-23 00:00:00,291148.002105338
2015-05-24 00:00:00,342098.902473773
2015-05-25 00:00:00,349377.602526406
2015-05-26 00:00:00,327541.502368506
2015-05-27 00:00:00,351803.835877284
2015-05-28 00:00:00,320262.802315872
2015-05-29 00:00:00,380918.636087818
2015-05-30 00:00:00,300852.93550885
2015-05-31 00:00:00,356656.30257904
2015-06-01 00:00:00,332393.969070261
2015-06-02 00:00:00,345390.945540338
2015-06-03 00:00:00,335928.179909096
2015-06-04 00:00:00,335928.179909096
2015-06-05 00:00:00,335928.179909096
2015-06-06 00:00:00,380876.316657496
2015-06-07 00:00:00,395070.465104359
2015-06-08 00:00:00,333562.488501286
2015-06-09 00:00:00,383242.008065307
2015-06-10 00:00:00,373779.242434065
2015-06-11 00:00:00,366682.168210633
2015-06-12 00:00:00,321734.031462233
2015-06-13 00:00:00,373779.242434065
2015-06-14 00:00:00,358182.179015018
2015-06-15 00:00:00,370533.288636225
2015-06-16 00:00:00,303837.296681705
2015-06-17 00:00:00,350771.513242293
2015-06-18 00:00:00,380414.176333191
2015-06-19 00:00:00,397705.729802882
2015-06-20 00:00:00,331009.737848361
2015-06-21 00:00:00,301367.074757463
2015-06-22 00:00:00,365592.844787742
2015-06-23 00:00:00,353241.735166535
2015-06-24 00:00:00,373003.510560467
2015-06-25 00:00:00,395235.50787864
2015-06-26 00:00:00,365592.844787742
2015-06-27 00:00:00,316188.406302912
2015-06-28 00:00:00,363122.622863501
2015-06-29 00:00:00,336442.885099528
2015-06-30 00:00:00,351177.609994398
2015-07-01 00:00:00,356089.184959354
2015-07-02 00:00:00,343810.247546963
2015-07-03 00:00:00,397837.572161486
2015-07-04 00:00:00,380647.059784137
2015-07-05 00:00:00,356089.184959354
2015-07-06 00:00:00,417483.872021312
2015-07-07 00:00:00,363456.547406789
2015-07-08 00:00:00,378191.272301659
2015-07-09 00:00:00,338898.672582006
2015-07-10 00:00:00,383102.847266616
2015-07-11 00:00:00,356089.184959354
2015-07-12 00:00:00,350384.751809399
2015-07-13 00:00:00,368157.891393933
2015-07-14 00:00:00,352923.771750046
2015-07-15 00:00:00,391009.070859764
2015-07-16 00:00:00,345306.711928103
2015-07-17 00:00:00,365618.871453286
2015-07-18 00:00:00,406243.190503651
2015-07-19 00:00:00,363079.851512638
2015-07-20 00:00:00,365618.871453286
2015-07-21 00:00:00,355462.791690694
2015-07-22 00:00:00,373235.931275229
2015-07-23 00:00:00,378313.971156525
2015-07-24 00:00:00,426555.350028833
2015-07-25 00:00:00,397611.600337113
2015-07-26 00:00:00,358630.070892298
2015-07-27 00:00:00,402809.137596422
2015-07-28 00:00:00,369025.145410916
2015-07-29 00:00:00,387216.525818496
2015-07-30 00:00:00,356031.302262644
2015-07-31 00:00:00,361228.839521953
2015-08-01 00:00:00,426198.055263311
2015-08-02 00:00:00,408006.674855731
2015-08-03 00:00:00,382018.988559187
2015-08-04 00:00:00,374222.682670224
2015-08-05 00:00:00,327444.847336446
2015-08-06 00:00:00,363827.608151607
2015-08-07 00:00:00,369025.145410916
2015-08-08 00:00:00,411296.569970398
2015-08-09 00:00:00,353662.65570703
2015-08-10 00:00:00,458451.590731335
2015-08-11 00:00:00,442733.250477689
2015-08-12 00:00:00,322225.975199739
2015-08-13 00:00:00,390338.782965537
2015-08-14 00:00:00,351042.932331422
2015-08-15 00:00:00,351042.932331422
2015-08-16 00:00:00,385099.336214322
2015-08-17 00:00:00,377240.166087499
2015-08-18 00:00:00,379859.889463106
2015-08-19 00:00:00,398197.95309236
2015-08-20 00:00:00,406057.123219183
2015-08-21 00:00:00,403437.399843575
2015-08-22 00:00:00,412658.093587566
2015-08-23 00:00:00,369504.306022853
2015-08-24 00:00:00,423446.540478744
2015-08-25 00:00:00,372201.417745648
2015-08-26 00:00:00,418052.317033155
2015-08-27 00:00:00,401869.646696388
2015-08-28 00:00:00,401869.646696388
2015-08-29 00:00:00,445023.434261101
2015-08-30 00:00:00,388384.088082415
2015-08-31 00:00:00,428840.763924333
2015-09-01 00:00:00,409960.981864772
2015-09-02 00:00:00,415355.205310361
2015-09-03 00:00:00,407263.870141977
2015-09-04 00:00:00,430369.769449567
2015-09-05 00:00:00,427538.389387399
2015-09-06 00:00:00,450189.429884745
2015-09-07 00:00:00,385067.688454876
2015-09-08 00:00:00,393561.828641381
2015-09-09 00:00:00,399224.588765717
2015-09-10 00:00:00,478503.230506427
2015-09-11 00:00:00,489828.750755099
2015-09-12 00:00:00,385067.688454876
2015-09-13 00:00:00,396393.208703549
2015-09-14 00:00:00,450189.429884745
2015-09-15 00:00:00,461514.950133417
2015-09-16 00:00:00,421875.629263062
2015-09-17 00:00:00,399224.588765717
2015-09-18 00:00:00,424738.988410217
2015-09-19 00:00:00,389344.072709366
2015-09-20 00:00:00,353949.157008514
2015-09-21 00:00:00,389344.072709366
2015-09-22 00:00:00,471932.209344685
2015-09-23 00:00:00,442436.446260643
2015-09-24 00:00:00,427688.564718621
2015-09-25 00:00:00,477831.361961494
2015-09-26 00:00:00,448335.598877451
2015-09-27 00:00:00,424738.988410217
2015-09-28 00:00:00,409991.106868195
2015-09-29 00:00:00,510276.701353941
2015-09-30 00:00:00,457184.327802664
2015-10-01 00:00:00,465548.431663339
2015-10-02 00:00:00,377880.220505957
2015-10-03 00:00:00,459502.348135243
2015-10-04 00:00:00,456479.306371196
2015-10-05 00:00:00,447410.181079053
2015-10-06 00:00:00,450433.2228431
2015-10-07 00:00:00,408110.638146433
2015-10-08 00:00:00,414156.721674529
2015-10-09 00:00:00,402064.554618338
2015-10-10 00:00:00,450433.2228431
2015-10-11 00:00:00,453456.264607148
2015-10-12 00:00:00,423225.846966672
2015-10-13 00:00:00,405087.596382386
2015-10-14 00:00:00,459502.348135243
2015-10-15 00:00:00,493327.875053937
2015-10-16 00:00:00,469115.464008345
2015-10-17 00:00:00,396478.230871569
2015-10-18 00:00:00,432796.847439957
2015-10-19 00:00:00,502407.529196034
2015-10-20 00:00:00,384372.025348773
2015-10-21 00:00:00,438849.950201355
2015-10-22 00:00:00,475168.566769743
2015-10-23 00:00:00,466088.912627646
2015-10-24 00:00:00,420690.641917161
2015-10-25 00:00:00,469115.464008345
2015-10-26 00:00:00,460035.809866248
2015-10-27 00:00:00,478195.118150442
2015-10-28 00:00:00,411610.987775064
2015-10-29 00:00:00,458010.013458184
2015-10-30 00:00:00,507524.609507718
2015-10-31 00:00:00,470388.662470568
2015-11-01 00:00:00,492051.298242239
2015-11-02 00:00:00,448726.026698897
2015-11-03 00:00:00,488956.635989143
2015-11-04 00:00:00,479672.649229855
2015-11-05 00:00:00,461104.67571128
2015-11-06 00:00:00,423968.72867413
2015-11-07 00:00:00,504429.947254622
2015-11-08 00:00:00,433252.715433418
2015-11-09 00:00:00,454915.351205089
2015-11-10 00:00:00,442536.702192705
2015-11-11 00:00:00,579380.20997339
2015-11-12 00:00:00,477906.839865056
2015-11-13 00:00:00,546646.864777153
2015-11-14 00:00:00,497546.846982798
2015-11-15 00:00:00,474633.505345433
2015-11-16 00:00:00,576106.875453766
2015-11-17 00:00:00,527006.857659411
2015-11-18 00:00:00,458266.832747314
2015-11-19 00:00:00,458266.832747314
2015-11-20 00:00:00,520460.188620164
2015-11-21 00:00:00,582653.544493014
2015-11-22 00:00:00,569560.206414519
2015-11-23 00:00:00,523733.523139788
2015-11-24 00:00:00,549490.493161529
2015-11-25 00:00:00,556720.631229444
2015-11-26 00:00:00,585641.183501104
2015-11-27 00:00:00,538645.286059657
2015-11-28 00:00:00,527800.078957785
2015-11-29 00:00:00,567565.838331317
2015-11-30 00:00:00,542260.355093615
2015-12-01 00:00:00,694093.254519827
2015-12-02 00:00:00,531415.147991742
2015-12-03 00:00:00,520569.94088987
2015-12-04 00:00:00,527800.078957785
2015-12-05 00:00:00,607331.597704848
2015-12-06 00:00:00,621791.873840678
2015-12-07 00:00:00,593762.303117281
2015-12-08 00:00:00,625219.908580448
2015-12-09 00:00:00,695999.520872574
2015-12-10 00:00:00,770711.333847596
2015-12-11 00:00:00,688135.119506782
2015-12-12 00:00:00,656677.514043615
2015-12-13 00:00:00,585897.901751489
2015-12-14 00:00:00,692067.320189678
2015-12-15 00:00:00,758914.731798908
2015-12-16 00:00:00,660609.714726511
2015-12-17 00:00:00,625219.908580448
2015-12-18 00:00:00,629152.109263344
2015-12-19 00:00:00,720030.586381441
2015-12-20 00:00:00,785065.607086862
2015-12-21 00:00:00,715385.227759626
2015-12-22 00:00:00,654995.565676021
2015-12-23 00:00:00,766484.172599599
2015-12-24 00:00:00,692158.434650547
2015-12-25 00:00:00,622478.055323311
2015-12-26 00:00:00,864036.70365773
2015-12-27 00:00:00,905844.931254072
2015-12-28 00:00:00,747902.738112336
2015-12-29 00:00:00,706094.510515994
2015-12-30 00:00:00,803647.041574125
2015-12-31 00:00:00,743604.444166195
2016-01-01 00:00:00,697129.166405808
2016-01-02 00:00:00,707457.005908116
2016-01-03 00:00:00,769424.042921966
2016-01-04 00:00:00,903685.956451973
2016-01-05 00:00:00,841718.919438123
2016-01-06 00:00:00,702293.086156962
2016-01-07 00:00:00,743604.444166195
2016-01-08 00:00:00,903685.956451973
2016-01-09 00:00:00,821063.240433507
2016-01-10 00:00:00,877866.357696202
2016-01-11 00:00:00,877866.357696202
2016-01-12 00:00:00,908849.876203127
2016-01-13 00:00:00,862135.539441777
2016-01-14 00:00:00,743803.210498788
2016-01-15 00:00:00,693089.355237507
2016-01-16 00:00:00,783247.320146451
2016-01-17 00:00:00,783247.320146451
2016-01-18 00:00:00,986102.741191575
2016-01-19 00:00:00,839596.048214541
2016-01-20 00:00:00,822691.429794114
2016-01-21 00:00:00,755072.956112406
2016-01-22 00:00:00,929754.013123485
2016-01-23 00:00:00,1008642.23241881
2016-01-24 00:00:00,935388.885930294
2016-01-25 00:00:00,974832.995577957
2016-01-26 00:00:00,978569.91544418
2016-01-27 00:00:00,918901.018160999
2016-01-28 00:00:00,883099.679791089
2016-01-29 00:00:00,1014371.25381409
2016-01-30 00:00:00,1056139.48191232
2016-01-31 00:00:00,1068073.26136895
2016-02-01 00:00:00,1050172.592184
2016-02-02 00:00:00,978569.91544418
2016-02-03 00:00:00,1038238.81272736
2016-02-04 00:00:00,1103874.59973886
2016-02-05 00:00:00,1074040.15109727
2016-02-06 00:00:00,1139675.93810877
2016-02-07 00:00:00,1303860.28146122
2016-02-08 00:00:00,1153414.86436954
2016-02-09 00:00:00,1210727.40421399
2016-02-10 00:00:00,1210727.40421399
2016-02-11 00:00:00,1375500.95626678
2016-02-12 00:00:00,1139086.72940843
2016-02-13 00:00:00,1096102.32452509
2016-02-14 00:00:00,1289532.14650011
2016-02-15 00:00:00,1060281.98712231
2016-02-16 00:00:00,1067446.05460287
2016-02-17 00:00:00,1002969.44727786
2016-02-18 00:00:00,1289532.14650011
2016-02-19 00:00:00,1129682.7804329
2016-02-20 00:00:00,1284099.85113956
2016-02-21 00:00:00,1024028.99521256
2016-02-22 00:00:00,1056537.85220343
2016-02-23 00:00:00,1097173.92344203
2016-02-24 00:00:00,999647.352469403
2016-02-25 00:00:00,1178446.06591922
2016-02-26 00:00:00,1219082.13715781
2016-02-27 00:00:00,1064665.06645115
2016-02-28 00:00:00,1210954.92291009
2016-02-29 00:00:00,1097173.92344203
2016-03-01 00:00:00,1040283.423708
2016-03-02 00:00:00,1275972.63689184
2016-03-03 00:00:00,1080919.49494659
2016-03-04 00:00:00,1235336.56565325
2016-03-05 00:00:00,1292227.06538728
2016-03-06 00:00:00,1094688.8032164
2016-03-07 00:00:00,1220696.14747152
2016-03-08 00:00:00,1055311.50813667
2016-03-09 00:00:00,1299450.73763098
2016-03-10 00:00:00,1267948.9015672
2016-03-11 00:00:00,1283699.81959909
2016-03-12 00:00:00,1141941.55731207
2016-03-13 00:00:00,1031685.13108884
2016-03-14 00:00:00,1189194.31140774
2016-03-15 00:00:00,1197069.77042369
2016-03-16 00:00:00,1338828.0327107
2016-03-17 00:00:00,1063186.96715262
2016-03-18 00:00:00,1135311.13692768
2016-03-19 00:00:00,1110630.46003795
2016-03-20 00:00:00,1242260.73678319
2016-03-21 00:00:00,1036588.42936875
2016-03-22 00:00:00,1225806.95219003
2016-03-23 00:00:00,1242260.73678319
2016-03-24 00:00:00,1242260.73678319
2016-03-25 00:00:00,1192899.38300372
2016-03-26 00:00:00,1209353.16759688
2016-03-27 00:00:00,1258714.52137634
2016-03-28 00:00:00,1168218.70611399
2016-03-29 00:00:00,1398571.69041816
2016-03-30 00:00:00,1308075.8751558
2016-03-31 00:00:00,1028361.53707217
2016-04-01 00:00:00,1136310.01873561
2016-04-02 00:00:00,1244135.05700979
2016-04-03 00:00:00,1219252.35586959
2016-04-04 00:00:00,1360254.32899737
2016-04-05 00:00:00,1235840.82329639
2016-04-06 00:00:00,1285606.22557678
2016-04-07 00:00:00,1210958.12215619
2016-04-08 00:00:00,1169486.9535892
2016-04-09 00:00:00,1343665.86157057
2016-04-10 00:00:00,1443196.66613135
2016-04-11 00:00:00,1252429.29072319
2016-04-12 00:00:00,1260723.52443658
2016-04-13 00:00:00,1302194.69300358
2016-04-14 00:00:00,1465554.23046872
2016-04-15 00:00:00,1287911.29344221
2016-04-16 00:00:00,1270146.99973955
2016-04-17 00:00:00,1358968.46825281
2016-04-18 00:00:00,1199089.82492895
2016-04-19 00:00:00,1332322.02769883
2016-04-20 00:00:00,1465554.23046307
2016-04-21 00:00:00,1341204.17454499
2016-04-22 00:00:00,1270146.99973466
2016-04-23 00:00:00,1279029.14658595
2016-04-24 00:00:00,1172443.38437046
2016-04-25 00:00:00,1128032.650114
2016-04-26 00:00:00,1341204.17454499
2016-04-27 00:00:00,1145796.94381658
2016-04-28 00:00:00,1207843.18309188
2016-04-29 00:00:00,1403229.58035675
2016-04-30 00:00:00,1296655.18184864
2016-05-01 00:00:00,1376585.98072972
2016-05-02 00:00:00,1394348.38048107
2016-05-03 00:00:00,1341061.18122702
2016-05-04 00:00:00,1492041.5791135
2016-05-05 00:00:00,1385467.1806054
2016-05-06 00:00:00,1438754.37985945
2016-05-07 00:00:00,1332179.98135134
2016-05-08 00:00:00,1447635.57973513
2016-05-09 00:00:00,1536447.57849188
2016-05-10 00:00:00,1403229.58035675
2016-05-11 00:00:00,1284309.11258538
2016-05-12 00:00:00,1342247.86954412
2016-05-13 00:00:00,1467781.84295472
2016-05-14 00:00:00,1390530.16700974
2016-05-15 00:00:00,1342247.86954412
2016-05-16 00:00:00,1361560.78853037
2016-05-17 00:00:00,1361560.78853037
2016-05-18 00:00:00,1487094.76194097
2016-05-19 00:00:00,1168431.5986679
2016-05-20 00:00:00,1438812.46447535
2016-05-21 00:00:00,1361560.78853037
2016-05-22 00:00:00,1776788.54673466
2016-05-23 00:00:00,1747819.1682553
2016-05-24 00:00:00,1456454.92275853
2016-05-25 00:00:00,1377192.06981929
2016-05-26 00:00:00,1357376.35658448
2016-05-27 00:00:00,1377192.06981929
2016-05-28 00:00:00,1317744.93011486
2016-05-29 00:00:00,1456454.92275853
2016-05-30 00:00:00,1436639.20952372
2016-05-31 00:00:00,1258297.79041043
2016-06-01 00:00:00,1426731.35290631
2016-06-02 00:00:00,1367284.21320188
2016-06-03 00:00:00,1406915.6396715
2016-06-04 00:00:00,1179034.93747119
2016-06-05 00:00:00,1694243.48157625
2016-06-06 00:00:00,1684335.62495884
2016-06-07 00:00:00,1406915.6396715
2016-06-08 00:00:00,1403462.33970866
2016-06-09 00:00:00,1608133.93091617
2016-06-10 00:00:00,1403462.33970866
2016-06-11 00:00:00,1520417.53468438
2016-06-12 00:00:00,1422954.87220461
2016-06-13 00:00:00,1569148.86592427
2016-06-14 00:00:00,1296253.41098092
2016-06-15 00:00:00,1500925.00218843
2016-06-16 00:00:00,1452193.67094854
2016-06-17 00:00:00,1452193.67094854
2016-06-18 00:00:00,1549656.33342831
2016-06-19 00:00:00,1725089.1258919
2016-06-20 00:00:00,1598387.6646682
2016-06-21 00:00:00,1551383.97529172
2016-06-22 00:00:00,1343144.51552102
2016-06-23 00:00:00,1457676.2183949
2016-06-24 00:00:00,1353556.48850955
2016-06-25 00:00:00,1728387.51609681
2016-06-26 00:00:00,1530560.02931465
2016-06-27 00:00:00,1530560.02931465
2016-06-28 00:00:00,1551383.97529172
2016-06-29 00:00:00,1520148.05632611
2016-06-30 00:00:00,1561795.94828025
2016-07-01 00:00:00,1634679.7592
2016-07-02 00:00:00,1551383.97529172
2016-07-03 00:00:00,1603443.84023439
2016-07-04 00:00:00,1601825.83564846
2016-07-05 00:00:00,1538177.1269472
2016-07-06 00:00:00,1485136.53636281
2016-07-07 00:00:00,1463920.30012906
2016-07-08 00:00:00,1538177.1269472
2016-07-09 00:00:00,1580609.5994147
2016-07-10 00:00:00,1654866.42623285
2016-07-11 00:00:00,1516960.89071344
2016-07-12 00:00:00,1516960.89071344
2016-07-13 00:00:00,1379055.35519404
2016-07-14 00:00:00,1506352.77259656
2016-07-15 00:00:00,1432095.94577842
2016-07-16 00:00:00,1665474.54434972
2016-07-17 00:00:00,1580609.5994147
2016-07-18 00:00:00,1581302.69929601
2016-07-19 00:00:00,1358434.53362342
2016-07-20 00:00:00,1591915.46908995
2016-07-21 00:00:00,1411498.38259309
2016-07-22 00:00:00,1369047.30341735
2016-07-23 00:00:00,1390272.84300522
2016-07-24 00:00:00,1337208.99403555
2016-07-25 00:00:00,1400885.61279915
2016-07-26 00:00:00,1369047.30341735
2016-07-27 00:00:00,1358434.53362342
2016-07-28 00:00:00,1453949.46176882
2016-07-29 00:00:00,1560077.15970815
2016-07-30 00:00:00,1262919.60547802
2016-07-31 00:00:00,1634366.54826568
2016-08-01 00:00:00,1623753.77847174
2016-08-02 00:00:00,1555605.72192362
2016-08-03 00:00:00,1686075.87924624
2016-08-04 00:00:00,1535533.39002783
2016-08-05 00:00:00,1696112.04519414
2016-08-06 00:00:00,1676039.71329835
2016-08-07 00:00:00,1485352.56028836
2016-08-08 00:00:00,1495388.72623625
2016-08-09 00:00:00,1254520.74348679
2016-08-10 00:00:00,1525497.22407993
2016-08-11 00:00:00,1505424.89218414
2016-08-12 00:00:00,1495388.72623625
2016-08-13 00:00:00,1645931.21545466
2016-08-14 00:00:00,1645931.21545466
2016-08-15 00:00:00,1577645.90337332
2016-08-16 00:00:00,1469587.96478611
2016-08-17 00:00:00,1329112.64462273
2016-08-18 00:00:00,1664092.25424309
2016-08-19 00:00:00,1664092.25424309
2016-08-20 00:00:00,1685703.84196053
2016-08-21 00:00:00,1761344.39897158
2016-08-22 00:00:00,1718121.2235367
2016-08-23 00:00:00,1588451.69723204
2016-08-24 00:00:00,1653286.46038437
2016-08-25 00:00:00,1404753.20163378
2016-08-26 00:00:00,1426364.78935122
2016-08-27 00:00:00,1556034.31565588
2016-08-28 00:00:00,1642480.66652565
2016-08-29 00:00:00,1635101.5230873
2016-08-30 00:00:00,1810682.89469399
2016-08-31 00:00:00,1481467.82293144
2016-09-01 00:00:00,1547310.83728395
2016-09-02 00:00:00,1678996.86598897
2016-09-03 00:00:00,1382703.30140268
2016-09-04 00:00:00,1964316.59484984
2016-09-05 00:00:00,1536337.00155853
2016-09-06 00:00:00,1492441.65865686
2016-09-07 00:00:00,1668023.03026355
2016-09-08 00:00:00,1580232.34446021
2016-09-09 00:00:00,1569258.50873479
2016-09-10 00:00:00,1700944.53743981
2016-09-11 00:00:00,1799709.05896857
2016-09-12 00:00:00,1829872.71366204
2016-09-13 00:00:00,1863551.35256379
2016-09-14 00:00:00,1751289.22289128
2016-09-15 00:00:00,1728836.79695677
2016-09-16 00:00:00,1571669.81541525
2016-09-17 00:00:00,1829872.71366204
2016-09-18 00:00:00,1627800.88025151
2016-09-19 00:00:00,1493086.32464449
2016-09-20 00:00:00,1717610.58398952
2016-09-21 00:00:00,1863551.35256379
2016-09-22 00:00:00,1582896.0283825
2016-09-23 00:00:00,1526764.96354624
2016-09-24 00:00:00,1874777.56553105
2016-09-25 00:00:00,2230413.26476147
2016-09-26 00:00:00,1834694.78230379
2016-09-27 00:00:00,2026558.28894994
2016-09-28 00:00:00,1774737.43647687
2016-09-29 00:00:00,1714780.09064995
2016-09-30 00:00:00,1702788.62148456
2016-10-01 00:00:00,1882660.65896533
2016-10-02 00:00:00,1690797.15231918
2016-10-03 00:00:00,1822703.31313841
2016-10-04 00:00:00,1894652.12813071
2016-10-05 00:00:00,2002575.35061917
2016-10-06 00:00:00,1930626.53562686
2016-10-07 00:00:00,1726771.55981533
2016-10-08 00:00:00,2171858.80432592
2016-10-09 00:00:00,2056197.68456892
2016-10-10 00:00:00,1606404.44106947
2016-10-11 00:00:00,1786321.73846925
2016-10-12 00:00:00,1863429.15164058
2016-10-13 00:00:00,1644958.14765514
2016-10-14 00:00:00,1747768.03188358
2016-10-15 00:00:00,1824875.44505492
2016-10-16 00:00:00,1670660.61871225
2016-10-17 00:00:00,1606404.44106947
2016-10-18 00:00:00,1991941.50692614
2016-10-19 00:00:00,1619255.67659802
2016-10-20 00:00:00,1722065.56082647
2016-10-21 00:00:00,2107602.62668314
2016-10-22 00:00:00,1878507.28210418
2016-10-23 00:00:00,1815470.12498659
2016-10-24 00:00:00,1802862.69356308
2016-10-25 00:00:00,1752432.967869
2016-10-26 00:00:00,1752432.967869
2016-10-27 00:00:00,2042403.89060992
2016-10-28 00:00:00,1916329.57637474
2016-10-29 00:00:00,1878507.28210418
2016-10-30 00:00:00,2130655.91057455
2016-10-31 00:00:00,1853292.41925715
2016-11-01 00:00:00,1815470.12498659
2016-11-02 00:00:00,1676788.3793279
2016-11-03 00:00:00,1966759.30206881
2016-11-04 00:00:00,1462462.04512809
2016-11-05 00:00:00,1885928.48644027
2016-11-06 00:00:00,1949214.67726041
2016-11-07 00:00:00,1847956.77194818
2016-11-08 00:00:00,2139073.24972084
2016-11-09 00:00:00,1860614.01011221
2016-11-10 00:00:00,2126416.01155681
2016-11-11 00:00:00,2063129.82073667
2016-11-12 00:00:00,2126416.01155681
2016-11-13 00:00:00,1809985.0574561
2016-11-14 00:00:00,2177044.96421293
2016-11-15 00:00:00,1974529.15358847
2016-11-16 00:00:00,2177044.96421293
2016-11-17 00:00:00,2012500.86808055
2016-11-18 00:00:00,2073243.13718006
2016-11-19 00:00:00,1989192.73972682
2016-11-20 00:00:00,1807083.54524478
2016-11-21 00:00:00,1961175.94057573
2016-11-22 00:00:00,1877125.54312249
2016-11-23 00:00:00,2059234.73760452
2016-11-24 00:00:00,2297377.53038872
2016-11-25 00:00:00,2129276.73548223
2016-11-26 00:00:00,2157293.53463331
2016-11-27 00:00:00,2017209.5388779
2016-11-28 00:00:00,2297377.53038872
2016-11-29 00:00:00,2115268.33590669
2016-11-30 00:00:00,1989192.73972682
2016-12-01 00:00:00,2045226.33802898
2016-12-02 00:00:00,2052749.31684044
2016-12-03 00:00:00,2451895.01733719
2016-12-04 00:00:00,2109770.13119712
2016-12-05 00:00:00,2166790.94555379
2016-12-06 00:00:00,2138280.53837545
2016-12-07 00:00:00,2494660.6281047
2016-12-08 00:00:00,2238066.96349964
2016-12-09 00:00:00,1924452.48453791
2016-12-10 00:00:00,1881686.8737704
2016-12-11 00:00:00,2679978.2747639
2016-12-12 00:00:00,2223811.75991047
2016-12-13 00:00:00,2537426.23887221
2016-12-14 00:00:00,1981473.29889459
2016-12-15 00:00:00,1958064.6377955
2016-12-16 00:00:00,2050571.62855749
2016-12-17 00:00:00,2235585.61008148
2016-12-18 00:00:00,2173914.28290682
2016-12-19 00:00:00,2343510.43263714
2016-12-20 00:00:00,2127660.78752582
2016-12-21 00:00:00,2451435.25519279
2016-12-22 00:00:00,2451435.25519279
2016-12-23 00:00:00,2343510.43263714
2016-12-24 00:00:00,2112242.95573216
2016-12-25 00:00:00,2574777.90954212
2016-12-26 00:00:00,2189332.11470048
2016-12-27 00:00:00,2405181.7598118
2016-12-28 00:00:00,2589949.6705277
2016-12-29 00:00:00,2368856.40597046
2016-12-30 00:00:00,2479403.03824908
2016-12-31 00:00:00,2337271.65389085
2017-01-01 00:00:00,2463610.66220928
2017-01-02 00:00:00,2526780.16636849
2017-01-03 00:00:00,2589949.6705277
2017-01-04 00:00:00,2432025.91012967
2017-01-05 00:00:00,2210932.64557243
2017-01-06 00:00:00,2542572.54240829
2017-01-07 00:00:00,2195140.26953263
2017-01-08 00:00:00,2637326.79864711
2017-01-09 00:00:00,2147763.14141322
2017-01-10 00:00:00,2679581.83959097
2017-01-11 00:00:00,2562350.13410886
2017-01-12 00:00:00,2897297.86405773
2017-01-13 00:00:00,2528855.36111398
2017-01-14 00:00:00,2880550.47756029
2017-01-15 00:00:00,2796813.54507307
2017-01-16 00:00:00,2830308.31806796
2017-01-17 00:00:00,2646087.06659608
2017-01-18 00:00:00,2528855.36111398
2017-01-19 00:00:00,2914045.25055518
2017-01-20 00:00:00,3165256.04801683
2017-01-21 00:00:00,3031276.95603728
2017-01-22 00:00:00,3398969.89226469
2017-01-23 00:00:00,2715269.05186662
2017-01-24 00:00:00,2910612.14912321
2017-01-25 00:00:00,2930146.45884887
2017-01-26 00:00:00,3066886.62692848
2017-01-27 00:00:00,3320832.65336205
2017-01-28 00:00:00,2969215.07830019
2017-01-29 00:00:00,3262229.72418507
2017-01-30 00:00:00,2852009.21994623
2017-01-31 00:00:00,2832474.91022057
2017-02-01 00:00:00,3750587.46732655
2017-02-02 00:00:00,3066886.62692848
2017-02-03 00:00:00,2910612.14912321
2017-02-04 00:00:00,3043000.84286989
2017-02-05 00:00:00,3336807.82080216
2017-02-06 00:00:00,2623276.58868094
2017-02-07 00:00:00,3168918.11912658
2017-02-08 00:00:00,3063987.05557934
2017-02-09 00:00:00,3546669.94789663
2017-02-10 00:00:00,3105959.48099823
2017-02-11 00:00:00,2917083.5666132
2017-02-12 00:00:00,2959055.9920321
2017-02-13 00:00:00,3420752.67163994
2017-02-14 00:00:00,3546669.94789663
2017-02-15 00:00:00,2917083.5666132
2017-02-16 00:00:00,3189904.33183602
2017-02-17 00:00:00,3168918.11912658
2017-02-18 00:00:00,3330515.74407375
2017-02-19 00:00:00,2936112.56385449
2017-02-20 00:00:00,3242870.59291391
2017-02-21 00:00:00,3023757.71501432
2017-02-22 00:00:00,3045669.00280428
2017-02-23 00:00:00,3286693.16849383
2017-02-24 00:00:00,3637273.77313317
2017-02-25 00:00:00,3659185.06092313
2017-02-26 00:00:00,3900209.22661268
2017-02-27 00:00:00,3155225.44175408
2017-02-28 00:00:00,3352427.03186371
2017-03-01 00:00:00,3155225.44175408
2017-03-02 00:00:00,3440072.18302354
2017-03-03 00:00:00,3458650.32318652
2017-03-04 00:00:00,3069265.84971519
2017-03-05 00:00:00,3367030.44707561
2017-03-06 00:00:00,3252505.60193699
2017-03-07 00:00:00,3504460.26124197
2017-03-08 00:00:00,3252505.60193699
2017-03-09 00:00:00,3389935.41610334
2017-03-10 00:00:00,3573175.16832514
2017-03-11 00:00:00,3412840.38513106
2017-03-12 00:00:00,3550270.19929742
2017-03-13 00:00:00,3321220.50902016
2017-03-14 00:00:00,3573175.16832514
2017-03-15 00:00:00,3252505.60193699
2017-03-16 00:00:00,3504460.26124197
2017-03-17 00:00:00,3641704.83720129
2017-03-18 00:00:00,3712647.13922469
2017-03-19 00:00:00,3925474.04529489
2017-03-20 00:00:00,3216051.02506088
2017-03-21 00:00:00,3357935.62910768
2017-03-22 00:00:00,3807236.87525589
2017-03-23 00:00:00,3499820.23315448
2017-03-24 00:00:00,4161948.3853729
2017-03-25 00:00:00,3145108.72303748
2017-03-26 00:00:00,3925474.04529489
2017-03-27 00:00:00,3121461.28902967
2017-03-28 00:00:00,3665352.27120909
2017-03-29 00:00:00,3263345.89307648
2017-03-30 00:00:00,4073274.03319987
2017-03-31 00:00:00,3352999.96635355
2017-04-01 00:00:00,3278488.85599014
2017-04-02 00:00:00,3924251.81247304
2017-04-03 00:00:00,4371318.47465352
2017-04-04 00:00:00,3104629.59847551
2017-04-05 00:00:00,4023599.95962426
2017-04-06 00:00:00,3651044.4078072
2017-04-07 00:00:00,4023599.95962426
2017-04-08 00:00:00,3402674.03992916
2017-04-09 00:00:00,3949088.84926085
2017-04-10 00:00:00,3675881.444595
2017-04-11 00:00:00,4147785.14356328
2017-04-12 00:00:00,3526859.22386818
2017-04-13 00:00:00,3287972.00662321
2017-04-14 00:00:00,3598646.52693406
2017-04-15 00:00:00,3909321.04724491
2017-04-16 00:00:00,3779873.33044872
2017-04-17 00:00:00,3572756.98357482
2017-04-18 00:00:00,3779873.33044872
2017-04-19 00:00:00,3702204.70037101
2017-04-20 00:00:00,3598646.52693406
2017-04-21 00:00:00,4323553.74099272
2017-04-22 00:00:00,3753983.78708949
2017-04-23 00:00:00,3961100.13396339
2017-04-24 00:00:00,3210303.37654549
2017-04-25 00:00:00,3831652.4171672
2017-04-26 00:00:00,3961100.13396339
2017-04-27 00:00:00,3814281.63369607
2017-04-28 00:00:00,3528859.19852154
2017-04-29 00:00:00,4488916.48047225
2017-04-30 00:00:00,3918071.61012318
2017-05-01 00:00:00,3892124.1160164
2017-05-02 00:00:00,4099704.06887061
2017-05-03 00:00:00,3425069.22209443
2017-05-04 00:00:00,4359179.00993837
2017-05-05 00:00:00,3347226.73977411
2017-05-06 00:00:00,4359179.00993837
2017-05-07 00:00:00,4333231.51583159
2017-05-08 00:00:00,4670548.93921968
2017-05-09 00:00:00,4021861.58655028
2017-05-10 00:00:00,4119773.00240534
2017-05-11 00:00:00,3757901.04949136
2017-05-12 00:00:00,4286790.82682718
2017-05-13 00:00:00,4398136.0431084
2017-05-14 00:00:00,4565153.86753024
2017-05-15 00:00:00,4732171.69195208
2017-05-16 00:00:00,3674392.13728044
2017-05-17 00:00:00,4314627.13089748
2017-05-18 00:00:00,3952755.1779835
2017-05-19 00:00:00,4565153.86753024
2017-05-20 00:00:00,4592990.17160055
2017-05-21 00:00:00,4091936.69833503
2017-05-22 00:00:00,4064100.39426473
2017-05-23 00:00:00,4976737.78165219
2017-05-24 00:00:00,4562009.63318118
2017-05-25 00:00:00,4828620.58576969
2017-05-26 00:00:00,4532386.19400468
2017-05-27 00:00:00,4976737.78165219
2017-05-28 00:00:00,4887867.46412269
2017-05-29 00:00:00,4473139.31565167
2017-05-30 00:00:00,5302595.6125937
2017-05-31 00:00:00,4858244.02494618
2017-06-01 00:00:00,5035984.6600052
2017-06-02 00:00:00,4325022.11976917
2017-06-03 00:00:00,5687700.32188822
2017-06-04 00:00:00,5432357.04184814
2017-06-05 00:00:00,5533581.08610618
2017-06-06 00:00:00,5094943.56098801
2017-06-07 00:00:00,5567322.4341922
2017-06-08 00:00:00,5567322.4341922
2017-06-09 00:00:00,5094943.56098801
2017-06-10 00:00:00,4757530.08012788
2017-06-11 00:00:00,4926236.82055794
2017-06-12 00:00:00,4959978.16864396
2017-06-13 00:00:00,4757530.08012788
2017-06-14 00:00:00,4723788.73204186
2017-06-15 00:00:00,5162426.25716004
2017-06-16 00:00:00,4993719.51672997
2017-06-17 00:00:00,5129905.64429561
2017-06-18 00:00:00,5129905.64429561
2017-06-19 00:00:00,5342177.6019906
2017-06-20 00:00:00,4882255.02698479
2017-06-21 00:00:00,4953012.34621645
2017-06-22 00:00:00,4917633.68660062
2017-06-23 00:00:00,5660585.53853309
2017-06-24 00:00:00,5165284.30391144
2017-06-25 00:00:00,4316196.47313148
2017-06-26 00:00:00,5023769.66544811
2017-06-27 00:00:00,4634604.40967396
2017-06-28 00:00:00,5554449.55968559
2017-06-29 00:00:00,4245439.15389981
2017-06-30 00:00:00,5448313.58083809
2017-07-01 00:00:00,5802100.17699641
2017-07-02 00:00:00,6622798.79067395
2017-07-03 00:00:00,5988701.03412006
2017-07-04 00:00:00,5389830.93070805
2017-07-05 00:00:00,5248920.31814053
2017-07-06 00:00:00,5002326.74614734
2017-07-07 00:00:00,5213692.66499864
2017-07-08 00:00:00,5812562.76841065
2017-07-09 00:00:00,4861416.13357982
2017-07-10 00:00:00,6939847.66895089
2017-07-11 00:00:00,6094383.99354571
2017-07-12 00:00:00,6235294.60611324
2017-07-13 00:00:00,5530741.54327559
2017-07-14 00:00:00,5559049.84406697
2017-07-15 00:00:00,5079131.8719173
2017-07-16 00:00:00,6518885.7883663
2017-07-17 00:00:00,5918988.32317922
2017-07-18 00:00:00,6598872.11705791
2017-07-19 00:00:00,5958981.48752502
2017-07-20 00:00:00,6478892.62402049
2017-07-21 00:00:00,6158947.30925405
2017-07-22 00:00:00,6398906.29532888
2017-07-23 00:00:00,6878824.26747855
2017-07-24 00:00:00,7118783.25355338
2017-07-25 00:00:00,5918988.32317922
2017-07-26 00:00:00,5878995.15883341
2017-07-27 00:00:00,6585327.48529789
2017-07-28 00:00:00,6414280.01814729
2017-07-29 00:00:00,6713613.08566083
2017-07-30 00:00:00,6285994.41778435
2017-07-31 00:00:00,6200470.68420905
2017-08-01 00:00:00,6371518.15135964
2017-08-02 00:00:00,6499803.75172259
2017-08-03 00:00:00,5901137.61669551
2017-08-04 00:00:00,7654374.1549891
2017-08-05 00:00:00,7568850.42141381
2017-08-06 00:00:00,5986661.3502708
2017-08-07 00:00:00,6542565.61851024
2017-08-08 00:00:00,7012946.15317437
2017-08-09 00:00:00,6333394.73736857
2017-08-10 00:00:00,6149818.07831441
2017-08-11 00:00:00,6608759.72594982
2017-08-12 00:00:00,6195712.24307795
2017-08-13 00:00:00,6792336.38500398
2017-08-14 00:00:00,5966241.41926025
2017-08-15 00:00:00,6975913.04405814
2017-08-16 00:00:00,5966241.41926025
2017-08-17 00:00:00,8215055.49267373
2017-08-18 00:00:00,6838230.54976752
2017-08-19 00:00:00,6930018.8792946
2017-08-20 00:00:00,5966241.41926025
2017-08-21 00:00:00,5277828.94780714
2017-08-22 00:00:00,4084580.66395509
2017-08-23 00:00:00,7297172.19740292
2017-08-24 00:00:00,4459277.5076504
2017-08-25 00:00:00,4459277.5076504
2017-08-26 00:00:00,4635882.55745833
2017-08-27 00:00:00,6843445.68005754
2017-08-28 00:00:00,5695512.85630595
2017-08-29 00:00:00,6578538.10534563
2017-08-30 00:00:00,7417412.09193333
2017-08-31 00:00:00,7196655.77967341
2017-09-01 00:00:00,7682319.66664524
2017-09-02 00:00:00,7240807.04212539
2017-09-03 00:00:00,6799294.41760555
2017-09-04 00:00:00,7726470.92909722
2017-09-05 00:00:00,8697798.70304087
2017-09-06 00:00:00,7430760.7659943
2017-09-07 00:00:00,8072925.27663579
2017-09-08 00:00:00,8027056.38301854
2017-09-09 00:00:00,7751843.02131504
2017-09-10 00:00:00,6329907.31918033
2017-09-11 00:00:00,7981187.48940129
2017-09-12 00:00:00,8623352.00004277
2017-09-13 00:00:00,8715089.78727727
2017-09-14 00:00:00,7981187.48940129
2017-09-15 00:00:00,8256400.85110478
2017-09-16 00:00:00,7751843.02131504
2017-09-17 00:00:00,8072925.27663579
2017-09-18 00:00:00,6965995.45167762
2017-09-19 00:00:00,8556655.83040715
2017-09-20 00:00:00,6417491.87280536
2017-09-21 00:00:00,9653662.98815166
2017-09-22 00:00:00,7624199.74632432
2017-09-23 00:00:00,9105159.40927941
2017-09-24 00:00:00,7953301.89364767
2017-09-25 00:00:00,6856294.73590317
2017-09-26 00:00:00,7569349.3884371
2017-09-27 00:00:00,8063002.60942212
2017-09-28 00:00:00,9708513.34603889
2017-09-29 00:00:00,9269710.48294108
2017-09-30 00:00:00,7569349.3884371
2017-10-01 00:00:00,7130546.52533929
2017-10-02 00:00:00,8380132.03961296
2017-10-03 00:00:00,10223761.0883278
2017-10-04 00:00:00,7486251.28872091
2017-10-05 00:00:00,6983443.36634413
2017-10-06 00:00:00,8882939.96198973
2017-10-07 00:00:00,8827072.41505898
2017-10-08 00:00:00,10167893.5413971
2017-10-09 00:00:00,8994675.05585124
2017-10-10 00:00:00,8938807.50892049
2017-10-11 00:00:00,7765589.02337467
2017-10-12 00:00:00,8547734.68040521
2017-10-13 00:00:00,7597986.38258241
2017-10-14 00:00:00,7877324.11723618
2017-10-15 00:00:00,11601113.0653046
2017-10-16 00:00:00,10351762.4275025
2017-10-17 00:00:00,9756833.55235872
2017-10-18 00:00:00,8983426.01467175
2017-10-19 00:00:00,10589733.9775601
2017-10-20 00:00:00,10649226.8650745
2017-10-21 00:00:00,9102411.78970051
2017-10-22 00:00:00,10827705.5276176
2017-10-23 00:00:00,10173283.7649594
2017-10-24 00:00:00,9935312.21490186
2017-10-25 00:00:00,11006184.1901607
2017-10-26 00:00:00,12999790.2869909
2017-10-27 00:00:00,7510989.94359475
2017-10-28 00:00:00,6138789.85774571
2017-10-29 00:00:00,11122042.8010922
2017-10-30 00:00:00,10616495.4010426
2017-10-31 00:00:00,9966505.88669303
2017-11-01 00:00:00,7872095.2293445
2017-11-02 00:00:00,10833158.5724924
2017-11-03 00:00:00,8594305.80084399
2017-11-04 00:00:00,9388737.42949343
2017-11-05 00:00:00,10183169.0581429
2017-11-06 00:00:00,9605400.60094328
2017-11-07 00:00:00,11266484.9153921
2017-11-08 00:00:00,10399832.2295927
2017-11-09 00:00:00,11049821.7439423
2017-11-10 00:00:00,8139094.7449613
2017-11-11 00:00:00,5426063.16330753
2017-11-12 00:00:00,5426063.16330753
2017-11-13 00:00:00,9495610.53578818
2017-11-14 00:00:00,8681701.06129205
2017-11-15 00:00:00,10309520.0102843
2017-11-16 00:00:00,10309520.0102843
2017-11-17 00:00:00,11326906.8534045
2017-11-18 00:00:00,9224307.3776228
2017-11-19 00:00:00,10852126.3266151
2017-11-20 00:00:00,11869513.1697352
2017-11-21 00:00:00,11733861.5906525
2017-11-22 00:00:00,8342572.11358533
2017-11-23 00:00:00,10648648.957991
2017-11-24 00:00:00,9977010.84137572
2017-11-25 00:00:00,10445729.4715075
2017-11-26 00:00:00,10244850.0585939
2017-11-27 00:00:00,11383166.7317709
2017-11-28 00:00:00,10445729.4715075
2017-11-29 00:00:00,11584046.1446846
2017-11-30 00:00:00,11182287.3188573
2017-12-01 00:00:00,12253644.1877299
2017-12-02 00:00:00,10780528.4930301
2017-12-03 00:00:00,11784925.5575982
2017-12-04 00:00:00,12119724.5791208
2017-12-05 00:00:00,11918845.1662072
2017-12-06 00:00:00,14867776.0589056
2017-12-07 00:00:00,11941671.1962486
2017-12-08 00:00:00,12337090.7722833
2017-12-09 00:00:00,13760601.2460083
2017-12-10 00:00:00,12969762.0939389
2017-12-11 00:00:00,13523349.5003875
2017-12-12 00:00:00,12337090.7722833
2017-12-13 00:00:00,14709608.2284917
2017-12-14 00:00:00,14630524.3132847
2017-12-15 00:00:00,13365181.6699736
2017-12-16 00:00:00,13523349.5003875
2017-12-17 00:00:00,14630524.3132847
2017-12-18 00:00:00,16946489.2356708
2017-12-19 00:00:00,13035760.950516
2017-12-20 00:00:00,12663310.6376441
2017-12-21 00:00:00,12290860.3247722
2017-12-22 00:00:00,14432449.6237856
2017-12-23 00:00:00,12942648.372298
2017-12-24 00:00:00,14153111.8891317
2017-12-25 00:00:00,12570198.0594261
2017-12-26 00:00:00,13221986.1069519
2017-12-27 00:00:00,14525562.2020035
2017-12-28 00:00:00,13873774.1544777
2017-12-29 00:00:00,15363575.4059653
2017-12-30 00:00:00,13687548.9980418
2017-12-31 00:00:00,15177350.2495293
2018-01-01 00:00:00,14975580.9596883
2018-01-02 00:00:00,16415540.6673506
2018-01-03 00:00:00,15071578.2735325
2018-01-04 00:00:00,16127548.7258182
2018-01-05 00:00:00,13727615.8797143
2018-01-06 00:00:00,16127548.7258182
2018-01-07 00:00:00,15551564.8427532
2018-01-08 00:00:00,15935554.0981299
2018-01-09 00:00:00,15743559.4704415
2018-01-10 00:00:00,15935554.0981299
2018-01-11 00:00:00,18527481.5719221
2018-01-12 00:00:00,17087521.8642597
2018-01-13 00:00:00,16501289.1137539
2018-01-14 00:00:00,17165770.5545763
2018-01-15 00:00:00,16612036.0205577
2018-01-16 00:00:00,17608758.1817911
2018-01-17 00:00:00,18494733.4362209
2018-01-18 00:00:00,19159214.8770432
2018-01-19 00:00:00,18273239.6226134
2018-01-20 00:00:00,19712949.4110618
2018-01-21 00:00:00,20709671.5722952
2018-01-22 00:00:00,18494733.4362209
2018-01-23 00:00:00,19602202.504258
2018-01-24 00:00:00,19491455.5974543
2018-01-25 00:00:00,20445148.5647756
2018-01-26 00:00:00,20056949.5413938
2018-01-27 00:00:00,20315748.890315
2018-01-28 00:00:00,20445148.5647756
2018-01-29 00:00:00,19151151.8201696
2018-01-30 00:00:00,21609745.6349211
2018-01-31 00:00:00,15139761.9118908
2018-02-01 00:00:00,20703947.9136968
2018-02-02 00:00:00,21739145.3093817
2018-02-03 00:00:00,20445148.5647756
2018-02-04 00:00:00,23033142.0539877
2018-02-05 00:00:00,23938939.775212
2018-02-06 00:00:00,24293141.3193202
2018-02-07 00:00:00,20149017.2119067
2018-02-08 00:00:00,18720008.8990056
2018-02-09 00:00:00,19291612.224166
2018-02-10 00:00:00,20434818.874487
2018-02-11 00:00:00,21578025.5248079
2018-02-12 00:00:00,23721537.9941597
2018-02-13 00:00:00,23435736.3315795
2018-02-14 00:00:00,25579248.8009313
2018-02-15 00:00:00,18720008.8990056
2018-02-16 00:00:00,22435430.5125487
2018-02-17 00:00:00,21292223.8622277
2018-02-18 00:00:00,23149934.6689992
2018-02-19 00:00:00,23149934.6689992
2018-02-20 00:00:00,21079198.6660777
2018-02-21 00:00:00,25265138.8267172
2018-02-22 00:00:00,22275181.5691176
2018-02-23 00:00:00,22125683.7062376
2018-02-24 00:00:00,21677190.1175976
2018-02-25 00:00:00,25564134.5524772
2018-02-26 00:00:00,21079198.6660777
2018-02-27 00:00:00,23919658.0607974
2018-02-28 00:00:00,23172168.7463975
2018-03-01 00:00:00,24667147.3751973
2018-03-02 00:00:00,23321666.6092775
2018-03-03 00:00:00,26909615.3183971
2018-03-04 00:00:00,22125683.7062376
2018-03-05 00:00:00,24372959.7309369
2018-03-06 00:00:00,25517998.1075581
2018-03-07 00:00:00,25681575.018504
2018-03-08 00:00:00,26499459.5732334
2018-03-09 00:00:00,23882228.9980992
2018-03-10 00:00:00,22900767.5324239
2018-03-11 00:00:00,25027267.3747204
2018-03-12 00:00:00,26335882.6622875
2018-03-13 00:00:00,25845151.9294498
2018-03-14 00:00:00,23555075.1762075
2018-03-15 00:00:00,23555075.1762075
2018-03-16 00:00:00,25517998.1075581
2018-03-17 00:00:00,24372959.7309369
2018-03-18 00:00:00,25990711.2963892
2018-03-19 00:00:00,26679206.9598697
2018-03-20 00:00:00,21859737.3155061
2018-03-21 00:00:00,26162835.2122593
2018-03-22 00:00:00,24613719.9694282
2018-03-23 00:00:00,22892480.8107269
2018-03-24 00:00:00,26851330.8757398
2018-03-25 00:00:00,23236728.6424672
2018-03-26 00:00:00,25818587.3805191
2018-03-27 00:00:00,26162835.2122593
2018-03-28 00:00:00,23236728.6424672
2018-03-29 00:00:00,26162835.2122593
2018-03-30 00:00:00,27884074.3709606
2018-03-31 00:00:00,22031861.2313763
2018-04-01 00:00:00,28274794.2168317
2018-04-02 00:00:00,27227579.6162083
2018-04-03 00:00:00,28449329.9836022
2018-04-04 00:00:00,25656757.7152732
2018-04-05 00:00:00,27227579.6162083
2018-04-06 00:00:00,24085935.8143381
2018-04-07 00:00:00,31416438.0187018
2018-04-08 00:00:00,28100258.4500611
2018-04-09 00:00:00,25656757.7152732
2018-04-10 00:00:00,28623865.7503728
2018-04-11 00:00:00,28100258.4500611
2018-04-12 00:00:00,26878508.0826671
2018-04-13 00:00:00,28798401.5171434
2018-04-14 00:00:00,26146926.5194725
2018-04-15 00:00:00,31109116.953825
2018-04-16 00:00:00,26910340.4324498
2018-04-17 00:00:00,30918263.4755807
2018-04-18 00:00:00,30536556.519092
2018-04-19 00:00:00,33971919.1274899
2018-04-20 00:00:00,26146926.5194725
2018-04-21 00:00:00,30345703.0408477
2018-04-22 00:00:00,30536556.519092
2018-04-23 00:00:00,29200582.1713817
2018-04-24 00:00:00,30345703.0408477
2018-04-25 00:00:00,23474977.824052
2018-04-26 00:00:00,26910340.4324498
2018-04-27 00:00:00,28391145.8892854
2018-04-28 00:00:00,25592018.8297784
2018-04-29 00:00:00,31590148.2430077
2018-04-30 00:00:00,30990335.3016848
2018-05-01 00:00:00,31590148.2430077
2018-05-02 00:00:00,27991270.5950701
2018-05-03 00:00:00,30190584.7132542
2018-05-04 00:00:00,27591395.3008549
2018-05-05 00:00:00,32189961.1843307
2018-05-06 00:00:00,27391457.6537472
2018-05-07 00:00:00,29990647.0661466
2018-05-08 00:00:00,27791332.9479625
2018-05-09 00:00:00,31990023.537223
2018-05-10 00:00:00,30790397.6545772
2018-05-11 00:00:00,26161151.1691398
2018-05-12 00:00:00,33988897.1882526
2018-05-13 00:00:00,30487010.8112811
2018-05-14 00:00:00,27191117.750602
2018-05-15 00:00:00,30075024.1786962
2018-05-16 00:00:00,36872803.6163467
2018-05-17 00:00:00,27191117.750602
2018-05-18 00:00:00,30487010.8112811
2018-05-19 00:00:00,31722970.7090357
2018-05-20 00:00:00,29663037.5461113
2018-05-21 00:00:00,32340950.657913
2018-05-22 00:00:00,31104990.7601584
2018-05-23 00:00:00,33370917.2393752
2018-05-24 00:00:00,30616246.3183454
2018-05-25 00:00:00,37681533.9302713
2018-05-26 00:00:00,34684139.1858179
2018-05-27 00:00:00,35112338.4350255
2018-05-28 00:00:00,33399541.438195
2018-05-29 00:00:00,29759847.8199301
2018-05-30 00:00:00,37253334.6810636
2018-05-31 00:00:00,36396936.1826484
2018-06-01 00:00:00,35540537.6842331
2018-06-02 00:00:00,32543142.9397797
2018-06-03 00:00:00,34898238.8104217
2018-06-04 00:00:00,39180231.302498
2018-06-05 00:00:00,42980660.1034435
2018-06-06 00:00:00,36103754.4868926
2018-06-07 00:00:00,35121339.3988139
2018-06-08 00:00:00,35612546.9428532
2018-06-09 00:00:00,35121339.3988139
2018-06-10 00:00:00,31191679.046499
2018-06-11 00:00:00,34384528.0827548
2018-06-12 00:00:00,35612546.9428532
2018-06-13 00:00:00,35121339.3988139
2018-06-14 00:00:00,37577377.1190106
2018-06-15 00:00:00,37577377.1190106
2018-06-16 00:00:00,40770226.1552664
2018-06-17 00:00:00,38559792.2070893
2018-06-18 00:00:00,40279018.6112271
2018-06-19 00:00:00,39122596.140543
2018-06-20 00:00:00,39122596.140543
2018-06-21 00:00:00,42908653.8315633
2018-06-22 00:00:00,38112980.7562709
2018-06-23 00:00:00,40384615.3708831
2018-06-24 00:00:00,43161057.6776313
2018-06-25 00:00:00,39627403.832679
2018-06-26 00:00:00,36850961.5259308
2018-06-27 00:00:00,30540865.3742303
2018-06-28 00:00:00,39627403.832679
2018-06-29 00:00:00,38112980.7562709
2018-06-30 00:00:00,35588942.2955907
2018-07-01 00:00:00,37103365.3719988
2018-07-02 00:00:00,37594816.2562869
2018-07-03 00:00:00,30929068.6931155
2018-07-04 00:00:00,35728406.9385989
2018-07-05 00:00:00,36528296.6461795
2018-07-06 00:00:00,42660784.4042972
2018-07-07 00:00:00,41594264.7941898
2018-07-08 00:00:00,42127524.5992435
2018-07-09 00:00:00,36261666.7436526
2018-07-10 00:00:00,39727855.4765018
2018-07-11 00:00:00,35995036.8411258
2018-07-12 00:00:00,37594816.2562869
2018-07-13 00:00:00,38128076.0613406
2018-07-14 00:00:00,35461777.0360721
2018-07-15 00:00:00,35461777.0360721
2018-07-16 00:00:00,31995588.3032229
2018-07-17 00:00:00,40931868.4915103
2018-07-18 00:00:00,44793365.5190113
2018-07-19 00:00:00,44021066.1135111
2018-07-20 00:00:00,39644702.8156767
2018-07-21 00:00:00,35268339.5178422
2018-07-22 00:00:00,46852830.6003451
2018-07-23 00:00:00,42733900.4376774
2018-07-24 00:00:00,40931868.4915103
2018-07-25 00:00:00,45565664.9245115
2018-07-26 00:00:00,42476467.3025107
2018-07-27 00:00:00,42991333.5728441
2018-07-28 00:00:00,37327804.5991761
2018-07-29 00:00:00,50277183.1008373
2018-07-30 00:00:00,39630250.2088953
2018-07-31 00:00:00,43474975.9754299
2018-08-01 00:00:00,44362220.3830918
2018-08-02 00:00:00,45249464.7907536
2018-08-03 00:00:00,49094190.5572882
2018-08-04 00:00:00,52051671.9161698
2018-08-05 00:00:00,47319701.7419725
2018-08-06 00:00:00,38743005.80124
2018-08-07 00:00:00,44657968.5189865
2018-08-08 00:00:00,46432457.3343105
2018-08-09 00:00:00,44066472.2472119
2018-08-10 00:00:00,52051671.9161698
2018-08-11 00:00:00,52376369.8984008
2018-08-12 00:00:00,49230273.0794216
2018-08-13 00:00:00,47642199.754279
2018-08-14 00:00:00,43195594.4438796
2018-08-15 00:00:00,51135961.0695928
2018-08-16 00:00:00,50183117.0745072
2018-08-17 00:00:00,48277429.084336
2018-08-18 00:00:00,50818346.4045642
2018-08-19 00:00:00,46054126.4291363
2018-08-20 00:00:00,47642199.754279
2018-08-21 00:00:00,47006970.4242219
2018-08-22 00:00:00,50818346.4045642
2018-08-23 00:00:00,47324585.0892504
2018-08-24 00:00:00,47211617.4407006
2018-08-25 00:00:00,45145645.9144977
2018-08-26 00:00:00,57853309.2089489
2018-08-27 00:00:00,61866255.5124598
2018-08-28 00:00:00,51165065.369764
2018-08-29 00:00:00,46483294.6823347
2018-08-30 00:00:00,51499477.5617233
2018-08-31 00:00:00,51833889.7536825
2018-09-01 00:00:00,50496240.9858456
2018-09-02 00:00:00,48155355.6421309
2018-09-03 00:00:00,48155355.6421309
2018-09-04 00:00:00,42135936.1868645
2018-09-05 00:00:00,44142409.33862
2018-09-06 00:00:00,50161828.7938863
2018-09-07 00:00:00,52673943.1674501
2018-09-08 00:00:00,52338942.9548846
2018-09-09 00:00:00,56874984.6776413
2018-09-10 00:00:00,47105048.6593962
2018-09-11 00:00:00,49198606.3775916
2018-09-12 00:00:00,58619616.1094708
2018-09-13 00:00:00,51641090.3821529
2018-09-14 00:00:00,46058269.8002985
2018-09-15 00:00:00,48849680.0912257
2018-09-16 00:00:00,48500753.8048598
2018-09-17 00:00:00,47105048.6593962
2018-09-18 00:00:00,49547532.6639575
2018-09-19 00:00:00,54432500.67308
2018-09-20 00:00:00,53827510.7460175
2018-09-21 00:00:00,51200543.8778585
2018-09-22 00:00:00,55111696.535195
2018-09-23 00:00:00,53333899.8727693
2018-09-24 00:00:00,52622781.2077991
2018-09-25 00:00:00,60089527.1899868
2018-09-26 00:00:00,49422747.2154329
2018-09-27 00:00:00,50844984.5453734
2018-09-28 00:00:00,54756137.2027098
2018-09-29 00:00:00,54045018.5377396
2018-09-30 00:00:00,57956171.195076
2018-10-01 00:00:00,56178374.5326503
2018-10-02 00:00:00,48711628.5504627
2018-10-03 00:00:00,51556103.2103437
2018-10-04 00:00:00,54911962.6283177
2018-10-05 00:00:00,48176505.2061266
2018-10-06 00:00:00,46323562.6981987
2018-10-07 00:00:00,52623567.2251537
2018-10-08 00:00:00,50029447.7140546
2018-10-09 00:00:00,48176505.2061266
2018-10-10 00:00:00,53364744.2283249
2018-10-11 00:00:00,58923571.7521087
2018-10-12 00:00:00,48917682.2092978
2018-10-13 00:00:00,52252978.7235681
2018-10-14 00:00:00,42247089.1807572
2018-10-15 00:00:00,60035337.2568655
2018-10-16 00:00:00,50029447.7140546
2018-10-17 00:00:00,51141213.2188113
2018-10-18 00:00:00,50951835.5499124
2018-10-19 00:00:00,50702736.5834647
2018-10-20 00:00:00,51059798.1087004
2018-10-21 00:00:00,49274490.4825221
2018-10-22 00:00:00,55344536.4115284
2018-10-23 00:00:00,54987474.8862927
2018-10-24 00:00:00,40347952.3516304
2018-10-25 00:00:00,48917428.9572864
2018-10-26 00:00:00,51059798.1087004
2018-10-27 00:00:00,48560367.4320507
2018-10-28 00:00:00,49988613.5329934
2018-10-29 00:00:00,52130982.6844074
2018-10-30 00:00:00,54987474.8862927
2018-10-31 00:00:00,58201028.6134137
2018-11-01 00:00:00,54988709.7918046
2018-11-02 00:00:00,51070835.0767129
2018-11-03 00:00:00,57499331.7996558
2018-11-04 00:00:00,44285199.6469399
2018-11-05 00:00:00,51070835.0767129
2018-11-06 00:00:00,45713754.4742605
2018-11-07 00:00:00,46428031.8879208
2018-11-08 00:00:00,43213783.5264494
2018-11-09 00:00:00,45356615.7674304
2018-11-10 00:00:00,46785170.594751
2018-11-11 00:00:00,52142251.1972034
2018-11-12 00:00:00,49999418.9562224
2018-11-13 00:00:00,42856644.8196192
2018-11-14 00:00:00,48213725.4220716
2018-11-15 00:00:00,45356615.7674304
2018-11-16 00:00:00,44946674.6331138
2018-11-17 00:00:00,47956936.4976083
2018-11-18 00:00:00,40680711.6496954
2018-11-19 00:00:00,41672924.1289562
2018-11-20 00:00:00,43657349.0874779
2018-11-21 00:00:00,34727436.7741302
2018-11-22 00:00:00,40349974.1566084
2018-11-23 00:00:00,41342186.6358693
2018-11-24 00:00:00,47295461.5114344
2018-11-25 00:00:00,42003661.6220432
2018-11-26 00:00:00,36711861.7326519
2018-11-27 00:00:00,43326611.594391
2018-11-28 00:00:00,39027024.1842606
2018-11-29 00:00:00,34727436.7741302
2018-11-30 00:00:00,33404486.8017824
2018-12-01 00:00:00,41011449.1427823
2018-12-02 00:00:00,37704074.2119128
2018-12-03 00:00:00,35101305.9820655
2018-12-04 00:00:00,38734427.5898666
2018-12-05 00:00:00,36488953.5266859
2018-12-06 00:00:00,37892374.8161739
2018-12-07 00:00:00,31998005.4003246
2018-12-08 00:00:00,35646900.7529932
2018-12-09 00:00:00,35927585.0108908
2018-12-10 00:00:00,34804847.9793004
2018-12-11 00:00:00,35085532.237198
2018-12-12 00:00:00,33682110.9477101
2018-12-13 00:00:00,36769637.7845835
2018-12-14 00:00:00,40979901.6530473
2018-12-15 00:00:00,41821954.42674
2018-12-16 00:00:00,32278689.6582222
2018-12-17 00:00:00,44909481.2636135
2018-12-18 00:00:00,35766529.4260719
2018-12-19 00:00:00,37822407.4037378
2018-12-20 00:00:00,34268624.157749
2018-12-21 00:00:00,35537832.4598879
2018-12-22 00:00:00,44422290.5748598
2018-12-23 00:00:00,44676132.2352876
2018-12-24 00:00:00,38583932.3850211
2018-12-25 00:00:00,40360824.0080155
2018-12-26 00:00:00,39853140.68716
2018-12-27 00:00:00,44168448.9144321
2018-12-28 00:00:00,42391557.2914377
2018-12-29 00:00:00,35030149.1390323
2018-12-30 00:00:00,44676132.2352876
2018-12-31 00:00:00,40440248.2951255
2019-01-01 00:00:00,41615985.2733737
2019-01-02 00:00:00,42174589.1025465
2019-01-03 00:00:00,43291796.7608921
2019-01-04 00:00:00,41615985.2733737
2019-01-05 00:00:00,45526212.0775833
2019-01-06 00:00:00,39381569.9566825
2019-01-07 00:00:00,39381569.9566825
2019-01-08 00:00:00,47202023.5651017
2019-01-09 00:00:00,45805513.9921697
2019-01-10 00:00:00,43571098.6754785
2019-01-11 00:00:00,41336683.3587873
2019-01-12 00:00:00,38543664.2129233
2019-01-13 00:00:00,38264362.2983369
2019-01-14 00:00:00,43423390.2168908
2019-01-15 00:00:00,38609293.9848521
2019-01-16 00:00:00,38901788.6362525
2019-01-17 00:00:00,37146820.7278501
2019-01-18 00:00:00,40364261.8932544
2019-01-19 00:00:00,38901788.6362525
2019-01-20 00:00:00,45921660.2698619
2019-01-21 00:00:00,43874197.7100592
2019-01-22 00:00:00,38024304.6820513
2019-01-23 00:00:00,42704219.1044576
2019-01-24 00:00:00,47384133.5268639
2019-01-25 00:00:00,40364261.8932544
2019-01-26 00:00:00,43874197.7100592
2019-01-27 00:00:00,40071767.241854
2019-01-28 00:00:00,42070546.8156134
2019-01-29 00:00:00,42201068.245197
2019-01-30 00:00:00,39310584.1188136
2019-01-31 00:00:00,44802503.958942
2019-02-01 00:00:00,45669649.196857
2019-02-02 00:00:00,41622971.4199203
2019-02-03 00:00:00,39888680.9440903
2019-02-04 00:00:00,42490116.6578353
2019-02-05 00:00:00,42490116.6578353
2019-02-06 00:00:00,47403939.672687
2019-02-07 00:00:00,50294423.7990704
2019-02-08 00:00:00,47114891.2600487
2019-02-09 00:00:00,43357261.8957503
2019-02-10 00:00:00,41018987.2961362
2019-02-11 00:00:00,43691361.6410373
2019-02-12 00:00:00,38568926.138295
2019-02-13 00:00:00,46101919.5246807
2019-02-14 00:00:00,42486082.6992156
2019-02-15 00:00:00,38267606.4028396
2019-02-16 00:00:00,45197960.3183144
2019-02-17 00:00:00,47909837.9374133
2019-02-18 00:00:00,46704558.9955916
2019-02-19 00:00:00,47005878.731047
2019-02-20 00:00:00,39171565.6092058
2019-02-21 00:00:00,35857048.5191961
2019-02-22 00:00:00,48813797.1437796
2019-02-23 00:00:00,43088722.1701264
2019-02-24 00:00:00,41298258.2978092
2019-02-25 00:00:00,43162133.913638
2019-02-26 00:00:00,48595129.7908791
2019-02-27 00:00:00,42558467.7050556
2019-02-28 00:00:00,45274965.6436762
2019-03-01 00:00:00,48896962.8951703
2019-03-02 00:00:00,39841969.766435
2019-03-03 00:00:00,44067633.2265115
2019-03-04 00:00:00,41351135.2878909
2019-03-05 00:00:00,44973132.539385
2019-03-06 00:00:00,38634637.3492703
2019-03-07 00:00:00,42860300.8093468
2019-03-08 00:00:00,44067633.2265115
2019-03-09 00:00:00,41652968.3921821
2019-03-10 00:00:00,41045042.9709582
2019-03-11 00:00:00,42839445.3543434
2019-03-12 00:00:00,43141131.5892332
2019-03-13 00:00:00,40727641.7101152
2019-03-14 00:00:00,46761366.4079101
2019-03-15 00:00:00,46157993.9381306
2019-03-16 00:00:00,49174856.287028
2019-03-17 00:00:00,44046190.2939024
2019-03-18 00:00:00,48571483.8172485
2019-03-19 00:00:00,52493404.8708152
2019-03-20 00:00:00,48571483.8172485
2019-03-21 00:00:00,43141131.5892332
2019-03-22 00:00:00,48571483.8172485
2019-03-23 00:00:00,43744504.0590126
2019-03-24 00:00:00,47490106.9905989
2019-03-25 00:00:00,46933020.833036
2019-03-26 00:00:00,42493410.7542353
2019-03-27 00:00:00,47250135.8386646
2019-03-28 00:00:00,46298790.8217788
2019-03-29 00:00:00,46615905.8274074
2019-03-30 00:00:00,44078985.7823784
2019-03-31 00:00:00,44078985.7823784
2019-04-01 00:00:00,43127640.7654926
2019-04-02 00:00:00,49787055.8836936
2019-04-03 00:00:00,45030330.7992643
2019-04-04 00:00:00,44396100.788007
2019-04-05 00:00:00,50104170.8893222
2019-04-06 00:00:00,44081037.5636847
2019-04-07 00:00:00,44809649.5150327
2019-04-08 00:00:00,47034242.0441478
2019-04-09 00:00:00,41949459.1204562
2019-04-10 00:00:00,47034242.0441478
2019-04-11 00:00:00,49894432.4387244
2019-04-12 00:00:00,47987638.84234
2019-04-13 00:00:00,42902855.9186484
2019-04-14 00:00:00,38771469.7931489
2019-04-15 00:00:00,46080845.2459556
2019-04-16 00:00:00,46080845.2459556
2019-04-17 00:00:00,43856252.7168405
2019-04-18 00:00:00,47352040.9768785
2019-04-19 00:00:00,48305437.7750707
2019-04-20 00:00:00,41631660.1877254
2019-04-21 00:00:00,51199133.0238072
2019-04-22 00:00:00,42318655.5416624
2019-04-23 00:00:00,36634060.0211406
2019-04-24 00:00:00,51477170.5469476
2019-04-25 00:00:00,45160953.3019234
2019-04-26 00:00:00,47687440.1999331
2019-04-27 00:00:00,43266088.1284161
2019-04-28 00:00:00,51477170.5469476
2019-04-29 00:00:00,51477170.5469476
2019-04-30 00:00:00,44213520.7151697
2019-05-01 00:00:00,54003657.4449573
2019-05-02 00:00:00,58109198.6542231
2019-05-03 00:00:00,48003251.0621843
2019-05-04 00:00:00,43006075.3622154
2019-05-05 00:00:00,42978500.6950398
2019-05-06 00:00:00,50308167.4802404
2019-05-07 00:00:00,42312167.3509307
2019-05-08 00:00:00,50641334.152295
2019-05-09 00:00:00,49975000.8081859
2019-05-10 00:00:00,41645834.0068216
2019-05-11 00:00:00,43311667.3670944
2019-05-12 00:00:00,52640334.1846224
2019-05-13 00:00:00,55638834.2331136
2019-05-14 00:00:00,50641334.152295
2019-05-15 00:00:00,49641834.1361313
2019-05-16 00:00:00,48642334.1199676
2019-05-17 00:00:00,50308167.4802404
2019-05-18 00:00:00,50986743.450853
2019-05-19 00:00:00,54326123.0260958
2019-05-20 00:00:00,53659544.8294566
2019-05-21 00:00:00,50993232.0428998
2019-05-22 00:00:00,55659279.4193742
2019-05-23 00:00:00,52659677.5344978
2019-05-24 00:00:00,50993232.0428998
2019-05-25 00:00:00,46660473.7647449
2019-05-26 00:00:00,54992701.222735
2019-05-27 00:00:00,55659279.4193742
2019-05-28 00:00:00,54659412.1244154
2019-05-29 00:00:00,57992303.1076115
2019-05-30 00:00:00,53664058.5059824
2019-05-31 00:00:00,43386260.5763838
2019-06-01 00:00:00,55994233.735333
2019-06-02 00:00:00,48577778.9359511
2019-06-03 00:00:00,44127906.056322
2019-06-04 00:00:00,57106701.9552403
2019-06-05 00:00:00,59331638.3950548
2019-06-06 00:00:00,58219170.1751475
2019-06-07 00:00:00,58589992.9151166
2019-06-08 00:00:00,45982019.7561675
2019-06-09 00:00:00,54510942.7754566
2019-06-10 00:00:00,58219170.1751475
2019-06-11 00:00:00,53027651.8155803
2019-06-12 00:00:00,48577778.9359511
2019-06-13 00:00:00,55994233.735333
2019-06-14 00:00:00,62264123.1632496
2019-06-15 00:00:00,53775192.2320125
2019-06-16 00:00:00,47882020.4805591
2019-06-17 00:00:00,48986990.1839566
2019-06-18 00:00:00,60036687.2179318
2019-06-19 00:00:00,65193212.5004535
2019-06-20 00:00:00,53038545.7630809
2019-06-21 00:00:00,48986990.1839566
2019-06-22 00:00:00,51933576.0596833
2019-06-23 00:00:00,66666505.4383169
2019-06-24 00:00:00,65193212.5004535
2019-06-25 00:00:00,53775192.2320125
2019-06-26 00:00:00,60773333.6868635
2019-06-27 00:00:00,55539973.1845089
2019-06-28 00:00:00,64293187.5738079
2019-06-29 00:00:00,68631991.643206
2019-06-30 00:00:00,59954383.5044098
2019-07-01 00:00:00,56404452.902175
2019-07-02 00:00:00,62321003.9058997
2019-07-03 00:00:00,67843118.1760427
2019-07-04 00:00:00,65870934.5081345
2019-07-05 00:00:00,74548542.6469306
2019-07-06 00:00:00,70209738.5775326
2019-07-07 00:00:00,60348820.2379915
2019-07-08 00:00:00,70209738.5775326
2019-07-09 00:00:00,65740170.4585491
2019-07-10 00:00:00,58125055.9333793
2019-07-11 00:00:00,58125055.9333793
2019-07-12 00:00:00,73895419.9463116
2019-07-13 00:00:00,63532037.8806704
2019-07-14 00:00:00,65334365.1964341
2019-07-15 00:00:00,65784947.025375
2019-07-16 00:00:00,72994256.2884298
2019-07-17 00:00:00,59927383.249143
2019-07-18 00:00:00,54520401.3018519
2019-07-19 00:00:00,53168655.8150291
2019-07-20 00:00:00,79752983.7225436
2019-07-21 00:00:00,67136692.5121977
2019-07-22 00:00:00,71191928.9726661
2019-07-23 00:00:00,64212845.1846116
2019-07-24 00:00:00,62282811.3455415
2019-07-25 00:00:00,67211666.9196491
2019-07-26 00:00:00,74380911.3910783
2019-07-27 00:00:00,68107822.4785777
2019-07-28 00:00:00,78413611.4062573
2019-07-29 00:00:00,75277066.950007
2019-07-30 00:00:00,63627044.6839344
2019-07-31 00:00:00,76621300.2883999
2019-08-01 00:00:00,63627044.6839344
2019-08-02 00:00:00,75725144.7294713
2019-08-03 00:00:00,77517455.8473286
2019-08-04 00:00:00,74828989.1705426
2019-08-05 00:00:00,70305379.0080994
2019-08-06 00:00:00,79916269.034042
2019-08-07 00:00:00,75945274.2994312
2019-08-08 00:00:00,70485156.5393414
2019-08-09 00:00:00,72967028.2484731
2019-08-10 00:00:00,74952525.6157785
2019-08-11 00:00:00,75945274.2994312
2019-08-12 00:00:00,66017787.4629043
2019-08-13 00:00:00,77930771.6667366
2019-08-14 00:00:00,75448899.9576049
2019-08-15 00:00:00,77930771.6667366
2019-08-16 00:00:00,72967028.2484731
2019-08-17 00:00:00,63535915.7537725
2019-08-18 00:00:00,62740159.3489764
2019-08-19 00:00:00,82514504.7903757
2019-08-20 00:00:00,77452265.232684
2019-08-21 00:00:00,68846457.984608
2019-08-22 00:00:00,71377577.7634539
2019-08-23 00:00:00,77452265.232684
2019-08-24 00:00:00,80995832.9230682
2019-08-25 00:00:00,78464713.1442223
2019-08-26 00:00:00,69352681.9403772
2019-08-27 00:00:00,68340234.0288388
2019-08-28 00:00:00,76439817.3211456
2019-08-29 00:00:00,83526952.7019141
2019-08-30 00:00:00,80995832.9230682
2019-08-31 00:00:00,84033176.6576833
2019-09-01 00:00:00,75959123.8204752
2019-09-02 00:00:00,79786349.9315495
2019-09-03 00:00:00,87818532.8105646
2019-09-04 00:00:00,72825124.7697365
2019-09-05 00:00:00,88354011.6691656
2019-09-06 00:00:00,84605659.6589586
2019-09-07 00:00:00,80321828.7901505
2019-09-08 00:00:00,94779757.9723776
2019-09-09 00:00:00,78179913.3557465
2019-09-10 00:00:00,97457152.2653826
2019-09-11 00:00:00,98528109.9825847
2019-09-12 00:00:00,84605659.6589586
2019-09-13 00:00:00,81711974.361587
2019-09-14 00:00:00,91618125.6260619
2019-09-15 00:00:00,86889448.1743942
2019-09-16 00:00:00,96346803.0777296
2019-09-17 00:00:00,87480532.8558527
2019-09-18 00:00:00,102848734.573773
2019-09-19 00:00:00,87480532.8558527
2019-09-20 00:00:00,89253786.9002281
2019-09-21 00:00:00,98120057.122105
2019-09-22 00:00:00,98120057.122105
2019-09-23 00:00:00,67383653.6862649
2019-09-24 00:00:00,92800294.9889788
2019-09-25 00:00:00,92209210.3075204
2019-09-26 00:00:00,102155715.0684
2019-09-27 00:00:00,83726816.3184488
2019-09-28 00:00:00,100852756.01995
2019-09-29 00:00:00,86263992.570523
2019-09-30 00:00:00,82458228.1924117
2019-10-01 00:00:00,90704051.0116529
2019-10-02 00:00:00,93875521.3267456
2019-10-03 00:00:00,93241227.2637271
2019-10-04 00:00:00,93241227.2637271
2019-10-05 00:00:00,100218461.956931
2019-10-06 00:00:00,94509815.3897642
2019-10-07 00:00:00,98315579.7678755
2019-10-08 00:00:00,102755638.209005
2019-10-09 00:00:00,87532580.6965601
2019-10-10 00:00:00,103681264.292523
2019-10-11 00:00:00,100875176.08461
2019-10-12 00:00:00,86002553.9695715
2019-10-13 00:00:00,91822275.6667605
2019-10-14 00:00:00,87295825.4578357
2019-10-15 00:00:00,98935268.8522138
2019-10-16 00:00:00,92468911.4108927
2019-10-17 00:00:00,96995361.6198175
2019-10-18 00:00:00,103461719.061139
2019-10-19 00:00:00,91822275.6667605
2019-10-20 00:00:00,94408818.643289
2019-10-21 00:00:00,102815083.317007
2019-10-22 00:00:00,109281440.758328
2019-10-23 00:00:00,109144376.317496
2019-10-24 00:00:00,90520752.8588387
2019-10-25 00:00:00,93923788.6805996
2019-10-26 00:00:00,95285003.0093039
2019-10-27 00:00:00,78269823.9004996
2019-10-28 00:00:00,91201360.0231908
2019-10-29 00:00:00,90520752.8588387
2019-10-30 00:00:00,91201360.0231908
2019-10-31 00:00:00,89840145.6944865
2019-11-01 00:00:00,88478931.3657822
2019-11-02 00:00:00,91201360.0231908
2019-11-03 00:00:00,93923788.6805996
2019-11-04 00:00:00,89840145.6944865
2019-11-05 00:00:00,98007431.6667126
2019-11-06 00:00:00,89840145.6944865
2019-11-07 00:00:00,91737090.3690835
2019-11-08 00:00:00,80936306.1161364
2019-11-09 00:00:00,91053344.3806535
2019-11-10 00:00:00,104964271.994364
2019-11-11 00:00:00,95479548.6213797
2019-11-12 00:00:00,85362510.3568626
2019-11-13 00:00:00,85362510.3568626
2019-11-14 00:00:00,106861216.668961
2019-11-15 00:00:00,99905752.8621059
2019-11-16 00:00:00,93582603.9467827
2019-11-17 00:00:00,97376493.2959766
2019-11-18 00:00:00,88524084.8145242
2019-11-19 00:00:00,92950289.0552504
2019-11-20 00:00:00,89788714.5975888
2019-11-21 00:00:00,87143254.9641945
2019-11-22 00:00:00,85127203.6530772
2019-11-23 00:00:00,111568229.030169
2019-11-24 00:00:00,84482300.5950993
2019-11-25 00:00:00,80612882.2472322
2019-11-26 00:00:00,78678173.0732986
2019-11-27 00:00:00,89641525.0589222
2019-11-28 00:00:00,105119198.450391
2019-11-29 00:00:00,87706815.8849886
2019-11-30 00:00:00,81257785.30521
2019-12-01 00:00:00,89641525.0589222
2019-12-02 00:00:00,93510943.4067893
2019-12-03 00:00:00,101894683.160501
2019-12-04 00:00:00,107698810.682302
2019-12-05 00:00:00,93386357.4980277
2019-12-06 00:00:00,92816137.3771571
2019-12-07 00:00:00,99217250.2997196
2019-12-08 00:00:00,94736471.2539258
2019-12-09 00:00:00,94736471.2539258
2019-12-10 00:00:00,94736471.2539258
2019-12-11 00:00:00,84494690.5778258
2019-12-12 00:00:00,85134801.870082
2019-12-13 00:00:00,97296916.4229509
2019-12-14 00:00:00,96656805.1306946
2019-12-15 00:00:00,79373800.2397757
2019-12-16 00:00:00,100497472.884232
2019-12-17 00:00:00,90255692.208132
2019-12-18 00:00:00,85774913.1623382
2019-12-19 00:00:00,100622310.115052
2019-12-20 00:00:00,100413778.963629
2019-12-21 00:00:00,113287340.369223
2019-12-22 00:00:00,108781593.877265
2019-12-23 00:00:00,92045964.0499934
2019-12-24 00:00:00,80459758.7849593
2019-12-25 00:00:00,82390792.9957983
2019-12-26 00:00:00,107494237.736706
2019-12-27 00:00:00,93333320.1905527
2019-12-28 00:00:00,95908032.4716714
2019-12-29 00:00:00,99770100.8933494
2019-12-30 00:00:00,106850559.666426
2019-12-31 00:00:00,93333320.1905527
2020-01-01 00:00:00,112718458.532564
2020-01-02 00:00:00,96717718.3123778
2020-01-03 00:00:00,115924073.721928
2020-01-04 00:00:00,115238132.457301
2020-01-05 00:00:00,111808426.134167
2020-01-06 00:00:00,92602070.7246171
2020-01-07 00:00:00,120725662.574316
2020-01-08 00:00:00,97403659.5770046
2020-01-09 00:00:00,107692778.546407
2020-01-10 00:00:00,102205248.429392
2020-01-11 00:00:00,111808426.134167
2020-01-12 00:00:00,103577130.958646
2020-01-13 00:00:00,98089600.8416314
2020-01-14 00:00:00,99607271.2200415
2020-01-15 00:00:00,110915119.366187
2020-01-16 00:00:00,116791417.080951
2020-01-17 00:00:00,116791417.080951
2020-01-18 00:00:00,96958912.29362
2020-01-19 00:00:00,110180582.151841
2020-01-20 00:00:00,111649656.580532
2020-01-21 00:00:00,112384193.794878
2020-01-22 00:00:00,114587805.437915
2020-01-23 00:00:00,116791417.080951
2020-01-24 00:00:00,111649656.580532
2020-01-25 00:00:00,120464103.152679
2020-01-26 00:00:00,105038821.651422
2020-01-27 00:00:00,94755300.6505832
2020-01-28 00:00:00,107321517.0167
2020-01-29 00:00:00,123011831.712795
2020-01-30 00:00:00,119936535.919975
2020-01-31 00:00:00,110710648.541515
2020-02-01 00:00:00,116092416.17895
2020-02-02 00:00:00,109941824.59331
2020-02-03 00:00:00,113785944.334335
2020-02-04 00:00:00,101484761.163056
2020-02-05 00:00:00,122243007.76459
2020-02-06 00:00:00,103791233.007671
2020-02-07 00:00:00,106866528.80049
2020-02-08 00:00:00,106866528.80049
2020-02-09 00:00:00,117630064.07536
2020-02-10 00:00:00,93796521.681006
2020-02-11 00:00:00,114190850.876276
2020-02-12 00:00:00,109742275.18922
2020-02-13 00:00:00,108969442.265353
2020-02-14 00:00:00,104332444.722146
2020-02-15 00:00:00,109742275.18922
2020-02-16 00:00:00,109742275.18922
2020-02-17 00:00:00,121334769.047237
2020-02-18 00:00:00,115924938.580162
2020-02-19 00:00:00,108969442.265353
2020-02-20 00:00:00,97376948.4073364
2020-02-21 00:00:00,119016270.275633
2020-02-22 00:00:00,114379272.732427
2020-02-23 00:00:00,109742275.18922
2020-02-24 00:00:00,108969442.265353
2020-02-25 00:00:00,111020255.745151
2020-02-26 00:00:00,104700775.427287
2020-02-27 00:00:00,113169220.498612
2020-02-28 00:00:00,121637665.569937
2020-02-29 00:00:00,107010351.35583
2020-03-01 00:00:00,136264979.784043
2020-03-02 00:00:00,114708937.784307
2020-03-03 00:00:00,117788372.355698
2020-03-04 00:00:00,128566393.355566
2020-03-05 00:00:00,125486958.784175
2020-03-06 00:00:00,119328089.641393
2020-03-07 00:00:00,120867806.927089
2020-03-08 00:00:00,121637665.569937
2020-03-09 00:00:00,119877105.097528
2020-03-10 00:00:00,108616241.391911
2020-03-11 00:00:00,97919187.3154346
2020-03-12 00:00:00,124250397.349837
2020-03-13 00:00:00,102856289.196885
2020-03-14 00:00:00,105324840.13761
2020-03-15 00:00:00,97919187.3154346
2020-03-16 00:00:00,97919187.3154346
2020-03-17 00:00:00,101210588.569735
2020-03-18 00:00:00,82285031.3575081
2020-03-19 00:00:00,88044983.5525337
2020-03-20 00:00:00,89690684.1796838
2020-03-21 00:00:00,102033438.88331
2020-03-22 00:00:00,104501989.824035
2020-03-23 00:00:00,92159235.1204091
2020-03-24 00:00:00,108616241.391911
2020-03-25 00:00:00,75702228.8489074
2020-03-26 00:00:00,112492821.358516
2020-03-27 00:00:00,107197274.863781
2020-03-28 00:00:00,93365368.4297446
2020-03-29 00:00:00,104430893.576974
2020-03-30 00:00:00,101664512.290166
2020-03-31 00:00:00,109963656.150588
2020-04-01 00:00:00,105814084.220377
2020-04-02 00:00:00,105814084.220377
2020-04-03 00:00:00,91290582.4646392
2020-04-04 00:00:00,108580465.507185
2020-04-05 00:00:00,121029181.297817
2020-04-06 00:00:00,88524201.1778319
2020-04-07 00:00:00,116188014.045904
2020-04-08 00:00:00,103061194.836332
2020-04-09 00:00:00,112650577.826398
2020-04-10 00:00:00,119234053.153915
2020-04-11 00:00:00,116308064.119463
2020-04-12 00:00:00,111919080.567785
2020-04-13 00:00:00,125086031.222819
2020-04-14 00:00:00,122891539.44698
2020-04-15 00:00:00,123623036.705593
2020-04-16 00:00:00,112650577.826398
2020-04-17 00:00:00,92900151.843848
2020-04-18 00:00:00,115576566.86085
2020-04-19 00:00:00,111187583.309172
2020-04-20 00:00:00,117771058.636689
2020-04-21 00:00:00,115730561.554044
2020-04-22 00:00:00,103923467.233466
2020-04-23 00:00:00,112649865.245436
2020-04-24 00:00:00,114236483.065795
2020-04-25 00:00:00,107890011.784362
2020-04-26 00:00:00,108683320.694541
2020-04-27 00:00:00,111856556.335257
2020-04-28 00:00:00,122169572.167586
2020-04-29 00:00:00,115029791.975974
2020-04-30 00:00:00,107096702.874182
2020-05-01 00:00:00,111856556.335257
2020-05-02 00:00:00,117409718.706511
2020-05-03 00:00:00,133275896.910094
2020-05-04 00:00:00,125342807.808302
2020-05-05 00:00:00,126294576.814336
2020-05-06 00:00:00,123288445.655594
2020-05-07 00:00:00,117684425.398522
2020-05-08 00:00:00,109678682.174133
2020-05-09 00:00:00,108878107.851694
2020-05-10 00:00:00,136097634.814617
2020-05-11 00:00:00,125690168.622911
2020-05-12 00:00:00,116883851.076083
2020-05-13 00:00:00,95268344.370232
2020-05-14 00:00:00,91265472.7580373
2020-05-15 00:00:00,100071790.304866
2020-05-16 00:00:00,100872364.627304
2020-05-17 00:00:00,81658580.8887703
2020-05-18 00:00:00,102473513.272182
2020-05-19 00:00:00,92066047.0804763
2020-05-20 00:00:00,86971887.3185643
2020-05-21 00:00:00,98579623.7035512
2020-05-22 00:00:00,83529299.4740014
2020-05-23 00:00:00,89549429.1658213
2020-05-24 00:00:00,87291880.5313888
2020-05-25 00:00:00,94064526.4346863
2020-05-26 00:00:00,93312010.2232088
2020-05-27 00:00:00,103847237.183894
2020-05-28 00:00:00,98579623.7035512
2020-05-29 00:00:00,95569558.8576412
2020-05-30 00:00:00,117392528.990488
2020-05-31 00:00:00,112877431.721623
2020-06-01 00:00:00,100837172.337984
2020-06-02 00:00:00,97074591.2805962
2020-06-03 00:00:00,104599753.395371
2020-06-04 00:00:00,108668660.65278
2020-06-05 00:00:00,122192367.725211
2020-06-06 00:00:00,133797229.464477
2020-06-07 00:00:00,108539589.208428
2020-06-08 00:00:00,110587505.985945
2020-06-09 00:00:00,109222228.134267
2020-06-10 00:00:00,111952783.837623
2020-06-11 00:00:00,126288201.280246
2020-06-12 00:00:00,111270144.911784
2020-06-13 00:00:00,107856950.282588
2020-06-14 00:00:00,116048617.392658
2020-06-15 00:00:00,94204171.7658051
2020-06-16 00:00:00,106374812.691088
2020-06-17 00:00:00,108283617.573483
2020-06-18 00:00:00,97298323.0370428
2020-06-19 00:00:00,111422273.155323
2020-06-20 00:00:00,107498953.678023
2020-06-21 00:00:00,114560928.737163
2020-06-22 00:00:00,112206937.050783
2020-06-23 00:00:00,123976895.482684
2020-06-24 00:00:00,109068281.468943
2020-06-25 00:00:00,110637609.259863
2020-06-26 00:00:00,128684878.855444
2020-06-27 00:00:00,108283617.573483
2020-06-28 00:00:00,117699584.319003
2020-06-29 00:00:00,113776264.841703
2020-06-30 00:00:00,115344676.145677
2020-07-01 00:00:00,127111309.039231
2020-07-02 00:00:00,128680584.459468
2020-07-03 00:00:00,127895946.749349
2020-07-04 00:00:00,123188120.488637
2020-07-05 00:00:00,127895946.749349
2020-07-06 00:00:00,120834207.358281
2020-07-07 00:00:00,126326671.329112
2020-07-08 00:00:00,118480294.227925
2020-07-09 00:00:00,128680584.459468
2020-07-10 00:00:00,126326671.329112
2020-07-11 00:00:00,122403482.778518
2020-07-12 00:00:00,119264931.938044
2020-07-13 00:00:00,121086665.700822
2020-07-14 00:00:00,124167138.542574
2020-07-15 00:00:00,118993507.769967
2020-07-16 00:00:00,117268964.179098
2020-07-17 00:00:00,101748071.861276
2020-07-18 00:00:00,112095333.40649
2020-07-19 00:00:00,112957605.201925
2020-07-20 00:00:00,121580323.15627
2020-07-21 00:00:00,107783974.429318
2020-07-22 00:00:00,124167138.542574
2020-07-23 00:00:00,117268964.179098
2020-07-24 00:00:00,138825759.064961
2020-07-25 00:00:00,122442594.951705
2020-07-26 00:00:00,136238943.678657
2020-07-27 00:00:00,128205972.903398
2020-07-28 00:00:00,121437040.395232
2020-07-29 00:00:00,123949530.886168
2020-07-30 00:00:00,113062072.092113
2020-07-31 00:00:00,128137015.037728
2020-08-01 00:00:00,114737065.752737
2020-08-02 00:00:00,118087053.073985
2020-08-03 00:00:00,135674486.510536
2020-08-04 00:00:00,121437040.395232
2020-08-05 00:00:00,108037091.110241
2020-08-06 00:00:00,130649505.528664
2020-08-07 00:00:00,127299518.207416
2020-08-08 00:00:00,118924549.904297
2020-08-09 00:00:00,130649505.528664
2020-08-10 00:00:00,114901504.532898
2020-08-11 00:00:00,129741892.842126
2020-08-12 00:00:00,132269332.313077
2020-08-13 00:00:00,123844534.076575
2020-08-14 00:00:00,140694130.549579
2020-08-15 00:00:00,131426852.489427
2020-08-16 00:00:00,128056933.194826
2020-08-17 00:00:00,105309977.956271
2020-08-18 00:00:00,117947175.311024
2020-08-19 00:00:00,116262215.6637237
2020-08-20 00:00:00,123002054.25292505
2020-08-21 00:00:00,130584372.66577661
2020-08-22 00:00:00,114577256.01642336
2020-08-23 00:00:00,132269332.31307696
2020-08-24 00:00:00,128441437.17505692
2020-08-25 00:00:00,111720008.69546376
2020-08-26 00:00:00,123939384.6465301
2020-08-27 00:00:00,112592821.26339707
2020-08-28 00:00:00,142268448.57312962
2020-08-29 00:00:00,127430634.91826336
2020-08-30 00:00:00,110847196.12753047
2020-08-31 00:00:00,130921885.1899966
2020-09-01 00:00:00,134413135.46172985
2020-09-02 00:00:00,125685009.78239675
2020-09-03 00:00:00,112592821.26339707
2020-09-04 00:00:00,117829696.67099695
2020-09-05 00:00:00,123066572.0785968
2020-09-06 00:00:00,130921885.1899966
2020-09-07 00:00:00,151762133.7678071
2020-09-08 00:00:00,133652505.32879263
2020-09-09 00:00:00,128478859.9612265
2020-09-10 00:00:00,136239328.01257572
2020-09-11 00:00:00,118993843.45402186
2020-09-12 00:00:00,146586618.74770805
2020-09-13 00:00:00,139688424.9242865
2020-09-14 00:00:00,151760264.11527425
2020-09-15 00:00:00,134514779.55672038
2020-09-16 00:00:00,133652505.32879263
2020-09-17 00:00:00,153484812.57112962
2020-09-18 00:00:00,142275247.6080696
2020-09-19 00:00:00,128478859.9612265
2020-09-20 00:00:00,135165071.8298032
2020-09-21 00:00:00,139219832.7594406
2020-09-22 00:00:00,123857644.31701957
2020-09-23 00:00:00,136339422.42648664
2020-09-24 00:00:00,131538738.5382301
2020-09-25 00:00:00,162263115.42307216
2020-09-26 00:00:00,144020516.64769718
2020-09-27 00:00:00,145940790.2029998
2020-09-28 00:00:00,123857644.31701957
2020-09-29 00:00:00,135379285.64883536
2020-09-30 00:00:00,149781337.3136051
2020-10-01 00:00:00,119056960.428763
2020-10-02 00:00:00,130578601.76057878
2020-10-03 00:00:00,144980653.4253485
2020-10-04 00:00:00,151592064.050859
2020-10-05 00:00:00,134303836.4311328
2020-10-06 00:00:00,124710705.25748046
2020-10-07 00:00:00,144856280.7221504
2020-10-08 00:00:00,155408725.01316798
2020-10-09 00:00:00,136222462.66586328
2020-10-10 00:00:00,137181775.78322852
2020-10-11 00:00:00,134303836.4311328
2020-10-12 00:00:00,142937654.4874199
2020-10-13 00:00:00,159245977.48262888
2020-10-14 00:00:00,142937654.4874199
2020-10-15 00:00:00,144856280.7221504
2020-10-16 00:00:00,148693533.1916113
2020-10-17 00:00:00,152419671.45957646
2020-10-18 00:00:00,119288755.69898501
2020-10-19 00:00:00,124259120.51977606
2020-10-20 00:00:00,143146506.838782
2020-10-21 00:00:00,129229485.3405671
2020-10-22 00:00:00,136187996.08967456
2020-10-23 00:00:00,130223558.30472532
2020-10-24 00:00:00,151099090.55204767
2020-10-25 00:00:00,116306536.80651039
2020-10-26 00:00:00,109348026.05740291
2020-10-27 00:00:00,98413223.45166263
2020-10-28 00:00:00,99407296.41582084
2020-10-29 00:00:00,107359880.12908651
2020-10-30 00:00:00,110342099.02156112
2020-10-31 00:00:00,112330244.94987755
2020-11-01 00:00:00,124259120.51977606
2020-11-02 00:00:00,94436931.5950298
2020-11-03 00:00:00,124332259.04844461
2020-11-04 00:00:00,132689483.0919183
2020-11-05 00:00:00,122675182.48120748
2020-11-06 00:00:00,127682332.78656289
2020-11-07 00:00:00,121840657.43031493
2020-11-08 00:00:00,115164457.02317438
2020-11-09 00:00:00,154387134.41512507
2020-11-10 00:00:00,122675182.48120748
2020-11-11 00:00:00,122675182.48120748
2020-11-12 00:00:00,133524008.14281088
2020-11-13 00:00:00,115998982.07406694
2020-11-14 00:00:00,118502557.22674464
2020-11-15 00:00:00,125178757.63388519
2020-11-16 00:00:00,135534841.86269382
2020-11-17 00:00:00,137334450.8705656
2020-11-18 00:00:00,147831351.5740483
2020-11-19 00:00:00,119839616.36476107
2020-11-20 00:00:00,146956609.8487581
2020-11-21 00:00:00,147831351.5740483
2020-11-22 00:00:00,152205060.20049945
2020-11-23 00:00:00,128587033.61766332
2020-11-24 00:00:00,118964874.63947083
2020-11-25 00:00:00,135584967.41998515
2020-11-26 00:00:00,131211258.79353401
2020-11-27 00:00:00,134710225.69469494
2020-11-28 00:00:00,134710225.69469494
2020-11-29 00:00:00,135399801.26976258
2020-11-30 00:00:00,107610727.917311
2020-12-01 00:00:00,144750713.6586838
2020-12-02 00:00:00,124752259.79794464
2020-12-03 00:00:00,149512250.29219317
2020-12-04 00:00:00,137132255.0450689
2020-12-05 00:00:00,137132255.0450689
2020-12-06 00:00:00,129513796.43145394
2020-12-07 00:00:00,142846099.00528008
2020-12-08 00:00:00,137132255.0450689
2020-12-09 00:00:00,132370718.41155955
2020-12-10 00:00:00,123799952.47124276
2020-12-11 00:00:00,131418411.08485769
2020-12-12 00:00:00,125704567.1246465
2020-12-13 00:00:00,148463110.1109586
2020-12-14 00:00:00,134574371.39496115
2020-12-15 00:00:00,129933875.82961763
2020-12-16 00:00:00,132718173.16882376
2020-12-17 00:00:00,119724785.58586197
2020-12-18 00:00:00,145711560.75178552
2020-12-19 00:00:00,146639659.8648542
2020-12-20 00:00:00,140142966.07337332
2020-12-21 00:00:00,126221479.37734285
2020-12-22 00:00:00,132718173.16882376
2020-12-23 00:00:00,142927263.41257942
2020-12-24 00:00:00,116940488.24665588
2020-12-25 00:00:00,133646272.28189245
2020-12-26 00:00:00,127149578.49041158
2020-12-27 00:00:00,137358668.73416725
2020-12-28 00:00:00,147938033.9968089
2020-12-29 00:00:00,140537799.38571388
2020-12-30 00:00:00,159029615.0943604
2020-12-31 00:00:00,153482070.38176647
2021-01-01 00:00:00,137764027.0294169
2021-01-02 00:00:00,139613208.60028157
2021-01-03 00:00:00,146085344.09830785
2021-01-04 00:00:00,159954205.87979275
2021-01-05 00:00:00,145160753.31287554
2021-01-06 00:00:00,163652569.02152207
2021-01-07 00:00:00,155331251.95263115
2021-01-08 00:00:00,136839436.24398455
2021-01-09 00:00:00,133808024.52210465
2021-01-10 00:00:00,162879650.9247733
2021-01-11 00:00:00,157757649.32336533
2021-01-12 00:00:00,151611247.4016758
2021-01-13 00:00:00,155708848.68280214
2021-01-14 00:00:00,150586847.08139417
2021-01-15 00:00:00,158782049.6436469
2021-01-16 00:00:00,150586847.08139417
2021-01-17 00:00:00,136245242.59745187
2021-01-18 00:00:00,148538046.440831
2021-01-19 00:00:00,152635647.72195736
2021-01-20 00:00:00,144440445.1597046
2021-01-21 00:00:00,132147641.31632549
2021-01-22 00:00:00,145464845.4799862
2021-01-23 00:00:00,159781151.23197326
2021-01-24 00:00:00,143884925.38771522
2021-01-25 00:00:00,144920068.73582825
2021-01-26 00:00:00,166658079.0462025
2021-01-27 00:00:00,146990355.43205437
2021-01-28 00:00:00,150095785.47639358
2021-01-29 00:00:00,157341788.913185
2021-01-30 00:00:00,140779495.34337604
2021-01-31 00:00:00,149060642.12828052
2021-02-01 00:00:00,124217201.7735671
2021-02-02 00:00:00,157341788.913185
2021-02-03 00:00:00,155271502.21695888
2021-02-04 00:00:00,165622935.69808948
2021-02-05 00:00:00,174939225.83110696
2021-02-06 00:00:00,169021265.50315762
2021-02-07 00:00:00,166219498.0035569
2021-02-08 00:00:00,172612555.6190783
2021-02-09 00:00:00,152367873.16992718
2021-02-10 00:00:00,152367873.16992718
2021-02-11 00:00:00,137450738.7337105
2021-02-12 00:00:00,151302363.56734022
2021-02-13 00:00:00,167285007.6061438
2021-02-14 00:00:00,158760930.78544855
2021-02-15 00:00:00,160891949.9906224
2021-02-16 00:00:00,128926661.9130153
2021-02-17 00:00:00,147040325.15699264
2021-02-18 00:00:00,145974815.55440575
2021-02-19 00:00:00,163181402.20420986
2021-02-20 00:00:00,157667240.0893604
2021-02-21 00:00:00,152267677.07260144
2021-02-22 00:00:00,143628376.2457872
2021-02-23 00:00:00,137148900.6256765
2021-02-24 00:00:00,171706103.93293357
2021-02-25 00:00:00,168466366.12287825
2021-02-26 00:00:00,150107851.8658979
2021-02-27 00:00:00,169546278.72623003
2021-02-28 00:00:00,141468551.03908366
2021-03-01 00:00:00,140388638.43573186
2021-03-02 00:00:00,154427502.27930507
2021-03-03 00:00:00,164146715.7094711
2021-03-04 00:00:00,138228813.22902828
2021-03-05 00:00:00,160906977.89941573
2021-03-06 00:00:00,162254330.9888254
2021-03-07 00:00:00,155665151.9066483
2021-03-08 00:00:00,165260948.9419896
2021-03-09 00:00:00,149267953.88308737
2021-03-10 00:00:00,158863750.91842875
2021-03-11 00:00:00,140738356.51833954
2021-03-12 00:00:00,159929950.58902222
2021-03-13 00:00:00,152466552.89486787
2021-03-14 00:00:00,167393348.28317663
2021-03-15 00:00:00,157797551.24783528
2021-03-16 00:00:00,158863750.91842875
2021-03-17 00:00:00,145003155.2007135
2021-03-18 00:00:00,162062349.9302092
2021-03-19 00:00:00,158357615.36380938
2021-03-20 00:00:00,167389189.0439892
2021-03-21 00:00:00,169563074.61598912
2021-03-22 00:00:00,164128360.68598944
2021-03-23 00:00:00,174997788.54598877
2021-03-24 00:00:00,165215303.47198936
2021-03-25 00:00:00,167389189.0439892
2021-03-26 00:00:00,147824218.8959905
2021-03-27 00:00:00,172823902.97398886
2021-03-28 00:00:00,172823902.97398886
2021-03-29 00:00:00,164128360.68598944
2021-03-30 00:00:00,158693646.7559898
2021-03-31 00:00:00,170650017.401989
2021-04-01 00:00:00,157606703.96998987
2021-04-02 00:00:00,160517766.38346806
2021-04-03 00:00:00,150672055.73110902
2021-04-04 00:00:00,167924581.1965032
2021-04-05 00:00:00,179426264.84009933
2021-04-06 00:00:00,165624244.467784
2021-04-07 00:00:00,180576433.20445892
2021-04-08 00:00:00,154122560.82418784
2021-04-09 00:00:00,174825591.38266087
2021-04-10 00:00:00,180576433.20445892
2021-04-11 00:00:00,166774412.8321436
2021-04-12 00:00:00,165624244.467784
2021-04-13 00:00:00,163323907.73906472
2021-04-14 00:00:00,155272729.1885475
2021-04-15 00:00:00,198514005.70963436
2021-04-16 00:00:00,120743465.5644424
2021-04-17 00:00:00,106676265.69285686
2021-04-18 00:00:00,145361065.33971703
2021-04-19 00:00:00,113709865.62864962
2021-04-20 00:00:00,150050131.96357888
2021-04-21 00:00:00,118398932.25251147
2021-04-22 00:00:00,167634131.8030608
2021-04-23 00:00:00,158255998.5553371
2021-04-24 00:00:00,169978665.11499172
2021-04-25 00:00:00,165289598.49112985
2021-04-26 00:00:00,133638398.78006244
2021-04-27 00:00:00,166461865.14709532
2021-04-28 00:00:00,166461865.14709532
2021-04-29 00:00:00,143016532.0277861
2021-04-30 00:00:00,169978665.11499172
2021-05-01 00:00:00,158954589.9843886
2021-05-02 00:00:00,189527186.50027975
2021-05-03 00:00:00,181331416.27324066
2021-05-04 00:00:00,185429301.3867602
2021-05-05 00:00:00,160841990.70564282
2021-05-06 00:00:00,174160117.3245814
2021-05-07 00:00:00,176209059.88134116
2021-05-08 00:00:00,175184588.60296133
2021-05-09 00:00:00,190551657.77865964
2021-05-10 00:00:00,184404830.1083803
2021-05-11 00:00:00,176209059.88134116
2021-05-12 00:00:00,176209059.88134116
2021-05-13 00:00:00,185896531.25400168
2021-05-14 00:00:00,166839065.28467855
2021-05-15 00:00:00,153143321.1195184
2021-05-16 00:00:00,164348929.98192218
2021-05-17 00:00:00,150653185.81676203
2021-05-18 00:00:00,124506765.13781983
2021-05-19 00:00:00,155633456.42227483
2021-05-20 00:00:00,139447576.95435822
2021-05-21 00:00:00,136957441.6516018
2021-05-22 00:00:00,144427847.55987102
2021-05-23 00:00:00,148163050.51400563
2021-05-24 00:00:00,156878524.07365298
2021-05-25 00:00:00,153143321.1195184
2021-05-26 00:00:00,151898253.46814018
2021-05-27 00:00:00,145672915.21124923
2021-05-28 00:00:00,148163050.51400563
2021-05-29 00:00:00,144427847.55987102
2021-05-30 00:00:00,151858199.84334671
2021-05-31 00:00:00,147526659.02062267
2021-06-01 00:00:00,148572947.38247102
2021-06-02 00:00:00,173683868.0668324
2021-06-03 00:00:00,153804389.191713
2021-06-04 00:00:00,137063775.4021388
2021-06-05 00:00:00,137063775.4021388
2021-06-06 00:00:00,156943254.27725816
2021-06-07 00:00:00,139156352.12583557
2021-06-08 00:00:00,155896965.91540977
2021-06-09 00:00:00,131832333.59289683
2021-06-10 00:00:00,123462026.69810976
2021-06-11 00:00:00,109860277.9940807
2021-06-12 00:00:00,138110063.76398718
2021-06-13 00:00:00,136724465.12868512
2021-06-14 00:00:00,133766696.2189013
2021-06-15 00:00:00,129803238.5531561
2021-06-16 00:00:00,121876323.22166562
2021-06-17 00:00:00,128812374.13671976
2021-06-18 00:00:00,122867187.63810194
2021-06-19 00:00:00,102059034.89293952
2021-06-20 00:00:00,104040763.72581212
2021-06-21 00:00:00,104040763.72581212
2021-06-22 00:00:00,90168661.89570382
2021-06-23 00:00:00,100077306.0600669
2021-06-24 00:00:00,104040763.72581212
2021-06-25 00:00:00,108995085.80799364
2021-06-26 00:00:00,88186933.06283121
2021-06-27 00:00:00,58461000.569742054
2021-06-28 00:00:00,86205204.22995861
2021-06-29 00:00:00,89177797.47926754
2021-06-30 00:00:00,88186933.06283121
2021-07-01 00:00:00,94132119.56144907
2021-07-02 00:00:00,89177797.47926754
2021-07-03 00:00:00,98706076.21227616
2021-07-04 00:00:00,82108836.0775171
2021-07-05 00:00:00,94246664.01941094
2021-07-06 00:00:00,101386562.80876024
2021-07-07 00:00:00,87820755.10899657
2021-07-08 00:00:00,99244593.17195547
2021-07-09 00:00:00,93532674.14047602
2021-07-10 00:00:00,114952370.50852396
2021-07-11 00:00:00,89248734.86686642
2021-07-12 00:00:00,89962724.74580133
2021-07-13 00:00:00,97102623.53515066
2021-07-14 00:00:00,121378279.41893831
2021-07-15 00:00:00,91390704.50367121
2021-07-16 00:00:00,107098481.84023969
2021-07-17 00:00:00,101997588.09440474
2021-07-18 00:00:00,97872242.08868839
2021-07-19 00:00:00,115543619.13247934
2021-07-20 00:00:00,82919538.43624988
2021-07-21 00:00:00,98551910.4365265
2021-07-22 00:00:00,103989257.2192314
2021-07-23 00:00:00,91755226.95814537
2021-07-24 00:00:00,104668925.56706952
2021-07-25 00:00:00,103989257.2192314
2021-07-26 00:00:00,101950252.17571706
2021-07-27 00:00:00,115543619.13247934
2021-07-28 00:00:00,106707930.61058386
2021-07-29 00:00:00,108746935.65409821
2021-07-30 00:00:00,112824945.7411269
2021-07-31 00:00:00,112465862.12588961
2021-08-01 00:00:00,110975800.79118258
2021-08-02 00:00:00,103048957.87752669
2021-08-03 00:00:00,121785132.03707698
2021-08-04 00:00:00,98004603.29610927
2021-08-05 00:00:00,115299533.28954034
2021-08-06 00:00:00,114578911.20648071
2021-08-07 00:00:00,120343887.87095772
2021-08-08 00:00:00,113858289.12342106
2021-08-09 00:00:00,109534556.62506332
2021-08-10 00:00:00,118902643.70483847
2021-08-11 00:00:00,105931446.20976518
2021-08-12 00:00:00,108813934.5420037
2021-08-13 00:00:00,108175319.62792763
2021-08-14 00:00:00,126820808.5468918
2021-08-15 00:00:00,140740165.58252627
2021-08-16 00:00:00,124500915.70761941
2021-08-17 00:00:00,133007189.45161822
2021-08-18 00:00:00,104395177.76725851
2021-08-19 00:00:00,119087832.41598378
2021-08-20 00:00:00,123727618.0945286
2021-08-21 00:00:00,131460594.22543663
2021-08-22 00:00:00,126820808.5468918
2021-08-23 00:00:00,152339629.77888831
2021-08-24 00:00:00,119087832.41598378
2021-08-25 00:00:00,130687447.2547367
2021-08-26 00:00:00,127844614.11993943
2021-08-27 00:00:00,127844614.11993943
2021-08-28 00:00:00,123466373.91035247
2021-08-29 00:00:00,136601094.53911337
2021-08-30 00:00:00,118212485.65884812
2021-08-31 00:00:00,126093318.03610466
2021-09-01 00:00:00,119963781.7426829
2021-09-02 00:00:00,130471558.24569161
2021-09-03 00:00:00,129595910.20377423
2021-09-04 00:00:00,135725446.49719596
2021-09-05 00:00:00,143606278.8744525
2021-09-06 00:00:00,150611463.20979166
2021-09-07 00:00:00,133974150.41336119
2021-09-08 00:00:00,129910433.67934506
2021-09-09 00:00:00,125412870.36132078
2021-09-10 00:00:00,124497447.94992428
2021-09-11 00:00:00,135482516.8866823
2021-09-12 00:00:00,134567094.4752858
2021-09-13 00:00:00,145552163.4120438
2021-09-14 00:00:00,153790965.11461234
2021-09-15 00:00:00,129989982.41830327
2021-09-16 00:00:00,124497447.94992428
2021-09-17 00:00:00,134567094.4752858
2021-09-18 00:00:00,141890473.7664578
2021-09-19 00:00:00,146467585.8234403
2021-09-20 00:00:00,150129275.4690263
2021-09-21 00:00:00,113928907.44351819
2021-09-22 00:00:00,126546633.84005067
2021-09-23 00:00:00,155822347.6388684
2021-09-24 00:00:00,139767923.94274256
2021-09-25 00:00:00,135990412.4848306
2021-09-26 00:00:00,131268523.16244063
2021-09-27 00:00:00,146378568.99408844
2021-09-28 00:00:00,143545435.4006545
2021-09-29 00:00:00,122769122.38213871
2021-09-30 00:00:00,161488614.82573634
2021-10-01 00:00:00,132212901.02691859
2021-10-02 00:00:00,177543038.52186212
2021-10-03 00:00:00,141656679.6716985
2021-10-04 00:00:00,147411968.39584854
2021-10-05 00:00:00,162177735.83152118
2021-10-06 00:00:00,129544410.9385932
2021-10-07 00:00:00,139433297.2697835
2021-10-08 00:00:00,118666635.97428384
2021-10-09 00:00:00,148333294.9678548
2021-10-10 00:00:00,157233292.66592607
2021-10-11 00:00:00,144377740.43537864
2021-10-12 00:00:00,132511076.83795026
2021-10-13 00:00:00,167122178.99711636
2021-10-14 00:00:00,135477742.7373074
2021-10-15 00:00:00,139433297.2697835
2021-10-16 00:00:00,131522188.20483124
2021-10-17 00:00:00,158222181.29904512
2021-10-18 00:00:00,146534419.32302314
2021-10-19 00:00:00,154737198.72913387
2021-10-20 00:00:00,148747371.68155453
2021-10-21 00:00:00,147749067.17362463
2021-10-22 00:00:00,157732112.25292358
2021-10-23 00:00:00,144754153.64983496
2021-10-24 00:00:00,152740589.71327412
2021-10-25 00:00:00,181691420.4432411
2021-10-26 00:00:00,149745676.18948442
2021-10-27 00:00:00,156733807.7449937
2021-10-28 00:00:00,152740589.71327412
2021-10-29 00:00:00,170710070.85601225
2021-10-30 00:00:00,154737198.72913387
2021-10-31 00:00:00,140175299.14944655
2021-11-01 00:00:00,159350397.00608382
2021-11-02 00:00:00,170117315.72271112
2021-11-03 00:00:00,173347391.33769932
2021-11-04 00:00:00,153966937.6477702
2021-11-05 00:00:00,166887240.1077229
2021-11-06 00:00:00,165810548.2360602
2021-11-07 00:00:00,164733856.36439747
2021-11-08 00:00:00,145353402.67446837
2021-11-09 00:00:00,163657164.49273473
2021-11-10 00:00:00,160427088.87774655
2021-11-11 00:00:00,170117315.72271112
2021-11-12 00:00:00,152890245.77610743
2021-11-13 00:00:00,164733856.36439747
2021-11-14 00:00:00,175094161.92837763
2021-11-15 00:00:00,170197841.36837798
2021-11-16 00:00:00,169070703.34607086
2021-11-17 00:00:00,167943565.3237637
2021-11-18 00:00:00,162307875.21222803
2021-11-19 00:00:00,154417909.05607805
2021-11-20 00:00:00,163435013.23453516
2021-11-21 00:00:00,148782218.94454235
2021-11-22 00:00:00,158926461.1453066
2021-11-23 00:00:00,148782218.94454235
2021-11-24 00:00:00,176960669.50222084
2021-11-25 00:00:00,146527942.89992806
2021-11-26 00:00:00,148782218.94454235
2021-11-27 00:00:00,161180737.1899209
2021-11-28 00:00:00,155225116.619112
2021-11-29 00:00:00,158774565.17985132
2021-11-30 00:00:00,148781760.37832215
2021-12-01 00:00:00,152112695.31216523
2021-12-02 00:00:00,172098304.91522342
2021-12-03 00:00:00,186532356.29520994
2021-12-04 00:00:00,172098304.91522342
2021-12-05 00:00:00,184311733.00598127
2021-12-06 00:00:00,190973602.87366727
2021-12-07 00:00:00,170987993.2706091
2021-12-08 00:00:00,186532356.29520994
2021-12-09 00:00:00,180980798.07213816
2021-12-10 00:00:00,173208616.55983782
2021-12-11 00:00:00,176161777.07292455
2021-12-12 00:00:00,168385593.54016247
2021-12-13 00:00:00,169588347.7797351
2021-12-14 00:00:00,178007627.4567432
2021-12-15 00:00:00,169588347.7797351
2021-12-16 00:00:00,138316737.55084777
2021-12-17 00:00:00,179210381.69631582
2021-12-18 00:00:00,153952542.66529143
2021-12-19 00:00:00,179210381.69631582
2021-12-20 00:00:00,173196610.49845287
2021-12-21 00:00:00,193643432.5711869
2021-12-22 00:00:00,178007627.4567432
2021-12-23 00:00:00,182818644.41503358
2021-12-24 00:00:00,181615890.175461
2021-12-25 00:00:00,177149566.7855162
2021-12-26 00:00:00,161682278.52670813
2021-12-27 00:00:00,178574456.88024485
2021-12-28 00:00:00,161682278.52670813
2021-12-29 00:00:00,174954704.37591556
2021-12-30 00:00:00,143583516.00506175
2021-12-31 00:00:00,179781041.0483546
2022-01-01 00:00:00,207532476.9148791
2022-01-02 00:00:00,190640298.56134245
2022-01-03 00:00:00,168921783.5353667
2022-01-04 00:00:00,177367872.71213505
2022-01-05 00:00:00,180987625.21646434
2022-01-06 00:00:00,176161288.5440253
2022-01-07 00:00:00,168921783.5353667
2022-01-08 00:00:00,174242949.24269608
2022-01-09 00:00:00,170826076.6426718
2022-01-10 00:00:00,172037609.10113046
2022-01-11 00:00:00,191422128.4364691
2022-01-12 00:00:00,168403011.72575447
2022-01-13 00:00:00,216864310.0641011
2022-01-14 00:00:00,192633660.89492777
2022-01-15 00:00:00,201114388.10413846
2022-01-16 00:00:00,212018180.23026645
2022-01-17 00:00:00,195056725.81184512
2022-01-18 00:00:00,164768414.35037845
2022-01-19 00:00:00,209595115.3133491
2022-01-20 00:00:00,204748985.47951442
2022-01-21 00:00:00,175442615.30802113
2022-01-22 00:00:00,177474949.66786668
2022-01-23 00:00:00,186746029.1281284
2022-01-24 00:00:00,198665988.43417916
2022-01-25 00:00:00,201314868.2799682
2022-01-26 00:00:00,172177189.9762886
2022-01-27 00:00:00,173501629.89918315
2022-01-28 00:00:00,203963748.12575728
2022-01-29 00:00:00,197341548.51128462
2022-01-30 00:00:00,193368228.74260104
2022-01-31 00:00:00,189394908.97391748
2022-02-01 00:00:00,203963748.12575728
2022-02-02 00:00:00,202639308.20286274
2022-02-03 00:00:00,194692668.66549554
2022-02-04 00:00:00,172445464.54596007
2022-02-05 00:00:00,157888391.82261464
2022-02-06 00:00:00,206979740.54057044
2022-02-07 00:00:00,180443876.3687024
2022-02-08 00:00:00,204326154.12338364
2022-02-09 00:00:00,185751049.20307598
2022-02-10 00:00:00,195038601.66322982
2022-02-11 00:00:00,188404635.6202628
2022-02-12 00:00:00,248110330.00696588
2022-02-13 00:00:00,209633326.9577572
2022-02-14 00:00:00,202999360.9147902
2022-02-15 00:00:00,232188811.50384504
2022-02-16 00:00:00,206979740.54057044
2022-02-17 00:00:00,213256529.5453799
2022-02-18 00:00:00,186294128.8834766
2022-02-19 00:00:00,207147949.28088072
2022-02-20 00:00:00,200196675.81507933
2022-02-21 00:00:00,171001327.25871363
2022-02-22 00:00:00,211318713.36036152
2022-02-23 00:00:00,208538203.974041
2022-02-24 00:00:00,183513619.49715608
2022-02-25 00:00:00,186294128.8834766
2022-02-26 00:00:00,173781836.64503416
2022-02-27 00:00:00,189074638.26979718
2022-02-28 00:00:00,214099222.7466821
2022-03-01 00:00:00,225221260.29196426
2022-03-02 00:00:00,189074638.26979718
2022-03-03 00:00:00,204908164.05639085
2022-03-04 00:00:00,190365286.64550212
2022-03-05 00:00:00,168452735.66472492
2022-03-06 00:00:00,179409011.15511352
2022-03-07 00:00:00,202691096.5721893
2022-03-08 00:00:00,202691096.5721893
2022-03-09 00:00:00,188995752.20920354
2022-03-10 00:00:00,198582493.2632936
2022-03-11 00:00:00,188995752.20920354
2022-03-12 00:00:00,213647372.0625779
2022-03-13 00:00:00,206799699.88108504
2022-03-14 00:00:00,209538768.75368217
2022-03-15 00:00:00,190365286.64550212
2022-03-16 00:00:00,212277837.6262793
2022-03-17 00:00:00,217523034.50856918
2022-03-18 00:00:00,195149454.73662692
2022-03-19 00:00:00,211525632.75648364
2022-03-20 00:00:00,210160951.25482893
2022-03-21 00:00:00,208796269.7531742
2022-03-22 00:00:00,203337543.74655527
2022-03-23 00:00:00,197878817.73993632
2022-03-24 00:00:00,195149454.73662692
2022-03-25 00:00:00,212890314.25813842
2022-03-26 00:00:00,219713721.76641208
2022-03-27 00:00:00,178773276.7167701
2022-03-28 00:00:00,216984358.7631026
2022-03-29 00:00:00,206066906.74986473
2022-03-30 00:00:00,184232002.723389
2022-03-31 00:00:00,194247387.85170582
2022-04-01 00:00:00,200371606.28467658
2022-04-02 00:00:00,191845154.95341378
2022-04-03 00:00:00,197529455.84092233
2022-04-04 00:00:00,224529885.05658796
2022-04-05 00:00:00,206055907.17218518
2022-04-06 00:00:00,213161283.28157085
2022-04-07 00:00:00,196108380.6190452
2022-04-08 00:00:00,190424079.73153663
2022-04-09 00:00:00,217424508.94720227
2022-04-10 00:00:00,198950531.06279945
2022-04-11 00:00:00,194687305.39716807
2022-04-12 00:00:00,217424508.94720227
2022-04-13 00:00:00,198950531.06279945
2022-04-14 00:00:00,194492275.55499536
2022-04-15 00:00:00,221692722.83303383
2022-04-16 00:00:00,188017878.85839576
2022-04-17 00:00:00,231514552.3256366
2022-04-18 00:00:00,188017878.85839576
2022-04-19 00:00:00,173986693.86896327
2022-04-20 00:00:00,224498959.83092037
2022-04-21 00:00:00,237127026.3214096
2022-04-22 00:00:00,189420997.35733905
2022-04-23 00:00:00,228708315.3277501
2022-04-24 00:00:00,239933263.31929615
2022-04-25 00:00:00,227305196.82880685
2022-04-26 00:00:00,196436589.85205528
2022-04-27 00:00:00,243130347.43116814
2022-04-28 00:00:00,195503620.58301136
2022-04-29 00:00:00,222163205.20796743
2022-04-30 00:00:00,222163205.20796743
2022-05-01 00:00:00,247341701.7982037
2022-05-02 00:00:00,236974085.55516526
2022-05-03 00:00:00,222163205.20796743
2022-05-04 00:00:00,216238853.06908828
2022-05-05 00:00:00,232530821.4510059
2022-05-06 00:00:00,210314500.93020916
2022-05-07 00:00:00,211795588.96492898
2022-05-08 00:00:00,229568645.3815663
2022-05-09 00:00:00,229568645.3815663
2022-05-10 00:00:00,226823707.2333046
2022-05-11 00:00:00,225257597.8912952
2022-05-12 00:00:00,209722591.14017138
2022-05-13 00:00:00,236132102.61708185
2022-05-14 00:00:00,219043595.19084564
2022-05-15 00:00:00,189527082.3637104
2022-05-16 00:00:00,254774110.71843037
2022-05-17 00:00:00,228364599.24151993
2022-05-18 00:00:00,208169090.46505895
2022-05-19 00:00:00,189527082.3637104
2022-05-20 00:00:00,198848086.4143847
2022-05-21 00:00:00,209722591.14017138
2022-05-22 00:00:00,189527082.3637104
2022-05-23 00:00:00,248560108.0179809
2022-05-24 00:00:00,186420081.01348567
2022-05-25 00:00:00,219801139.27751222
2022-05-26 00:00:00,209555369.85718095
2022-05-27 00:00:00,205096744.96660265
2022-05-28 00:00:00,219958827.93519703
2022-05-29 00:00:00,221445036.23205647
2022-05-30 00:00:00,228876077.71635368
2022-05-31 00:00:00,216986411.34147817
2022-06-01 00:00:00,202124328.37288374
2022-06-02 00:00:00,185776037.10742992
2022-06-03 00:00:00,212527786.45089987
2022-06-04 00:00:00,206582953.2634621
2022-06-05 00:00:00,216986411.34147817
2022-06-06 00:00:00,222931244.5289159
2022-06-07 00:00:00,240765744.0912292
2022-06-08 00:00:00,266405768.7361438
2022-06-09 00:00:00,219787040.37955952
2022-06-10 00:00:00,221292431.06709072
2022-06-11 00:00:00,231830165.87980935
2022-06-12 00:00:00,191184617.31646615
2022-06-13 00:00:00,200216961.44165352
2022-06-14 00:00:00,219787040.37955952
2022-06-15 00:00:00,248389463.44265285
2022-06-16 00:00:00,179141491.81621632
2022-06-17 00:00:00,162582194.2533728
2022-06-18 00:00:00,234840947.25487182
2022-06-19 00:00:00,200216961.44165352
2022-06-20 00:00:00,198711570.75412232
2022-06-21 00:00:00,225808603.12968442
2022-06-22 00:00:00,193273708.26929793
2022-06-23 00:00:00,223431040.49785998
2022-06-24 00:00:00,189622396.21199957
2022-06-25 00:00:00,221961099.44195303
2022-06-26 00:00:00,202851865.7151624
2022-06-27 00:00:00,199911983.60334843
2022-06-28 00:00:00,214611394.16241816
2022-06-29 00:00:00,221961099.44195303
2022-06-30 00:00:00,251359920.5600925
2022-07-01 00:00:00,196972101.49153444
2022-07-02 00:00:00,202851865.7151624
2022-07-03 00:00:00,227840863.6655809
2022-07-04 00:00:00,210201570.99469727
2022-07-05 00:00:00,173453044.59702292
2022-07-06 00:00:00,186682514.1001857
2022-07-07 00:00:00,227544125.37384427
2022-07-08 00:00:00,214480636.40419686
2022-07-09 00:00:00,194191927.5551512
2022-07-10 00:00:00,221726603.8502846
2022-07-11 00:00:00,178250799.1737582
2022-07-12 00:00:00,218828216.87184954
2022-07-13 00:00:00,159411283.8139301
2022-07-14 00:00:00,179699992.6629758
2022-07-15 00:00:00,205785475.4688916
2022-07-16 00:00:00,214480636.40419686
2022-07-17 00:00:00,179699992.6629758
2022-07-18 00:00:00,189844347.0874986
2022-07-19 00:00:00,199988701.51202142
2022-07-20 00:00:00,182598379.64141086
2022-07-21 00:00:00,199187652.45519632
2022-07-22 00:00:00,181711862.6387281
2022-07-23 00:00:00,211997173.07851613
2022-07-24 00:00:00,216126988.13848722
2022-07-25 00:00:00,195477912.83863172
2022-07-26 00:00:00,220256803.19845834
2022-07-27 00:00:00,227139828.29841012
2022-07-28 00:00:00,194101307.8186414
2022-07-29 00:00:00,200984332.91859323
2022-07-30 00:00:00,177582047.57875702
2022-07-31 00:00:00,209243963.0385354
2022-08-01 00:00:00,187218282.71868956
2022-08-02 00:00:00,213373778.09850645
2022-08-03 00:00:00,199607727.89860287
2022-08-04 00:00:00,183173748.80206442
2022-08-05 00:00:00,210085555.03954557
2022-08-06 00:00:00,225491829.07577893
2022-08-07 00:00:00,222690688.3419183
2022-08-08 00:00:00,201682132.83796376
2022-08-09 00:00:00,200281562.47103348
2022-08-10 00:00:00,207284414.30568495
2022-08-11 00:00:00,196079851.3702425
2022-08-12 00:00:00,215687836.5072668
2022-08-13 00:00:00,194679281.00331223
2022-08-14 00:00:00,186275858.8017304
2022-08-15 00:00:00,203082703.20489404
2022-08-16 00:00:00,207284414.30568495
2022-08-17 00:00:00,180673577.33400917
2022-08-18 00:00:00,202403376.03316846
2022-08-19 00:00:00,250867150.78611156
2022-08-20 00:00:00,209995536.33219454
2022-08-21 00:00:00,205767438.2852376
2022-08-22 00:00:00,204358072.2695853
2022-08-23 00:00:00,242410954.69219768
2022-08-24 00:00:00,205767438.2852376
2022-08-25 00:00:00,224089196.48871768
2022-08-26 00:00:00,248048418.754807
2022-08-27 00:00:00,204358072.2695853
2022-08-28 00:00:00,226907928.52002233
2022-08-29 00:00:00,221270464.45741308
2022-08-30 00:00:00,228317294.5356746
2022-08-31 00:00:00,219862688.89188153
2022-09-01 00:00:00,212503108.15739748
2022-09-02 00:00:00,198644209.79930627
2022-09-03 00:00:00,226362006.5154886
2022-09-04 00:00:00,258699436.01770127
2022-09-05 00:00:00,235601272.08754936
2022-09-06 00:00:00,218662618.53877124
2022-09-07 00:00:00,224822128.92014512
2022-09-08 00:00:00,195564454.60861945
2022-09-09 00:00:00,226362006.5154886
2022-09-10 00:00:00,241760782.46892318
2022-09-11 00:00:00,281797599.94785315
2022-09-12 00:00:00,235601272.08754936
2022-09-13 00:00:00,211972242.0735515
2022-09-14 00:00:00,202308899.97494468
2022-09-15 00:00:00,234168569.26233754
2022-09-16 00:00:00,203901883.4393143
2022-09-17 00:00:00,270807188.94283926
2022-09-18 00:00:00,245319453.51292506
2022-09-19 00:00:00,207087850.36805362
2022-09-20 00:00:00,242133486.58418575
2022-09-21 00:00:00,224610668.47611964
2022-09-22 00:00:00,203901883.4393143
2022-09-23 00:00:00,215052767.68990183
2022-09-24 00:00:00,232575585.79796788
2022-09-25 00:00:00,234168569.26233754
2022-09-26 00:00:00,238947519.65544644
2022-09-27 00:00:00,205494866.90368393
2022-09-28 00:00:00,234283743.87934902
2022-09-29 00:00:00,222928606.67506388
2022-09-30 00:00:00,263461080.61598453
2022-10-01 00:00:00,282168376.2810249
2022-10-02 00:00:00,244753784.95094424
2022-10-03 00:00:00,240076961.03468415
2022-10-04 00:00:00,254107432.78346437
2022-10-05 00:00:00,272814728.44850475
2022-10-06 00:00:00,247871667.56178424
2022-10-07 00:00:00,266578963.2268246
2022-10-08 00:00:00,272814728.44850475
2022-10-09 00:00:00,246312726.25636423
2022-10-10 00:00:00,281762541.4868823
2022-10-11 00:00:00,277924882.20287925
2022-10-12 00:00:00,242520438.6101558
2022-10-13 00:00:00,253141771.68797284
2022-10-14 00:00:00,276154660.02324307
2022-10-15 00:00:00,269073771.3046984
2022-10-16 00:00:00,254911993.867609
2022-10-17 00:00:00,265533326.94542602
2022-10-18 00:00:00,251371549.5083366
2022-10-19 00:00:00,267303549.1250622
2022-10-20 00:00:00,256682216.04724517
2022-10-21 00:00:00,276154660.02324307
2022-10-22 00:00:00,240750216.43051958
2022-10-23 00:00:00,274506216.9071191
2022-10-24 00:00:00,249031192.74934924
2022-10-25 00:00:00,223395628.7898574
2022-10-26 00:00:00,283822315.2658024
2022-10-27 00:00:00,247200081.03795698
2022-10-28 00:00:00,291146762.1113715
2022-10-29 00:00:00,261848974.7290952
2022-10-30 00:00:00,247200081.03795698
2022-10-31 00:00:00,316782326.0708633
2022-11-01 00:00:00,263680086.4404874
2022-11-02 00:00:00,223395628.7898574
2022-11-03 00:00:00,300302320.6683329
2022-11-04 00:00:00,236213410.7696033
2022-11-05 00:00:00,276497868.4202333
2022-11-06 00:00:00,250862304.46074155
2022-11-07 00:00:00,263186945.48747677
2022-11-08 00:00:00,297875786.9173795
2022-11-09 00:00:00,272291363.5011629
2022-11-10 00:00:00,268636445.8702748
2022-11-11 00:00:00,244879481.2695022
2022-11-12 00:00:00,305185622.17915577
2022-11-13 00:00:00,235742187.19228196
2022-11-14 00:00:00,224777434.2996177
2022-11-15 00:00:00,283256116.39382714
2022-11-16 00:00:00,274118822.31660694
2022-11-17 00:00:00,252189316.5312784
2022-11-18 00:00:00,254016775.34672245
2022-11-19 00:00:00,268636445.8702748
2022-11-20 00:00:00,272375605.3694332
2022-11-21 00:00:00,236949653.97082296
2022-11-22 00:00:00,231439196.90173405
2022-11-23 00:00:00,258991482.2471786
2022-11-24 00:00:00,236949653.97082296
2022-11-25 00:00:00,225928739.83264518
2022-11-26 00:00:00,200213273.51023027
2022-11-27 00:00:00,249807387.13203046
2022-11-28 00:00:00,255317844.20111936
2022-11-29 00:00:00,240623292.0168823
2022-11-30 00:00:00,253481025.1780897
2022-12-01 00:00:00,281033310.52353424
2022-12-02 00:00:00,229602377.87870446
2022-12-03 00:00:00,240623292.0168823
2022-12-04 00:00:00,257154663.22414896
2022-12-05 00:00:00,268175577.36232677
2022-12-06 00:00:00,231289584.01772717
2022-12-07 00:00:00,292794732.7377177
2022-12-08 00:00:00,284283257.94883054
2022-12-09 00:00:00,258748833.58216918
2022-12-10 00:00:00,262153423.49772403
2022-12-11 00:00:00,250237358.793282
2022-12-12 00:00:00,243428178.96217236
2022-12-13 00:00:00,280878668.0332757
2022-12-14 00:00:00,251939653.75105944
2022-12-15 00:00:00,236618999.1310626
2022-12-16 00:00:00,221298344.51106575
2022-12-17 00:00:00,234916704.1732852
2022-12-18 00:00:00,246832768.87772718
2022-12-19 00:00:00,233961255.1644386
2022-12-20 00:00:00,246114015.1556391
2022-12-21 00:00:00,251387886.90897432
2022-12-22 00:00:00,237324228.90008065
2022-12-23 00:00:00,232050357.14674553
2022-12-24 00:00:00,156458195.34894204
2022-12-25 00:00:00,247871972.40675086
2022-12-26 00:00:00,226776485.39341035
2022-12-27 00:00:00,202165083.87784645
2022-12-28 00:00:00,295336818.18676704
2022-12-29 00:00:00,247871972.40675086
2022-12-30 00:00:00,277757245.6756499
2022-12-31 00:00:00,274241331.1734265
2023-01-01 00:00:00,272483373.92231476
2023-01-02 00:00:00,274241331.1734265
2023-01-03 00:00:00,261883481.8059322
2023-01-04 00:00:00,242356482.01087618
2023-01-05 00:00:00,266083690.039913
2023-01-06 00:00:00,305064103.23047346
2023-01-07 00:00:00,260999288.3194051
2023-01-08 00:00:00,259304487.74590245
2023-01-09 00:00:00,257609687.17239982
2023-01-10 00:00:00,286421296.9219445
2023-01-11 00:00:00,249135684.30488667
2023-01-12 00:00:00,255914886.59889722
2023-01-13 00:00:00,269473291.1869182
2023-01-14 00:00:00,289810898.0689498
2023-01-15 00:00:00,280250606.7848099
2023-01-16 00:00:00,274688843.2470833
2023-01-17 00:00:00,291506527.527517
2023-01-18 00:00:00,261608422.14007932
2023-01-19 00:00:00,270951580.07365364
2023-01-20 00:00:00,246659369.44636056
2023-01-21 00:00:00,257871158.96664968
2023-01-22 00:00:00,282163369.59394276
2023-01-23 00:00:00,295243790.7009466
2023-01-24 00:00:00,241053474.68621597
2023-01-25 00:00:00,327010527.67509925
2023-01-26 00:00:00,289637895.9408021
2023-01-27 00:00:00,287769264.3540873
2023-01-28 00:00:00,313930106.5680952
2023-01-29 00:00:00,311001352.7915209
2023-01-30 00:00:00,269948142.5149194
2023-01-31 00:00:00,224956785.42909947
2023-02-01 00:00:00,267991996.55466637
2023-02-02 00:00:00,283641164.23669064
2023-02-03 00:00:00,260167412.7136542
2023-02-04 00:00:00,266035850.5944133
2023-02-05 00:00:00,297334185.95846194
2023-02-06 00:00:00,289509602.11744976
2023-02-07 00:00:00,277772726.3559315
2023-02-08 00:00:00,269948142.5149194
2023-02-09 00:00:00,316895645.5609923
2023-02-10 00:00:00,287553456.1571967
2023-02-11 00:00:00,291465748.0777028
2023-02-12 00:00:00,313943411.7760057
2023-02-13 00:00:00,303650131.9290037
2023-02-14 00:00:00,299757181.5196575
2023-02-15 00:00:00,317275458.3617154
2023-02-16 00:00:00,348419061.63648504
2023-02-17 00:00:00,321168408.7710616
2023-02-18 00:00:00,327007834.38508093
2023-02-19 00:00:00,315328983.1570423
2023-02-20 00:00:00,286131855.0869458
2023-02-21 00:00:00,325061359.18040776
2023-02-22 00:00:00,272506528.65423405
2023-02-23 00:00:00,332847259.9991002
2023-02-24 00:00:00,262774152.6308686
2023-02-25 00:00:00,227840889.77873334
2023-02-26 00:00:00,359556658.1833338
2023-02-27 00:00:00,299630548.4861114
2023-02-28 00:00:00,293209893.8756949
2023-03-01 00:00:00,363837094.5902782
2023-03-02 00:00:00,308191421.3000004
2023-03-03 00:00:00,359556658.1833338
2023-03-04 00:00:00,325313166.92777824
2023-03-05 00:00:00,331733821.53819484
2023-03-06 00:00:00,282508802.8583337
2023-03-07 00:00:00,353136003.57291716
2023-03-08 00:00:00,284649021.0618059
2023-03-09 00:00:00,288929457.4687504
2023-03-10 00:00:00,291564668.6842239
2023-03-11 00:00:00,357219695.9219277
2023-03-12 00:00:00,348559824.50563854
2023-03-13 00:00:00,339899953.08934945
2023-03-14 00:00:00,316085306.6945542
2023-03-15 00:00:00,318250274.5486265
2023-03-16 00:00:00,290105692.4456867
2023-03-17 00:00:00,318250274.5486265
2023-03-18 00:00:00,350724792.3597108
2023-03-19 00:00:00,320415242.4026988
2023-03-20 00:00:00,333405049.5271326
2023-03-21 00:00:00,313920338.84048194
2023-03-22 00:00:00,344229888.79749393
2023-03-23 00:00:00,398152679.74955547
2023-03-24 00:00:00,377232885.49311894
2023-03-25 00:00:00,337646718.49692744
2023-03-26 00:00:00,335318120.4383279
2023-03-27 00:00:00,344632512.6727259
2023-03-28 00:00:00,312032139.85233283
2023-03-29 00:00:00,342303914.6141264
2023-03-30 00:00:00,360932699.0829224
2023-03-31 00:00:00,328332326.2625294
2023-04-01 00:00:00,326003728.2039299
2023-04-02 00:00:00,346961110.73132545
2023-04-03 00:00:00,305046345.6765345
2023-04-04 00:00:00,377232885.49311894
2023-04-05 00:00:00,323675130.1453304
2023-04-06 00:00:00,375327217.1632722
2023-04-07 00:00:00,338032942.16648775
2023-04-08 00:00:00,349935510.5526316
2023-04-09 00:00:00,347554996.87540287
2023-04-10 00:00:00,292803182.2991408
2023-04-11 00:00:00,366599106.2932332
2023-04-12 00:00:00,380882188.3566059
2023-04-13 00:00:00,338032942.16648775
2023-04-14 00:00:00,333271914.81203014
2023-04-15 00:00:00,376121161.0021483
2023-04-16 00:00:00,295183695.97636956
2023-04-17 00:00:00,368979619.9704619
2023-04-18 00:00:00,395165270.4199787
2023-04-19 00:00:00,330891401.13480145
2023-04-20 00:00:00,319313867.4340018
2023-04-21 00:00:00,351118490.9644334
2023-04-22 00:00:00,360804518.3013832
2023-04-23 00:00:00,355961504.6329083
2023-04-24 00:00:00,341432463.6274834
2023-04-25 00:00:00,302688354.2796839
2023-04-26 00:00:00,314795888.4508713
2023-04-27 00:00:00,314795888.4508713
2023-04-28 00:00:00,355961504.6329083
2023-04-29 00:00:00,331746436.2905336
2023-04-30 00:00:00,358383011.4671458
2023-05-01 00:00:00,440714243.83121973
2023-05-02 00:00:00,312374381.6166337
2023-05-03 00:00:00,341432463.6274834
2023-05-04 00:00:00,351888475.1483047
2023-05-05 00:00:00,283977798.47865146
2023-05-06 00:00:00,355568840.1119249
2023-05-07 00:00:00,331705159.5675005
2023-05-08 00:00:00,326932423.4586156
2023-05-09 00:00:00,360341576.2208098
2023-05-10 00:00:00,405682569.25521636
2023-05-11 00:00:00,360341576.2208098
2023-05-12 00:00:00,336477895.6763853
2023-05-13 00:00:00,346023367.89415514
2023-05-14 00:00:00,415228041.47298616
2023-05-15 00:00:00,350796104.00303996
2023-05-16 00:00:00,365114312.32969475
2023-05-17 00:00:00,381818888.7107919
2023-05-18 00:00:00,344768089.144806
2023-05-19 00:00:00,369469365.7613961
2023-05-20 00:00:00,322669912.76495266
2023-05-21 00:00:00,371932494.8664721
2023-05-22 00:00:00,354690591.1309403
2023-05-23 00:00:00,379321882.1817001
2023-05-24 00:00:00,347301203.81571233
2023-05-25 00:00:00,371932494.8664721
2023-05-26 00:00:00,376858753.07662404
2023-05-27 00:00:00,357153720.2360163
2023-05-28 00:00:00,394100656.8121559
2023-05-29 00:00:00,399026915.0223079
2023-05-30 00:00:00,379321882.1817001
2023-05-31 00:00:00,349729770.9452385
2023-06-01 00:00:00,336187209.4940784
2023-06-02 00:00:00,417687139.0684004
2023-06-03 00:00:00,331093463.8956832
2023-06-04 00:00:00,376937174.2812394
2023-06-05 00:00:00,351468446.2892638
2023-06-06 00:00:00,384577792.6788321
2023-06-07 00:00:00,343827827.89167106
2023-06-08 00:00:00,392218411.07642484
2023-06-09 00:00:00,430421503.0643882
2023-06-10 00:00:00,392218411.07642484
2023-06-11 00:00:00,415140266.2692028
2023-06-12 00:00:00,399859029.4740175
2023-06-13 00:00:00,374390301.4820418
2023-06-14 00:00:00,312388214.96659184
2023-06-15 00:00:00,385148460.1631553
2023-06-16 00:00:00,398160232.4659646
2023-06-17 00:00:00,364329624.47866035
2023-06-18 00:00:00,392955523.5448409
2023-06-19 00:00:00,369534333.3997841
2023-06-20 00:00:00,353920206.636413
2023-06-21 00:00:00,314884889.72798514
2023-06-22 00:00:00,356522561.09697485
2023-06-23 00:00:00,325294307.5702325
2023-06-24 00:00:00,379943751.2420316
2023-06-25 00:00:00,398160232.4659646
2023-06-26 00:00:00,379943751.2420316
2023-06-27 00:00:00,364329624.47866035
2023-06-28 00:00:00,280545974.4417444
2023-06-29 00:00:00,367574940.3012432
2023-06-30 00:00:00,397786579.2301125
2023-07-01 00:00:00,334845664.7949681
2023-07-02 00:00:00,430515854.7363876
2023-07-03 00:00:00,344916211.10459125
2023-07-04 00:00:00,357504393.99162006
2023-07-05 00:00:00,390233669.4978951
2023-07-06 00:00:00,349951484.25940275
2023-07-07 00:00:00,440586401.04601073
2023-07-08 00:00:00,448139310.7782279
2023-07-09 00:00:00,425480581.581576
2023-07-10 00:00:00,387716032.92048943
2023-07-11 00:00:00,339880937.9497796
2023-07-12 00:00:00,382989765.58074266
2023-07-13 00:00:00,321592673.51184636
2023-07-14 00:00:00,369831574.5386234
2023-07-15 00:00:00,369831574.5386234
2023-07-16 00:00:00,415390536.6194682
2023-07-17 00:00:00,364471696.6467593
2023-07-18 00:00:00,434150109.2409926
2023-07-19 00:00:00,396630963.9979439
2023-07-20 00:00:00,343032185.0793028
2023-07-21 00:00:00,300153161.94439
2023-07-22 00:00:00,359111818.75489503
2023-07-23 00:00:00,393951025.0520118
2023-07-24 00:00:00,401990841.889808
2023-07-25 00:00:00,369831574.5386234
2023-07-26 00:00:00,381190141.57452464
2023-07-27 00:00:00,358973121.2673339
2023-07-28 00:00:00,364175630.2712082
2023-07-29 00:00:00,343365594.25571066
2023-07-30 00:00:00,437010756.32545
2023-07-31 00:00:00,366776884.7731455
2023-08-01 00:00:00,361574375.76927114
2023-08-02 00:00:00,400593193.2983291
2023-08-03 00:00:00,392789429.79251754
2023-08-04 00:00:00,314751794.7344015
2023-08-05 00:00:00,400593193.2983291
2023-08-06 00:00:00,426605738.3177011
2023-08-07 00:00:00,379783157.2828315
2023-08-08 00:00:00,325156812.74215025
2023-08-09 00:00:00,421650114.697692
2023-08-10 00:00:00,330756213.4390739
2023-08-11 00:00:00,393261324.6401588
2023-08-12 00:00:00,434931398.7742153
2023-08-13 00:00:00,351591250.5061022
2023-08-14 00:00:00,445348917.3077294
2023-08-15 00:00:00,445348917.3077294
2023-08-16 00:00:00,424513880.24070114
2023-08-17 00:00:00,406283222.8070514
2023-08-18 00:00:00,362008769.0396163
2023-08-19 00:00:00,364613148.6729948
2023-08-20 00:00:00,421909500.6073226
2023-08-21 00:00:00,429722639.5074582
2023-08-22 00:00:00,380936887.22817194
2023-08-23 00:00:00,392623891.9211836
2023-08-24 00:00:00,384329020.9651023
2023-08-25 00:00:00,373269193.0236605
2023-08-26 00:00:00,378799106.9943814
2023-08-27 00:00:00,320735010.301812
2023-08-28 00:00:00,326264924.27253294
2023-08-29 00:00:00,436863203.68695074
2023-08-30 00:00:00,348384580.1554164
2023-08-31 00:00:00,398153805.89190453
2023-09-01 00:00:00,417508504.7894277
2023-09-02 00:00:00,420273461.77478814
2023-09-03 00:00:00,436863203.68695074
2023-09-04 00:00:00,411978590.8187068
2023-09-05 00:00:00,342854666.18469554
2023-09-06 00:00:00,364419397.2930779
2023-09-07 00:00:00,393005453.9397736
2023-09-08 00:00:00,358011817.6300677
2023-09-09 00:00:00,406464544.828122
2023-09-10 00:00:00,395697272.1174433
2023-09-11 00:00:00,427999090.2494795
2023-09-12 00:00:00,379546363.0514252
2023-09-13 00:00:00,395697272.1174433
2023-09-14 00:00:00,436074544.7824885
2023-09-15 00:00:00,506061817.40190023
2023-09-16 00:00:00,417231817.5388007
2023-09-17 00:00:00,401080908.4727827
2023-09-18 00:00:00,419923635.7164705
2023-09-19 00:00:00,385677556.7313763
2023-09-20 00:00:00,414558853.7494199
2023-09-21 00:00:00,391843300.11931473
2023-09-22 00:00:00,366288302.28544635
2023-09-23 00:00:00,442953295.78705144
2023-09-24 00:00:00,414558853.7494199
2023-09-25 00:00:00,411719409.5456568
2023-09-26 00:00:00,386164411.7117884
2023-09-27 00:00:00,445792739.99081457
2023-09-28 00:00:00,414558853.7494199
2023-09-29 00:00:00,417398297.95318305
2023-09-30 00:00:00,391843300.11931473
2023-10-01 00:00:00,400361632.7306042
2023-10-02 00:00:00,445792739.99081457
2023-10-03 00:00:00,466751379.41330886
2023-10-04 00:00:00,373280259.4846018
2023-10-05 00:00:00,401774935.7811363
2023-10-06 00:00:00,455914820.74455184
2023-10-07 00:00:00,487258964.67073977
2023-10-08 00:00:00,421721209.1887104
2023-10-09 00:00:00,444516950.225938
2023-10-10 00:00:00,461613756.0038587
2023-10-11 00:00:00,455914820.74455184
2023-10-12 00:00:00,470162158.89281905
2023-10-13 00:00:00,393226532.892176
2023-10-14 00:00:00,416022273.9294035
2023-10-15 00:00:00,475861094.15212595
2023-10-16 00:00:00,416156889.9191482
2023-10-17 00:00:00,491483968.444345
2023-10-18 00:00:00,439908490.27425945
2023-10-19 00:00:00,424739231.98894006
2023-10-20 00:00:00,406536122.04655695
2023-10-21 00:00:00,455077748.5595787
2023-10-22 00:00:00,464179303.53077024
2023-10-23 00:00:00,476314710.1590258
2023-10-24 00:00:00,382265308.79004604
2023-10-25 00:00:00,436874638.6171956
2023-10-26 00:00:00,455077748.5595787
2023-10-27 00:00:00,467213155.18783414
2023-10-28 00:00:00,485416265.1302173
2023-10-29 00:00:00,415637677.0177486
2023-10-30 00:00:00,482540025.495944
2023-10-31 00:00:00,481286782.8761844
2023-11-01 00:00:00,462656326.7648482
2023-11-02 00:00:00,447130946.6720681
2023-11-03 00:00:00,422290338.52361983
2023-11-04 00:00:00,521652771.1174128
2023-11-05 00:00:00,506127391.02463263
2023-11-06 00:00:00,394344654.35661566
2023-11-07 00:00:00,412975110.4679518
2023-11-08 00:00:00,462656326.7648482
2023-11-09 00:00:00,444025870.65351206
2023-11-10 00:00:00,478181706.85762835
2023-11-11 00:00:00,496812162.9689646
2023-11-12 00:00:00,506083624.1310116
2023-11-13 00:00:00,389037994.7160368
2023-11-14 00:00:00,443696225.37862045
2023-11-15 00:00:00,475848125.7683755
2023-11-16 00:00:00,475848125.7683755
2023-11-17 00:00:00,482278505.8463265
2023-11-18 00:00:00,479063315.80735093
2023-11-19 00:00:00,546582306.6258367
2023-11-20 00:00:00,533721546.46993476
2023-11-21 00:00:00,488708885.9242776
2023-11-22 00:00:00,456556985.5345224
2023-11-23 00:00:00,472632935.72940004
2023-11-24 00:00:00,540151926.5478858
2023-11-25 00:00:00,511215216.1971062
2023-11-26 00:00:00,492891191.48160595
2023-11-27 00:00:00,439166010.2949663
2023-11-28 00:00:00,496595411.64123106
2023-11-29 00:00:00,459435210.7701186
2023-11-30 00:00:00,452678810.6117344
2023-12-01 00:00:00,570915813.3834561
2023-12-02 00:00:00,429031410.0573902
2023-12-03 00:00:00,557403013.066688
2023-12-04 00:00:00,523621012.2747674
2023-12-05 00:00:00,466191610.9285027
2023-12-06 00:00:00,459435210.7701186
2023-12-07 00:00:00,388493009.1070856
2023-12-08 00:00:00,456057010.69092655
2023-12-09 00:00:00,530377412.4331516
2023-12-10 00:00:00,469318617.5512489
2023-12-11 00:00:00,528635575.20314026
2023-12-12 00:00:00,481794448.2864064
2023-12-13 00:00:00,498523422.18524003
2023-12-14 00:00:00,488486037.84593976
2023-12-15 00:00:00,545364549.1019738
2023-12-16 00:00:00,508560806.52454
2023-12-17 00:00:00,501869216.9650066
2023-12-18 00:00:00,562093523.0008074
2023-12-19 00:00:00,542018754.3222071
2023-12-20 00:00:00,485140243.06617314
2023-12-21 00:00:00,488486037.84593976
2023-12-22 00:00:00,562093523.0008074
2023-12-23 00:00:00,560327733.6667341
2023-12-24 00:00:00,612085087.5512694
2023-12-25 00:00:00,497542848.9451839
2023-12-26 00:00:00,497542848.9451839
2023-12-27 00:00:00,461748399.3807821
2023-12-28 00:00:00,433112839.72926086
2023-12-29 00:00:00,540496188.4224659
2023-12-30 00:00:00,519019518.6838249
2023-12-31 00:00:00,558393413.2046669
2024-01-01 00:00:00,554813968.2482265
2024-01-02 00:00:00,468907289.29366255
2024-01-03 00:00:00,565552303.117547
2024-01-04 00:00:00,608505642.5948291
2024-01-05 00:00:00,493963403.98874366
2024-01-06 00:00:00,509059003.5142141
2024-01-07 00:00:00,429363547.6531167
2024-01-08 00:00:00,447556918.3163843
2024-01-09 00:00:00,553078468.1633366
2024-01-10 00:00:00,483943659.64291966
2024-01-11 00:00:00,629490624.9490609
2024-01-12 00:00:00,611297254.2857933
2024-01-13 00:00:00,578549187.0919114
2024-01-14 00:00:00,465750288.9796519
2024-01-15 00:00:00,414808851.1225025
2024-01-16 00:00:00,454834266.5816914
2024-01-17 00:00:00,440279570.0510773
2024-01-18 00:00:00,516691726.83680135
2024-01-19 00:00:00,480304985.51026607
2024-01-20 00:00:00,513378340.1866717
2024-01-21 00:00:00,489551347.763542
2024-01-22 00:00:00,559487254.5869052
2024-01-23 00:00:00,538506482.5398962
2024-01-24 00:00:00,524519301.1752236
2024-01-25 00:00:00,632919956.7514365
2024-01-26 00:00:00,531512891.8575599
2024-01-27 00:00:00,597952003.3397549
2024-01-28 00:00:00,559487254.5869052
2024-01-29 00:00:00,545500073.2222326
2024-01-30 00:00:00,503538529.1282147
2024-01-31 00:00:00,458080189.69302857
2024-02-01 00:00:00,535009687.19872814
2024-02-02 00:00:00,676117474.0216229
2024-02-03 00:00:00,566738184.6284933
2024-02-04 00:00:00,581751116.6716322
2024-02-05 00:00:00,585504349.682417
2024-02-06 00:00:00,638049611.833403
2024-02-07 00:00:00,600517281.7255559
2024-02-08 00:00:00,517946155.488292
2024-02-09 00:00:00,623036679.7902641
2024-02-10 00:00:00,570491417.639278
2024-02-11 00:00:00,514192922.47750723
2024-02-12 00:00:00,671828708.9304657
2024-02-13 00:00:00,506686456.4559378
2024-02-14 00:00:00,521699388.49907666
2024-02-15 00:00:00,605343973.9976323
2024-02-16 00:00:00,544386616.4219546
2024-02-17 00:00:00,609388003.457412
2024-02-18 00:00:00,491572989.4556458
2024-02-19 00:00:00,552511789.8013868
2024-02-20 00:00:00,572824723.2499672
2024-02-21 00:00:00,560636963.180819
2024-02-22 00:00:00,548449203.1116709
2024-02-23 00:00:00,645951283.6648567
2024-02-24 00:00:00,556574376.491103
2024-02-25 00:00:00,666264217.113437
2024-02-26 00:00:00,540324029.7322387
2024-02-27 00:00:00,524073682.9733743
2024-02-28 00:00:00,605325416.7676959
2024-02-29 00:00:00,540324029.7322387
2024-03-01 00:00:00,608054004.3789
2024-03-02 00:00:00,500960510.12181586
2024-03-03 00:00:00,611408496.6053661
2024-03-04 00:00:00,508849652.01349825
2024-03-05 00:00:00,658743347.9554589
2024-03-06 00:00:00,552239932.41775
2024-03-07 00:00:00,710022770.2513928
2024-03-08 00:00:00,607463925.659525
2024-03-09 00:00:00,642965064.1720946
2024-03-10 00:00:00,564073645.2552733
2024-03-11 00:00:00,670577060.7929822
2024-03-12 00:00:00,556184503.3635911
2024-03-13 00:00:00,631131351.3345715
2024-03-14 00:00:00,579720256.0482558
2024-03-15 00:00:00,529980321.6844611
2024-03-16 00:00:00,600922569.4689952
2024-03-17 00:00:00,609268716.2671757
2024-03-18 00:00:00,600922569.4689952
2024-03-19 00:00:00,655172523.6571684
2024-03-20 00:00:00,621787936.4644464
2024-03-21 00:00:00,500768807.8908293
2024-03-22 00:00:00,563364908.877183
2024-03-23 00:00:00,650999450.2580782
2024-03-24 00:00:00,709422477.8453414
2024-03-25 00:00:00,550845688.6799122
2024-03-26 00:00:00,559191835.4780927
2024-03-27 00:00:00,567537982.2762733
2024-03-28 00:00:00,630675249.3060845
2024-03-29 00:00:00,595046224.9834774
2024-03-30 00:00:00,640501144.9474928
2024-03-31 00:00:00,566120366.8245583
2024-04-01 00:00:00,619839817.691122
2024-04-02 00:00:00,611575286.7885739
2024-04-03 00:00:00,586781694.0809289
2024-04-04 00:00:00,570252632.2758324
2024-04-05 00:00:00,611575286.7885739
2024-04-06 00:00:00,640501144.9474928
2024-04-07 00:00:00,702485126.7166051
2024-04-08 00:00:00,652897941.3013152
2024-04-09 00:00:00,603310755.8860255
2024-04-10 00:00:00,626404079.729565
2024-04-11 00:00:00,566860609.5352726
2024-04-12 00:00:00,584038203.763614
2024-04-13 00:00:00,704281363.3620051
2024-04-14 00:00:00,674220573.4624075
2024-04-15 00:00:00,605510196.549041
2024-04-16 00:00:00,708575761.9190906
2024-04-17 00:00:00,588332602.3206996
2024-04-18 00:00:00,622687790.7773827
2024-04-19 00:00:00,648454182.1198951
2024-04-20 00:00:00,558271812.4211017
2024-04-21 00:00:00,601215797.9919556
2024-04-22 00:00:00,652748580.6769805
2024-04-23 00:00:00,721458957.5903468
2024-04-24 00:00:00,671772263.1512126
2024-04-25 00:00:00,630674365.8262494
2024-04-26 00:00:00,578118168.6740619
2024-04-27 00:00:00,613155633.4421867
2024-04-28 00:00:00,613155633.4421867
2024-04-29 00:00:00,573738485.5780463
2024-04-30 00:00:00,617535316.5382024
2024-05-01 00:00:00,578118168.6740619
2024-05-02 00:00:00,635054048.9222649
2024-05-03 00:00:00,564979119.3860149
2024-05-04 00:00:00,617535316.5382024
2024-05-05 00:00:00,608775950.3461711
2024-05-06 00:00:00,534321337.7139056
2024-05-07 00:00:00,534321337.7139056
2024-05-08 00:00:00,556219753.1939834
2024-05-09 00:00:00,613867438.0566123
2024-05-10 00:00:00,599332437.5790136
2024-05-11 00:00:00,657199017.7590562
2024-05-12 00:00:00,545599184.5546882
2024-05-13 00:00:00,607599091.8904481
2024-05-14 00:00:00,562132493.1775575
2024-05-15 00:00:00,582799128.9561441
2024-05-16 00:00:00,586932456.1118613
2024-05-17 00:00:00,640665709.1361867
2024-05-18 00:00:00,529065875.9318188
2024-05-19 00:00:00,636532381.9804695
2024-05-20 00:00:00,644799036.2919042
2024-05-21 00:00:00,570399147.4889922
2024-05-22 00:00:00,632399054.8247522
2024-05-23 00:00:00,706194547.0096976
2024-05-24 00:00:00,671140034.7624127
2024-05-25 00:00:00,671140034.7624127
2024-05-26 00:00:00,704697036.5005332
2024-05-27 00:00:00,515938901.7236049
2024-05-28 00:00:00,562079779.1135205
2024-05-29 00:00:00,574663654.7653158
2024-05-30 00:00:00,515938901.7236049
2024-05-31 00:00:00,620804532.1552316
2024-06-01 00:00:00,591442155.634376
2024-06-02 00:00:00,587247530.4171109
2024-06-03 00:00:00,658556159.1106174
2024-06-04 00:00:00,562079779.1135205
2024-06-05 00:00:00,515938901.7236049
2024-06-06 00:00:00,554910858.050012
2024-06-07 00:00:00,590944002.9609013
2024-06-08 00:00:00,715791327.5301057
2024-06-09 00:00:00,636721355.302943
2024-06-10 00:00:00,578459270.5039809
2024-06-11 00:00:00,511874030.7337383
2024-06-12 00:00:00,607590312.9034619
2024-06-13 00:00:00,603428735.4178218
2024-06-14 00:00:00,532681918.1619392
2024-06-15 00:00:00,557651383.07578
2024-06-16 00:00:00,678337130.1593444
2024-06-17 00:00:00,582620847.9896209
2024-06-18 00:00:00,632559777.8173028
2024-06-19 00:00:00,570136115.5327007
2024-06-20 00:00:00,553323137.1046984
2024-06-21 00:00:00,582332779.002438
2024-06-22 00:00:00,632247017.2026471
2024-06-23 00:00:00,465866223.2019504
2024-06-24 00:00:00,632247017.2026471
2024-06-25 00:00:00,515780461.4021594
2024-06-26 00:00:00,503301901.8521072
2024-06-27 00:00:00,540737580.5022639
2024-06-28 00:00:00,561535179.7523509
2024-06-29 00:00:00,653044616.4527341
2024-06-30 00:00:00,503301901.8521072
2024-07-01 00:00:00,586492298.8524554
2024-07-02 00:00:00,615608937.8025774
2024-07-03 00:00:00,603130378.2525251
2024-07-04 00:00:00,582332779.002438
2024-07-05 00:00:00,481691507.2021622
2024-07-06 00:00:00,652035052.9717106
2024-07-07 00:00:00,557193590.72128
2024-07-08 00:00:00,628324687.409103
2024-07-09 00:00:00,608566049.4402633
2024-07-10 00:00:00,537434952.7524403
2024-07-11 00:00:00,553241863.127512
2024-07-12 00:00:00,592759139.0651915
2024-07-13 00:00:00,608566049.4402633
2024-07-14 00:00:00,659938508.1592464
2024-07-15 00:00:00,604614321.8464954
2024-07-16 00:00:00,580903956.2838876
2024-07-17 00:00:00,628324687.409103
2024-07-18 00:00:00,515102118.23597115
2024-07-19 00:00:00,599556361.5235602
2024-07-20 00:00:00,672971426.1999145
2024-07-21 00:00:00,689285885.0168821
2024-07-22 00:00:00,730072032.0593011
2024-07-23 00:00:00,689285885.0168821
2024-07-24 00:00:00,571006058.5938667
2024-07-25 00:00:00,664814196.7914306
2024-07-26 00:00:00,652578352.6787051
2024-07-27 00:00:00,628106664.4532535
2024-07-28 00:00:00,603634976.227802
2024-07-29 00:00:00,725993417.3550591
2024-07-30 00:00:00,611792205.6362859
2024-07-31 00:00:00,613215974.0238556
2024-08-01 00:00:00,630987879.9602102
2024-08-02 00:00:00,563382035.6787592
2024-08-03 00:00:00,608452598.53306
2024-08-04 00:00:00,644509048.8165007
2024-08-05 00:00:00,703100780.5270916
2024-08-06 00:00:00,630987879.9602102
2024-08-07 00:00:00,549860866.8224689
2024-08-08 00:00:00,581410260.8204794
2024-08-09 00:00:00,585917317.1059096
2024-08-10 00:00:00,581410260.8204794
2024-08-11 00:00:00,725636061.954242
2024-08-12 00:00:00,617466711.1039201
2024-08-13 00:00:00,671551386.529081
2024-08-14 00:00:00,594742777.8026003
2024-08-15 00:00:00,690944705.8016886
2024-08-16 00:00:00,613213426.3989986
2024-08-17 00:00:00,643442257.2778225
2024-08-18 00:00:00,673671088.1566465
2024-08-19 00:00:00,561392573.463872
2024-08-20 00:00:00,647760661.689083
2024-08-21 00:00:00,634805448.4553014
2024-08-22 00:00:00,690944705.8016886
2024-08-23 00:00:00,708218323.4467307
2024-08-24 00:00:00,660715874.9228647
2024-08-25 00:00:00,574347786.6976537
2024-08-26 00:00:00,578666191.1089141
2024-08-27 00:00:00,613213426.3989986
2024-08-28 00:00:00,703794017.3679069
2024-08-29 00:00:00,587091196.5963086
2024-08-30 00:00:00,631567802.399059
2024-08-31 00:00:00,653806105.3004345
2024-09-01 00:00:00,631567802.399059
2024-09-02 00:00:00,742759316.9059358
2024-09-03 00:00:00,662701426.4609846
2024-09-04 00:00:00,671596747.6215348
2024-09-05 00:00:00,689387389.9426349
2024-09-06 00:00:00,644910784.1398844
2024-09-07 00:00:00,702730371.68346
2024-09-08 00:00:00,742759316.9059358
2024-09-09 00:00:00,644910784.1398844
2024-09-10 00:00:00,609329499.4976839
2024-09-11 00:00:00,495458846.64224994
2024-09-12 00:00:00,700222814.5578787
2024-09-13 00:00:00,566627672.3067043
2024-09-14 00:00:00,640335336.9970075
2024-09-15 00:00:00,695616085.5147347
2024-09-16 00:00:00,575841130.3929921
2024-09-17 00:00:00,691009356.4715909
2024-09-18 00:00:00,635728607.9538636
2024-09-19 00:00:00,562020943.2635604
2024-09-20 00:00:00,667975711.255871
2024-09-21 00:00:00,621908420.8244318
2024-09-22 00:00:00,626515149.8675756
2024-09-23 00:00:00,672582440.299015
2024-09-24 00:00:00,667975711.255871
2024-09-25 00:00:00,657005311.2676694
2024-09-26 00:00:00,571298868.1801282
2024-09-27 00:00:00,602061114.928289
2024-09-28 00:00:00,566904261.5018196
2024-09-29 00:00:00,681164035.1378452
2024-09-30 00:00:00,602061114.928289
2024-10-01 00:00:00,689953248.4944626
2024-10-02 00:00:00,681164035.1378452
2024-10-03 00:00:00,694347855.1727712
2024-10-04 00:00:00,742688528.6341666
2024-10-05 00:00:00,663585608.4246106
2024-10-06 00:00:00,667980215.1029191
2024-10-07 00:00:00,681164035.1378452
2024-10-08 00:00:00,733899315.2775493
2024-10-09 00:00:00,574966972.3426994
2024-10-10 00:00:00,709250575.4670075
2024-10-11 00:00:00,640613423.0024583
2024-10-12 00:00:00,654340853.4953684
2024-10-13 00:00:00,631461802.673852
2024-10-14 00:00:00,636037612.8381552
2024-10-15 00:00:00,713826385.6313109
2024-10-16 00:00:00,645189233.1667618
2024-10-17 00:00:00,718402195.7956142
2024-10-18 00:00:00,622310182.3452455
2024-10-19 00:00:00,791615158.4244666
2024-10-20 00:00:00,791615158.4244666
2024-10-21 00:00:00,782463538.0958601
2024-10-22 00:00:00,638125714.2515116
2024-10-23 00:00:00,718143298.2753785
2024-10-24 00:00:00,699119634.7449049
2024-10-25 00:00:00,727655130.0406153
2024-10-26 00:00:00,694363718.8622864
2024-10-27 00:00:00,765702457.1015625
2024-10-28 00:00:00,798993868.2798914
2024-10-29 00:00:00,746678793.571089
2024-10-30 00:00:00,803749784.1625097
2024-10-31 00:00:00,751434709.4537071
2024-11-01 00:00:00,727655130.0406153
2024-11-02 00:00:00,670584139.4491944
2024-11-03 00:00:00,627780896.505629
2024-11-04 00:00:00,720519107.2542773
2024-11-05 00:00:00,702351988.6923242
2024-11-06 00:00:00,773092476.7620546
2024-11-07 00:00:00,788251152.776997
2024-11-08 00:00:00,717510664.7072663
2024-11-09 00:00:00,702351988.6923242
2024-11-10 00:00:00,747828016.7371509
2024-11-11 00:00:00,687193312.6773819
2024-11-12 00:00:00,737722232.7271894
2024-11-13 00:00:00,697299096.6873435
2024-11-14 00:00:00,641717284.6325549
2024-11-15 00:00:00,757933800.7471123
2024-11-16 00:00:00,793304044.7819778
2024-11-17 00:00:00,757933800.7471123
2024-11-18 00:00:00,789177471.4803329
2024-11-19 00:00:00,889845955.1158988
2024-11-20 00:00:00,747470602.2973549
2024-11-21 00:00:00,732216100.2096539
2024-11-22 00:00:00,727131266.1804202
2024-11-23 00:00:00,701707096.0342517
2024-11-24 00:00:00,681367759.9173166
2024-11-25 00:00:00,859336950.9404964
2024-11-26 00:00:00,706791930.0634853
2024-11-27 00:00:00,676282925.8880831
2024-11-28 00:00:00,722046432.1511863
2024-11-29 00:00:00,615264917.5372787
2024-11-30 00:00:00,833912780.7943279
2024-12-01 00:00:00,803403776.6189257
2024-12-02 00:00:00,649582756.2207783
2024-12-03 00:00:00,811042070.6273791
2024-12-04 00:00:00,759383340.0141702
2024-12-05 00:00:00,800710324.5047373
2024-12-06 00:00:00,702558736.3396405
2024-12-07 00:00:00,733553974.7075658
2024-12-08 00:00:00,754217466.9528493
2024-12-09 00:00:00,862700801.2405878
2024-12-10 00:00:00,795544451.4434165
2024-12-11 00:00:00,733553974.7075658
2024-12-12 00:00:00,764549213.0754911
2024-12-13 00:00:00,878198420.4245505
2024-12-14 00:00:00,821373816.7500207
2024-12-15 00:00:00,707724609.4009614
2024-12-16 00:00:00,796354777.917631
2024-12-17 00:00:00,733677850.1420219
2024-12-18 00:00:00,776835370.7386113
2024-12-19 00:00:00,782230060.8131851
2024-12-20 00:00:00,814598201.2606272
2024-12-21 00:00:00,782230060.8131851
2024-12-22 00:00:00,836176961.5589218
2024-12-23 00:00:00,749861920.3657429
2024-12-24 00:00:00,712099089.8437271
2024-12-25 00:00:00,814598201.2606272
2024-12-26 00:00:00,706704399.7691535
2024-12-27 00:00:00,852361031.782643
2024-12-28 00:00:00,771440680.6640378
2024-12-29 00:00:00,853049703.3260739
2024-12-30 00:00:00,867710155.9849901
2024-12-31 00:00:00,703991258.6293316
2025-01-01 00:00:00,764021520.9930731
2025-01-02 00:00:00,911368528.6131656
2025-01-03 00:00:00,774936114.1501169
2025-01-04 00:00:00,813137190.1997707
2025-01-05 00:00:00,851338266.2494245
2025-01-06 00:00:00,725820444.9434196
2025-01-07 00:00:00,731277741.5219413
2025-01-08 00:00:00,682162072.3152436
2025-01-09 00:00:00,829509079.9353366
2025-01-10 00:00:00,774936114.1501169
2025-01-11 00:00:00,753106927.8360293
2025-01-12 00:00:00,939753829.6056751
2025-01-13 00:00:00,702796044.3776932
2025-01-14 00:00:00,845551490.8919123
2025-01-15 00:00:00,763192579.4414012
2025-01-16 00:00:00,702796044.3776932
2025-01-17 00:00:00,823589114.5051093
2025-01-18 00:00:00,713777232.5710948
2025-01-19 00:00:00,823589114.5051093
2025-01-20 00:00:00,834570302.6985108
2025-01-21 00:00:00,730249014.861197
2025-01-22 00:00:00,823589114.5051093
2025-01-23 00:00:00,746720797.1512991
2025-01-24 00:00:00,768683173.5381019
2025-01-25 00:00:00,702796044.3776932
2025-01-26 00:00:00,752211391.2479999
2025-01-27 00:00:00,841602268.6110247
2025-01-28 00:00:00,795344639.2008113
2025-01-29 00:00:00,832962291.0549035
2025-01-30 00:00:00,779222788.4062003
2025-01-31 00:00:00,671743783.1087936
2025-02-01 00:00:00,988806848.7361435
2025-02-02 00:00:00,918945495.2928294
2025-02-03 00:00:00,822214390.5251629
2025-02-04 00:00:00,703987484.6980155
2025-02-05 00:00:00,773848838.1413299
2025-02-06 00:00:00,779222788.4062003
2025-02-07 00:00:00,929693395.8225701
2025-02-08 00:00:00,859832042.3792553
2025-02-09 00:00:00,795293751.4100475
2025-02-10 00:00:00,788864727.616627
2025-02-11 00:00:00,703735440.4637535
2025-02-12 00:00:00,754813012.7554775
2025-02-13 00:00:00,896695158.0102665
2025-02-14 00:00:00,862643443.1491172
2025-02-15 00:00:00,908045729.6306497
2025-02-16 00:00:00,856968157.3389257
2025-02-17 00:00:00,777514155.996244
2025-02-18 00:00:00,794540013.4268184
2025-02-19 00:00:00,715086012.0841366
2025-02-20 00:00:00,737787155.324903
2025-02-21 00:00:00,732111869.5147113
2025-02-22 00:00:00,788864727.616627
2025-02-23 00:00:00,728533880.978175
2025-02-24 00:00:00,714530229.8374169
2025-02-25 00:00:00,807968798.3546175
2025-02-26 00:00:00,862932662.1882651
2025-02-27 00:00:00,824457957.5047117
2025-02-28 00:00:00,857436275.8049003
2025-03-01 00:00:00,791479639.2045234
2025-03-02 00:00:00,692544684.3039575
2025-03-03 00:00:00,824457957.5047117
2025-03-04 00:00:00,802472411.9712528
2025-03-05 00:00:00,736515775.3708757
2025-03-06 00:00:00,934385685.1720064
2025-03-07 00:00:00,780486866.4377937
2025-03-08 00:00:00,753004934.5209701
2025-03-09 00:00:00,878012411.8108668
2025-03-10 00:00:00,858547242.188255
2025-03-11 00:00:00,769347528.7141508
2025-03-12 00:00:00,852972260.0961236
2025-03-13 00:00:00,886422152.6489124
2025-03-14 00:00:00,791647457.0826768
2025-03-15 00:00:00,735897636.1613616
2025-03-16 00:00:00,808372403.3590714
2025-03-17 00:00:00,780497492.8984137
2025-03-18 00:00:00,791647457.0826768
2025-03-19 00:00:00,847397278.0039921
2025-03-20 00:00:00,791647457.0826768
2025-03-21 00:00:00,808372403.3590714
2025-03-22 00:00:00,836247313.819729
2025-03-23 00:00:00,876571559.8921037
2025-03-24 00:00:00,870857131.0489082
2025-03-25 00:00:00,842582548.8719956
2025-03-26 00:00:00,859547298.1781431
2025-03-27 00:00:00,836927632.4366131
2025-03-28 00:00:00,870857131.0489082
2025-03-29 00:00:00,797343217.3889353
2025-03-30 00:00:00,774723551.6474054
2025-03-31 00:00:00,836927632.4366131
2025-04-01 00:00:00,763413718.7766403
2025-04-02 00:00:00,972645626.8857933
2025-04-03 00:00:00,859547298.1781431
2025-04-04 00:00:00,1017884958.3688537
2025-04-05 00:00:00,948981343.907835
2025-04-06 00:00:00,875826848.0097468
2025-04-07 00:00:00,875826848.0097468
2025-04-08 00:00:00,924148329.2792498
2025-04-09 00:00:00,791264255.7881161
2025-04-10 00:00:00,869786662.851059
2025-04-11 00:00:00,893947403.4858105
2025-04-12 00:00:00,869786662.851059
2025-04-13 00:00:00,1038911847.2943201
2025-04-14 00:00:00,899987588.6444983
2025-04-15 00:00:00,869786662.851059
2025-04-16 00:00:00,893947403.4858105
2025-04-17 00:00:00,924148329.2792498
2025-04-18 00:00:00,821465181.5815556
2025-04-19 00:00:00,847396221.1293446
2025-04-20 00:00:00,753499802.4397362
2025-04-21 00:00:00,771877846.401681
2025-04-22 00:00:00,949532271.367147
2025-04-23 00:00:00,698365670.5539016
2025-04-24 00:00:00,863768066.2114046
2025-04-25 00:00:00,882146110.1733494
2025-04-26 00:00:00,814759948.9795519
2025-04-27 00:00:00,827011978.2875152
2025-04-28 00:00:00,863768066.2114046
2025-04-29 00:00:00,894398139.4813126
2025-04-30 00:00:00,808633934.3255703
2025-05-01 00:00:00,827011978.2875152
2025-05-02 00:00:00,974036329.9830736
2025-05-03 00:00:00,999957994.4593519
2025-05-04 00:00:00,823060870.7158544
2025-05-05 00:00:00,1036227714.9300332
2025-05-06 00:00:00,817139569.4876828
2025-05-07 00:00:00,894116485.453914
2025-05-08 00:00:00,941486895.2792871
2025-05-09 00:00:00,828982171.944026
2025-05-10 00:00:00,888195184.2257423
2025-05-11 00:00:00,882273882.9975705
2025-05-12 00:00:00,858588678.0848842
2025-05-13 00:00:00,769769159.6623099
2025-05-14 00:00:00,852667376.8567126
2025-05-15 00:00:00,864509979.3130558
2025-05-16 00:00:00,805296967.0313396
2025-05-17 00:00:00,853317480.0820746
2025-05-18 00:00:00,979723251.2998109
2025-05-19 00:00:00,852722089.09428
2025-05-20 00:00:00,895055809.829457
2025-05-21 00:00:00,870865112.2664988
2025-05-22 00:00:00,907151158.610936
2025-05-23 00:00:00,937389530.5646338
2025-05-24 00:00:00,852722089.09428
2025-05-25 00:00:00,913198833.0016756
2025-05-26 00:00:00,925294181.7831548
2025-05-27 00:00:00,852722089.09428
2025-05-28 00:00:00,991818600.0812899
2025-05-29 00:00:00,961580228.1275918
2025-05-30 00:00:00,937389530.5646338
2025-05-31 00:00:00,1016284104.8877773
2025-06-01 00:00:00,839539043.1681639
2025-06-02 00:00:00,839539043.1681639
2025-06-03 00:00:00,908974603.1294405
2025-06-04 00:00:00,795352777.73826
2025-06-05 00:00:00,845851366.801007
2025-06-06 00:00:00,845851366.801007
2025-06-07 00:00:00,902662279.4965969
2025-06-08 00:00:00,965785515.8250304
2025-06-09 00:00:00,883725308.5980667
2025-06-10 00:00:00,1066782693.9505239
2025-06-11 00:00:00,890037632.2309102
2025-06-12 00:00:00,934223897.6608136
2025-06-13 00:00:00,915286926.7622839
2025-06-14 00:00:00,949216466.5546213
2025-06-15 00:00:00,854616743.0404905
2025-06-16 00:00:00,917456209.4405266
2025-06-17 00:00:00,741505703.5204258
2025-06-18 00:00:00,879752529.6005048
2025-06-19 00:00:00,798061223.2804582
2025-06-20 00:00:00,948875942.6405447
2025-06-21 00:00:00,886036476.2405084
2025-06-22 00:00:00,672382290.480386
2025-06-23 00:00:00,672382290.480386
2025-06-24 00:00:00,735221756.880422
2025-06-25 00:00:00,898604369.5205159
2025-06-26 00:00:00,986579622.4805663
2025-06-27 00:00:00,722653863.6004148
2025-06-28 00:00:00,911172262.800523
2025-06-29 00:00:00,995260121.1336331
2025-06-30 00:00:00,843035679.3574839
2025-07-01 00:00:00,779081248.5096745
2025-07-02 00:00:00,889547992.701345
2025-07-03 00:00:00,877919914.3653797
2025-07-04 00:00:00,924432227.709241
2025-07-05 00:00:00,912804149.3732755
2025-07-06 00:00:00,930246266.8772235
2025-07-07 00:00:00,877919914.3653797
2025-07-08 00:00:00,825593561.8535358
2025-07-09 00:00:00,953502423.549154
2025-07-10 00:00:00,994200697.7250328
2025-07-11 00:00:00,872105875.197397
2025-07-12 00:00:00,918141001.6128464
2025-07-13 00:00:00,859946006.057642
2025-07-14 00:00:00,910161831.228891
2025-07-15 00:00:00,1029424416.010608
2025-07-16 00:00:00,822284137.1792051
2025-07-17 00:00:00,853669027.9112357
2025-07-18 00:00:00,903884853.0824848
2025-07-19 00:00:00,891330896.7896729
2025-07-20 00:00:00,935269743.8145157
2025-07-21 00:00:00,941546721.960922
2025-07-22 00:00:00,941546721.960922
2025-07-23 00:00:00,878776940.4968604
2025-07-24 00:00:00,922715787.5217032
2025-07-25 00:00:00,1004316503.4249833
2025-07-26 00:00:00,970032969.1338755
2025-07-27 00:00:00,869131963.3112651
2025-07-28 00:00:00,919884194.7454995
2025-07-29 00:00:00,710531240.0792824
2025-07-30 00:00:00,869131963.3112651
2025-07-31 00:00:00,976980455.1090133
2025-08-01 00:00:00,957948368.3211753
2025-08-02 00:00:00,919884194.7454995
2025-08-03 00:00:00,983324484.0382924
2025-08-04 00:00:00,1084828946.9067616
2025-08-05 00:00:00,875475992.2405444
2025-08-06 00:00:00,913540165.8162203
2025-08-07 00:00:00,1021388657.6139685
2025-08-08 00:00:00,870485436.2761792
2025-08-09 00:00:00,746374213.3917352
2025-08-10 00:00:00,868625162.1369333
2025-08-11 00:00:00,945836287.6602162
2025-08-12 00:00:00,881493683.0574806
2025-08-13 00:00:00,1003744631.8026783
2025-08-14 00:00:00,1042350194.56432
2025-08-15 00:00:00,862190901.6766596
2025-08-16 00:00:00,978007589.9615842
2025-08-17 00:00:00,978007589.9615842
2025-08-18 00:00:00,990876110.8821313
2025-08-19 00:00:00,862190901.6766596
2025-08-20 00:00:00,907230724.8985746
2025-08-21 00:00:00,958704808.5807632
2025-08-22 00:00:00,939585701.641628
2025-08-23 00:00:00,980001769.6141683
2025-08-24 00:00:00,1057370330.3731811
2025-08-25 00:00:00,909080588.9184059
2025-08-26 00:00:00,967107009.4876657
2025-08-27 00:00:00,967107009.4876657
2025-08-28 00:00:00,1025133430.0569257
2025-08-29 00:00:00,1063817710.4364324
2025-08-30 00:00:00,1018686049.9936746
2025-08-31 00:00:00,851054168.3491462
2025-09-01 00:00:00,1038028190.1834283
2025-09-02 00:00:00,1050922950.3099302
2025-09-03 00:00:00,883291068.6654017
2025-09-04 00:00:00,902633208.8551546
2025-09-05 00:00:00,957592801.7399701
2025-09-06 00:00:00,946761026.3534616
2025-09-07 00:00:00,1041437128.988808
2025-09-08 00:00:00,1082012601.5468137
2025-09-09 00:00:00,1129350652.8644862
2025-09-10 00:00:00,1149638389.1434891
2025-09-11 00:00:00,1014386813.9501374
2025-09-12 00:00:00,811509451.1601102
2025-09-13 00:00:00,953523605.1131293
2025-09-14 00:00:00,1034674550.2291405
2025-09-15 00:00:00,1102300337.8258162
2025-09-16 00:00:00,1082012601.5468137
2025-09-17 00:00:00,865610081.2374508
2025-09-18 00:00:00,1087599379.1411881
2025-09-19 00:00:00,1188749380.7897809
2025-09-20 00:00:00,1082611043.2192645
2025-09-21 00:00:00,1146294045.7615743
2025-09-22 00:00:00,1061383375.7051616
2025-09-23 00:00:00,1018928040.676955
2025-09-24 00:00:00,1082611043.2192645
2025-09-25 00:00:00,997700373.1628518
2025-09-26 00:00:00,934017370.6205422
2025-09-27 00:00:00,1096762821.5620003
2025-09-28 00:00:00,1167521713.2756777
2025-09-29 00:00:00,990624483.9914839
2025-09-30 00:00:00,1139218156.5902066
2025-10-01 00:00:00,1076906913.283782
2025-10-02 00:00:00,1019764936.475331
2025-10-03 00:00:00,884796047.8241848
2025-10-04 00:00:00,1004768393.2918702
2025-10-05 00:00:00,1117242467.1678262
2025-10-06 00:00:00,922287405.7828363
2025-10-07 00:00:00,1034761479.6587919
2025-10-08 00:00:00,1109744195.5760958
2025-10-09 00:00:00,899792591.007645
2025-10-10 00:00:00,989771850.1084098
2025-10-11 00:00:00,1102245923.9843652
2025-10-12 00:00:00,1087249380.8009045
2025-10-13 00:00:00,1139737281.943017
2025-10-14 00:00:00,1267207899.0024335
2025-10-15 00:00:00,1079751109.2091742
2025-10-16 00:00:00,1124278123.987008
2025-10-17 00:00:00,1159633832.2093213
2025-10-18 00:00:00,1203393599.4625034
2025-10-19 00:00:00,1013767941.3653816
2025-10-20 00:00:00,1086700886.7873514
2025-10-21 00:00:00,1093994181.3295484
2025-10-22 00:00:00,1115874064.956139
2025-10-23 00:00:00,1035647824.9919723
2025-10-24 00:00:00,1305499723.053261
2025-10-25 00:00:00,1166927126.751518
2025-10-26 00:00:00,1072114297.7029574
2025-10-27 00:00:00,1072114297.7029574
2025-10-28 00:00:00,1181513715.835912
2025-10-29 00:00:00,929747081.6588961
2025-10-30 00:00:00,1240553837.6668227
2025-10-31 00:00:00,1085484607.9584696
2025-11-01 00:00:00,1069977684.9876347
2025-11-02 00:00:00,1201786530.2397344
2025-11-03 00:00:00,1100991530.929305
2025-11-04 00:00:00,1015703454.5897113
2025-11-05 00:00:00,1069977684.9876347
2025-11-06 00:00:00,1085484607.9584696
2025-11-07 00:00:00,1100991530.929305
2025-11-08 00:00:00,930415378.2501172
2025-11-09 00:00:00,1093238069.4438875
2025-11-10 00:00:00,1085484607.9584696
2025-11-11 00:00:00,1186279607.2688992
2025-11-12 00:00:00,1086613750.3494294
2025-11-16 00:00:00,1203542966.8475492
2025-11-17 00:00:00,938612125.0886546
2025-11-18 00:00:00,1006737198.683799
2025-11-19 00:00:00,1037015009.1705301
2025-11-20 00:00:00,991598293.4404337
2025-11-21 00:00:00,1142987345.8740876
2025-11-22 00:00:00,1082431724.900626
2025-11-23 00:00:00,1074862272.2789433
2025-11-24 00:00:00,1082431724.900626
2025-11-25 00:00:00,870487051.4935104
2025-11-26 00:00:00,1241390229.9559624
2025-11-27 00:00:00,1061465507.6302311
2025-11-28 00:00:00,1113270480.6428328
2025-11-29 00:00:00,1016787038.987121
2025-11-30 00:00:00,1239441135.1156871
2025-12-01 00:00:00,987099826.1699785
2025-12-02 00:00:00,942569006.9442655
2025-12-03 00:00:00,979678022.9656931
2025-12-04 00:00:00,979678022.9656931
2025-12-05 00:00:00,883194581.309981
2025-12-06 00:00:00,1209753922.2985451
2025-12-07 00:00:00,1187488512.6856885
2025-12-08 00:00:00,1098426874.2342618
2025-12-09 00:00:00,957412613.3528363
2025-12-10 00:00:00,1150379496.6642606
2025-12-11 00:00:00,1179902024.3226545
2025-12-12 00:00:00,1068190154.3848839
2025-12-13 00:00:00,1053456497.083023
2025-12-14 00:00:00,942954067.3190697
2025-12-15 00:00:00,987155039.2246507
2025-12-16 00:00:00,1082923811.686744
2025-12-17 00:00:00,1016622353.8283721
2025-12-18 00:00:00,1060823325.7339536
2025-12-19 00:00:00,1068190154.3848839
2025-12-20 00:00:00,1082923811.686744
2025-12-21 00:00:00,1016622353.8283721
2025-12-22 00:00:00,1023989182.4793022
2025-12-23 00:00:00,1068190154.3848839
2025-12-24 00:00:00,1171325755.4979067
2025-12-25 00:00:00,1016973817.768314
2025-12-26 00:00:00,1149714808.6043208
2025-12-27 00:00:00,1002315474.1678696
2025-12-28 00:00:00,1142344841.882498
2025-12-29 00:00:00,1134974875.1606758
2025-12-30 00:00:00,877026039.8968855
2025-12-31 00:00:00,980205574.0024016
2026-01-01 00:00:00,1112864974.9952078
2026-01-02 00:00:00,1061275207.9424502
2026-01-03 00:00:00,1142344841.882498
2026-01-04 00:00:00,1068645174.6642727
2026-01-05 00:00:00,972835607.2805791
2026-01-06 00:00:00,958095673.8369341
2026-01-07 00:00:00,1083385108.1079175
2026-01-08 00:00:00,965289669.1289088
2026-01-09 00:00:00,1033929118.9983668
2026-01-10 00:00:00,1179552938.5756013
2026-01-11 00:00:00,888305299.4211321
2026-01-12 00:00:00,1033929118.9983668
2026-01-13 00:00:00,982960782.146335
2026-01-14 00:00:00,902867681.3788556
2026-01-15 00:00:00,1012085546.0617816
2026-01-16 00:00:00,946554827.2520258
2026-01-17 00:00:00,1084897455.850399
2026-01-18 00:00:00,1019366737.0406432
2026-01-19 00:00:00,1092178646.8292608
2026-01-20 00:00:00,968398400.1886113
2026-01-21 00:00:00,997523164.104058
2026-01-22 00:00:00,1163912656.954194
2026-01-23 00:00:00,985930374.4704596
2026-01-24 00:00:00,690151262.1293219
2026-01-25 00:00:00,760574860.3057833
2026-01-26 00:00:00,873252617.3881215
2026-01-27 00:00:00,859167897.7528292
2026-01-28 00:00:00,774659579.9410756
2026-01-29 00:00:00,901422056.6587061
2026-01-30 00:00:00,922549136.1116446
2026-01-31 00:00:00,971845654.8351676
2026-02-01 00:00:00,838040818.299891
2026-02-02 00:00:00,830998458.4822448
2026-02-03 00:00:00,929591495.9292907
2026-02-04 00:00:00,1000015094.105752
2026-02-05 00:00:00,894379696.8410602
2026-02-06 00:00:00,1021142173.5586905
2026-02-07 00:00:00,1116396723.6283798
2026-02-08 00:00:00,1063649660.9826868
2026-02-09 00:00:00,1019852322.0010467
2026-02-10 00:00:00,900973830.4794525
2026-02-11 00:00:00,982311745.7310699
2026-02-12 00:00:00,1107446999.964327
2026-02-13 00:00:00,944771169.4610924
2026-02-14 00:00:00,1038622610.1360354
2026-02-15 00:00:00,1232582254.1975844
2026-02-16 00:00:00,1094933474.5410013
2026-02-17 00:00:00,1032365847.4243727
2026-02-18 00:00:00,957284694.8844184
2026-02-19 00:00:00,1020622252.4872998
2026-02-20 00:00:00,983397435.8766681
2026-02-21 00:00:00,854191933.352726
2026-02-22 00:00:00,1177205689.6625803
2026-02-23 00:00:00,1062356354.0857433
2026-02-24 00:00:00,1184383773.1361327
2026-02-25 00:00:00,1119781021.874162
2026-02-26 00:00:00,1004931686.2973247
2026-02-27 00:00:00,1012109769.7708769
2026-02-28 00:00:00,1026465936.7179816
2026-03-01 00:00:00,1069534437.5592955
2026-03-02 00:00:00,976219352.4031156
2026-03-03 00:00:00,961863185.4560106
2026-03-04 00:00:00,933150851.5618018
2026-03-05 00:00:00,1192841923.7049837
2026-03-06 00:00:00,1052672432.0364789
2026-03-07 00:00:00,951731239.9233917
2026-03-08 00:00:00,966151410.2252611
2026-03-09 00:00:00,994991750.8290006
2026-03-10 00:00:00,994991750.8290006
2026-03-11 00:00:00,1002201835.9799352
2026-03-12 00:00:00,930100984.4705875
2026-03-13 00:00:00,872420303.2631093
2026-03-14 00:00:00,922890899.3196526
2026-03-15 00:00:00,901260643.8668482
2026-03-16 00:00:00,901260643.8668482
2026-03-17 00:00:00,915680814.1687176
2026-03-18 00:00:00,1002201835.9799352
2026-03-19 00:00:00,966151410.2252611
2026-03-20 00:00:00,958881917.8174205
2026-03-21 00:00:00,917823292.9611512
2026-03-22 00:00:00,1077444735.2152646
2026-03-23 00:00:00,1064142948.360755
2026-03-24 00:00:00,831361678.4068401
2026-03-25 00:00:00,1017586694.3699718
2026-03-26 00:00:00,1097397415.4970288
2026-03-27 00:00:00,1010935800.9427172
2026-03-28 00:00:00,1157255456.3423212
2026-03-29 00:00:00,957728653.5246795
2026-03-30 00:00:00,904521506.1066417
2026-03-31 00:00:00,904521506.1066417
2026-04-01 00:00:00,1077444735.2152646
2026-04-02 00:00:00,964379546.9519341
2026-04-03 00:00:00,898750099.8899364
2026-04-04 00:00:00,828969681.6295495
2026-04-05 00:00:00,1098384828.1591525
2026-04-06 00:00:00,884234327.0715194
2026-04-07 00:00:00,953315133.8739818
2026-04-08 00:00:00,1022395940.676444
2026-04-09 00:00:00,994763617.9554594
2026-04-10 00:00:00,863510085.0307804
2026-04-11 00:00:00,849693923.6702881
2026-04-12 00:00:00,1070752505.4381678
2026-04-13 00:00:00,1022395940.676444
2026-04-14 00:00:00,1132925231.560384
2026-04-15 00:00:00,863510085.0307804
2026-04-16 00:00:00,1050028263.3974293
2026-04-17 00:00:00,968172577.6598405
2026-04-18 00:00:00,1031290054.5634866
2026-04-19 00:00:00,1064992343.9283061
2026-04-20 00:00:00,876259523.4853154
2026-04-21 00:00:00,909961812.8501353
2026-04-22 00:00:00,882999981.3582796
2026-04-23 00:00:00,815595402.6286399
2026-04-24 00:00:00,1004328223.0716305
2026-04-25 00:00:00,943664102.2149547
2026-04-26 00:00:00,1004328223.0716305
2026-04-27 00:00:00,930183186.4690272
2026-04-28 00:00:00,936923644.3419911
2026-04-29 00:00:00,856038149.8664234
2026-04-30 00:00:00,943664102.2149547
2026-05-01 00:00:00,1064992343.9283061
2026-05-02 00:00:00,897607937.210035
2026-05-03 00:00:00,1000953347.145923
2026-05-04 00:00:00,981197688.9785694
2026-05-05 00:00:00,987782908.3676875
2026-05-06 00:00:00,928515933.8656261
2026-05-07 00:00:00,935101153.2547442
2026-05-08 00:00:00,968027250.2003335
2026-05-09 00:00:00,1126072515.5391636
2026-05-10 00:00:00,987782908.3676875
2026-05-11 00:00:00,1086561199.204456
2026-05-12 00:00:00,882419398.1418005
2026-05-13 00:00:00,915345495.0873903
2026-05-14 00:00:00,994368127.7568054
2026-05-15 00:00:00,963695673.6867331
2026-05-16 00:00:00,1025406923.151223
2026-05-17 00:00:00,950708405.5706699
2026-05-18 00:00:00,950708405.5706699
2026-05-19 00:00:00,964289954.2216796
2026-05-20 00:00:00,1032197697.4767272
2026-05-21 00:00:00,862428339.3391081
2026-05-22 00:00:00,1059360794.7787467
2026-05-23 00:00:00,1113686989.3827848
2026-05-24 00:00:00,889591436.6411269
2026-05-25 00:00:00,1120477763.7082896
2026-05-26 00:00:00,943917631.2451651
2026-05-27 00:00:00,950708405.5706699
2026-05-28 00:00:00,1100105440.7317753
2026-05-29 00:00:00,959580184.8628848
2026-05-30 00:00:00,980866173.425555
2026-05-31 00:00:00,994681189.9526752
2026-06-01 00:00:00,932513615.5806334
2026-06-02 00:00:00,759825908.9916271
2026-06-03 00:00:00,746010892.4645066
2026-06-04 00:00:00,980866173.425555
2026-06-05 00:00:00,932513615.5806334
2026-06-06 00:00:00,842716008.1543498
2026-06-07 00:00:00,808178466.8365489
2026-06-08 00:00:00,877253549.4721516
2026-06-09 00:00:00,856531024.6814705
2026-06-10 00:00:00,870346041.2085911
2026-06-11 00:00:00,932513615.5806334
2026-06-12 00:00:00,1015403714.743356
2026-06-13 00:00:00,856531024.6814705
2026-06-14 00:00:00,908119306.0165769
2026-06-15 00:00:00,931566968.2181835
2026-06-16 00:00:00,1006092325.6756383
2026-06-17 00:00:00,819778932.0320016
2026-06-18 00:00:00,1024723665.040002
2026-06-19 00:00:00,937777414.6729716
2026-06-20 00:00:00,962619200.4921229
2026-06-21 00:00:00,832199824.9415773
2026-06-22 00:00:00,968829646.9469111
2026-06-23 00:00:00,1074407236.6783051
2026-06-24 00:00:00,962619200.4921229
2026-06-25 00:00:00,1055775897.3139414
2026-06-26 00:00:00,962619200.4921229
2026-06-27 00:00:00,1111771053.6412394
2026-06-28 00:00:00,858457140.405019
2026-06-29 00:00:00,831838314.3459485
2026-06-30 00:00:00,991551270.7003708
2026-07-01 00:00:00,951623031.6117651
2026-07-02 00:00:00,871766553.4345543
2026-07-03 00:00:00,1004860683.7299057
2026-07-04 00:00:00,1024824803.2742088
2026-07-05 00:00:00,851802433.8902514
2026-07-06 00:00:00,771945955.7130404
2026-07-07 00:00:00,925004205.552695
2026-07-08 00:00:00,891730672.9788568
2026-07-09 00:00:00,831838314.3459485
2026-07-10 00:00:00,865111846.9197867
2026-07-11 00:00:00,914680379.41803
2026-07-12 00:00:00,910321900.5977656
2026-07-13 00:00:00,929286940.1935524
2026-07-14 00:00:00,979860379.1156503
2026-07-15 00:00:00,878713501.2714542
2026-07-16 00:00:00,764923263.6967337
2026-07-17 00:00:00,802853342.8883076
2026-07-18 00:00:00,1049398857.6335355
2026-07-19 00:00:00,1043077177.7682731
2026-07-20 00:00:00,922965260.3282901
2026-07-21 00:00:00,872391821.4061922
2026-07-22 00:00:00,726993184.5051601
2026-07-23 00:00:00,834461742.2146184
2026-07-24 00:00:00,973538699.2503883
2026-07-25 00:00:00,872298466.1852326
2026-07-26 00:00:00,916150329.1982554
2026-07-27 00:00:00,865950311.159995
2026-07-28 00:00:00,796925286.3573867
2026-07-29 00:00:00,897325322.4339077
2026-07-30 00:00:00,960075344.9817333
2026-07-31 00:00:00,985175354.0008637
2026-08-01 00:00:00,1029100369.7843416
2026-08-02 00:00:00,903600324.6886903
2026-08-03 00:00:00,941250338.2173856
2026-08-04 00:00:00,884775317.9243425
