ts,open,high,low,close,volume
2017-08-16 00:00:00,0.07070000,0.07070000,0.07070000,0.07070000,0.02000000
2017-08-17 00:00:00,0.07056000,0.07199966,0.06809825,0.07027538,6279.11142790
2017-08-18 00:00:00,0.07027587,0.07299991,0.06931342,0.07134000,5891.00629792
2017-08-19 00:00:00,0.07134000,0.07339993,0.07025000,0.07050005,7037.93060173
2017-08-20 00:00:00,0.07040000,0.07350000,0.07040000,0.07350000,5244.47027689
2017-08-21 00:00:00,0.07312201,0.08830016,0.07150005,0.08049106,14119.69072449
2017-08-22 00:00:00,0.08049142,0.08499000,0.07060000,0.07651632,8168.40237234
2017-08-23 00:00:00,0.07700000,0.07930000,0.07070001,0.07638896,4406.25572151
2017-08-24 00:00:00,0.07681652,0.07887746,0.07400002,0.07522067,3129.58193461
2017-08-25 00:00:00,0.07522653,0.07769988,0.07400000,0.07587844,2480.86194996
2017-08-26 00:00:00,0.07542578,0.07830000,0.07523993,0.07669000,5279.22739193
2017-08-27 00:00:00,0.07669000,0.08050741,0.07640000,0.08050741,3373.19300194
2017-08-28 00:00:00,0.08081944,0.08150001,0.07848454,0.07953000,5227.91720500
2017-08-29 00:00:00,0.07912371,0.08438810,0.07900000,0.08134134,4616.69514909
2017-08-30 00:00:00,0.08110049,0.08498985,0.08008264,0.08340046,5543.38943544
2017-08-31 00:00:00,0.08349837,0.08398059,0.08151000,0.08205000,3251.76280664
2017-09-01 00:00:00,0.08175534,0.08350000,0.07925000,0.07940005,6301.77143548
2017-09-02 00:00:00,0.07940000,0.07982459,0.07300015,0.07632120,8470.23888789
2017-09-03 00:00:00,0.07643674,0.07861389,0.07500000,0.07630889,4610.54626612
2017-09-04 00:00:00,0.07630890,0.07630890,0.06664246,0.07049438,13813.59304700
2017-09-05 00:00:00,0.07071723,0.07298981,0.06747055,0.07249956,11840.29051762
2017-09-06 00:00:00,0.07219000,0.07422982,0.07198289,0.07339767,5623.24124329
2017-09-07 00:00:00,0.07359000,0.07369999,0.07128019,0.07235350,3996.64070859
2017-09-08 00:00:00,0.07259636,0.07274996,0.06903840,0.07084001,8587.23178512
2017-09-09 00:00:00,0.07090993,0.07108328,0.06944051,0.07046984,3339.91559408
2017-09-10 00:00:00,0.07013253,0.07119521,0.06856126,0.07064992,5018.27961050
2017-09-11 00:00:00,0.07058949,0.07135309,0.06960006,0.07076070,6313.05658322
2017-09-12 00:00:00,0.07092999,0.07250935,0.06991001,0.07061089,5916.44261087
2017-09-13 00:00:00,0.07051003,0.07157284,0.06773765,0.07121002,6813.36829057
2017-09-14 00:00:00,0.07140000,0.07165889,0.06728574,0.06895100,16863.78354499
2017-09-15 00:00:00,0.06878772,0.07145854,0.06684886,0.06969998,26055.79587615
2017-09-16 00:00:00,0.06976280,0.07028436,0.06814458,0.06871600,13578.33714031
2017-09-17 00:00:00,0.06880987,0.07040996,0.06825800,0.07009678,8615.69709016
2017-09-18 00:00:00,0.07009660,0.07577739,0.06982003,0.07269000,14359.51037796
2017-09-19 00:00:00,0.07261524,0.07318943,0.07160000,0.07261591,6890.67510630
2017-09-20 00:00:00,0.07266494,0.07338997,0.07202900,0.07321012,4021.37174395
2017-09-21 00:00:00,0.07331000,0.07380000,0.07000000,0.07138000,8749.12563686
2017-09-22 00:00:00,0.07140000,0.07299999,0.07124506,0.07299999,5536.70117272
2017-09-23 00:00:00,0.07283218,0.07600000,0.07200000,0.07555002,7979.96903645
2017-09-24 00:00:00,0.07557200,0.07810015,0.07554021,0.07714999,6457.95979563
2017-09-25 00:00:00,0.07700000,0.07722000,0.07470001,0.07529387,5415.29495735
2017-09-26 00:00:00,0.07511800,0.07530288,0.07357500,0.07441000,9490.33312182
2017-09-27 00:00:00,0.07441000,0.07450384,0.07224898,0.07373600,10520.57006656
2017-09-28 00:00:00,0.07359300,0.07386700,0.07123450,0.07243396,5924.74817672
2017-09-29 00:00:00,0.07230000,0.07241599,0.06931023,0.07023900,6702.58242408
2017-09-30 00:00:00,0.07019500,0.07082300,0.06944800,0.06954731,3524.55540731
2017-10-01 00:00:00,0.06951081,0.07019998,0.06889999,0.06903300,2232.78005743
2017-10-02 00:00:00,0.06903700,0.06906348,0.06660001,0.06752895,4740.09628402
2017-10-03 00:00:00,0.06752874,0.06940940,0.06712500,0.06772400,3362.92590565
2017-10-04 00:00:00,0.06772400,0.06991001,0.06764000,0.06951944,2596.51058348
2017-10-05 00:00:00,0.06927000,0.06991012,0.06776523,0.06850998,3268.68660588
2017-10-06 00:00:00,0.06828006,0.07089816,0.06780109,0.07070000,2487.32360676
2017-10-07 00:00:00,0.07060193,0.07223999,0.07005618,0.07013003,2214.33650717
2017-10-08 00:00:00,0.07018072,0.07046964,0.06633131,0.06726996,3105.00026359
2017-10-09 00:00:00,0.06725301,0.06760861,0.05815000,0.06205996,10099.19943238
2017-10-10 00:00:00,0.06247631,0.06366464,0.06030219,0.06265021,6293.42624591
2017-10-11 00:00:00,0.06284181,0.06366316,0.06161070,0.06300275,2449.17488281
2017-10-12 00:00:00,0.06279000,0.06357794,0.05564900,0.05573598,5474.41912318
2017-10-13 00:00:00,0.05570300,0.06200000,0.05100000,0.05995457,10905.79121778
2017-10-14 00:00:00,0.05989469,0.06193995,0.05700000,0.05813500,3539.22096052
2017-10-15 00:00:00,0.05798306,0.06057738,0.05744006,0.05924739,6790.21076570
2017-10-16 00:00:00,0.05930000,0.06212289,0.05785600,0.05795000,6357.55000622
2017-10-17 00:00:00,0.05795000,0.05867966,0.05580000,0.05652598,5098.62632034
2017-10-18 00:00:00,0.05642000,0.05763959,0.05550000,0.05621001,9314.39223826
2017-10-19 00:00:00,0.05621001,0.05645519,0.05352191,0.05400000,3597.61393477
2017-10-20 00:00:00,0.05394998,0.05440020,0.04969946,0.05050004,8688.92931513
2017-10-21 00:00:00,0.05054992,0.05100000,0.04690000,0.04988961,12106.75308089
2017-10-22 00:00:00,0.04976000,0.05144995,0.04896001,0.04921000,5501.14568991
2017-10-23 00:00:00,0.04905004,0.05010000,0.04721630,0.04827999,24302.05042769
2017-10-24 00:00:00,0.04820000,0.05599000,0.04820000,0.05399993,14782.64034441
2017-10-25 00:00:00,0.05388997,0.05431000,0.05150006,0.05150006,2622.85929608
2017-10-26 00:00:00,0.05180999,0.05223486,0.04941843,0.05018000,4659.00971822
2017-10-27 00:00:00,0.05018000,0.05187000,0.04963009,0.05152000,2897.58899244
2017-10-28 00:00:00,0.05124133,0.05195001,0.05054428,0.05140000,2425.53960285
2017-10-29 00:00:00,0.05140000,0.05422814,0.04867046,0.04928000,11532.46608132
2017-10-30 00:00:00,0.04950000,0.05069000,0.04940000,0.05015126,2016.69749413
2017-10-31 00:00:00,0.05006999,0.05063000,0.04696000,0.04711000,7343.06049991
2017-11-01 00:00:00,0.04717988,0.04769000,0.04279000,0.04300000,7058.52129852
2017-11-02 00:00:00,0.04288998,0.04328000,0.03777700,0.04030000,19953.60016036
2017-11-03 00:00:00,0.04069880,0.04359036,0.03930000,0.04225001,8278.17779917
2017-11-04 00:00:00,0.04281498,0.04317628,0.03970000,0.04061001,5466.28045337
2017-11-05 00:00:00,0.04074000,0.04103999,0.03879300,0.04001280,7653.55685118
2017-11-06 00:00:00,0.04007001,0.04396721,0.03986000,0.04260000,11924.06368934
2017-11-07 00:00:00,0.04283423,0.04283423,0.04055782,0.04100998,7019.11514048
2017-11-08 00:00:00,0.04114224,0.04449999,0.03777700,0.04138000,20337.82994151
2017-11-09 00:00:00,0.04131000,0.04649998,0.04131000,0.04494000,20008.48140370
2017-11-10 00:00:00,0.04479999,0.04691614,0.04365001,0.04544900,18982.34857198
2017-11-11 00:00:00,0.04544900,0.05146000,0.04425470,0.04972987,18014.50929112
2017-11-12 00:00:00,0.04977000,0.05451386,0.04625002,0.05214000,35774.63425370
2017-11-13 00:00:00,0.05200000,0.05424000,0.04517233,0.04807000,26850.24044256
2017-11-14 00:00:00,0.04840967,0.05299999,0.04726011,0.05096991,14280.69641907
2017-11-15 00:00:00,0.05091000,0.05091959,0.04500000,0.04557998,17124.28268549
2017-11-16 00:00:00,0.04542003,0.04642460,0.04100000,0.04213000,13843.44037979
2017-11-17 00:00:00,0.04213959,0.04380765,0.04101044,0.04313998,11548.17412954
2017-11-18 00:00:00,0.04315998,0.04485989,0.04238506,0.04458001,8668.77683381
2017-11-19 00:00:00,0.04459000,0.04865992,0.04300934,0.04419995,16604.60859292
2017-11-20 00:00:00,0.04418999,0.04654001,0.04354021,0.04469000,11672.51304673
2017-11-21 00:00:00,0.04469000,0.04660000,0.04398520,0.04447000,14562.30378969
2017-11-22 00:00:00,0.04444061,0.04732929,0.04417436,0.04629001,9857.87169187
2017-11-23 00:00:00,0.04629001,0.05240999,0.04581971,0.05081001,29678.33441580
2017-11-24 00:00:00,0.05082001,0.05847952,0.04186001,0.05731000,41623.89546906
2017-11-25 00:00:00,0.05766251,0.05930000,0.04737653,0.05307306,27073.93398531
2017-11-26 00:00:00,0.05277004,0.05302261,0.04410000,0.05034091,23276.64070093
2017-11-27 00:00:00,0.05061085,0.05089999,0.04846000,0.04880000,16540.27658938
2017-11-28 00:00:00,0.04892999,0.04939000,0.04629223,0.04702003,13317.09497991
2017-11-29 00:00:00,0.04704434,0.04770998,0.04199997,0.04300000,32264.87391254
2017-11-30 00:00:00,0.04307040,0.04470600,0.04210600,0.04382999,22375.79357570
2017-12-01 00:00:00,0.04379000,0.04459052,0.04230002,0.04240998,13353.22959193
2017-12-02 00:00:00,0.04240985,0.04276993,0.04140350,0.04193999,8955.43600181
2017-12-03 00:00:00,0.04199996,0.04219000,0.04043042,0.04121987,8835.00029543
2017-12-04 00:00:00,0.04121000,0.04127000,0.04000000,0.04030999,9840.36924651
2017-12-05 00:00:00,0.04026501,0.04039996,0.03860000,0.03886000,9713.52802622
2017-12-06 00:00:00,0.03889003,0.03900983,0.02938687,0.03054001,26333.55190040
2017-12-07 00:00:00,0.03048001,0.03391056,0.02475000,0.02497316,42066.68513983
2017-12-08 00:00:00,0.02479012,0.03254268,0.02337000,0.02780000,49970.31636416
2017-12-09 00:00:00,0.02782000,0.03499997,0.02744002,0.03137000,41766.30644416
2017-12-10 00:00:00,0.03147956,0.03299999,0.02783000,0.02874079,33277.44996313
2017-12-11 00:00:00,0.02868010,0.03100000,0.02662534,0.03058000,36199.08235397
2017-12-12 00:00:00,0.03059000,0.03849800,0.02900002,0.03718000,67305.89650444
2017-12-13 00:00:00,0.03771584,0.04433000,0.03602600,0.04284000,60032.40760942
2017-12-14 00:00:00,0.04280000,0.04582600,0.03964970,0.04196999,47155.89224430
2017-12-15 00:00:00,0.04196000,0.04202998,0.03458602,0.03869936,48206.52482955
2017-12-16 00:00:00,0.03869955,0.04086598,0.03474600,0.03564000,29915.41733817
2017-12-17 00:00:00,0.03565000,0.03870596,0.03556901,0.03756858,25032.41898908
2017-12-18 00:00:00,0.03746001,0.04294486,0.03734996,0.04163943,30416.05134086
2017-12-19 00:00:00,0.04163922,0.04726600,0.04086600,0.04627000,51883.84076922
2017-12-20 00:00:00,0.04628999,0.04937609,0.04498600,0.04868999,48662.77513045
2017-12-21 00:00:00,0.04857000,0.05158591,0.04726310,0.05030302,37292.05257428
2017-12-22 00:00:00,0.05029650,0.05149999,0.04526604,0.04796690,73178.86160263
2017-12-23 00:00:00,0.04772029,0.04897000,0.04730019,0.04811200,31284.76656022
2017-12-24 00:00:00,0.04819200,0.04910600,0.04725744,0.04896000,26311.66792521
2017-12-25 00:00:00,0.04896000,0.05310598,0.04878000,0.05207000,25462.09666162
2017-12-26 00:00:00,0.05207000,0.05342600,0.04632002,0.04780011,19795.11746555
2017-12-27 00:00:00,0.04782000,0.04900120,0.04624000,0.04794999,20359.42752891
2017-12-28 00:00:00,0.04785003,0.05060513,0.04769001,0.04976000,23147.97464683
2017-12-29 00:00:00,0.04968003,0.05165978,0.04910000,0.05126000,20183.74110276
2017-12-30 00:00:00,0.05125000,0.05542600,0.05006600,0.05509801,32616.37565038
2017-12-31 00:00:00,0.05509841,0.05549999,0.05216000,0.05344001,12974.52357113
2018-01-01 00:00:00,0.05347001,0.05700000,0.05344001,0.05620000,13820.54626305
2018-01-02 00:00:00,0.05620000,0.06555280,0.05326623,0.05817001,38185.17160803
2018-01-03 00:00:00,0.05835870,0.06390600,0.05654601,0.06233996,24282.35022415
2018-01-04 00:00:00,0.06203602,0.06854599,0.06012000,0.06218000,38060.79081198
2018-01-05 00:00:00,0.06217000,0.06851700,0.05502603,0.05710000,41874.55382981
2018-01-06 00:00:00,0.05704012,0.06119998,0.05566600,0.05860001,20606.26532341
2018-01-07 00:00:00,0.05860001,0.06910580,0.05854000,0.06910115,30080.72545169
2018-01-08 00:00:00,0.06910115,0.07862600,0.06900000,0.07532137,47297.08713393
2018-01-09 00:00:00,0.07560000,0.09130706,0.07548002,0.08924228,43732.46596475
2018-01-10 00:00:00,0.08924219,0.09789168,0.08279600,0.08343000,51296.61454085
2018-01-11 00:00:00,0.08375647,0.09130000,0.08375646,0.08590983,30906.32994598
2018-01-12 00:00:00,0.08591987,0.09219600,0.08420001,0.09106157,15201.18643475
2018-01-13 00:00:00,0.09136047,0.10019801,0.08970022,0.09735150,14560.92853340
2018-01-14 00:00:00,0.09755700,0.09991935,0.09536811,0.09939014,8607.27393622
2018-01-15 00:00:00,0.09939016,0.10100000,0.09099999,0.09413721,15918.30769357
2018-01-16 00:00:00,0.09382014,0.09600000,0.08500000,0.09240000,47148.31036198
2018-01-17 00:00:00,0.09250658,0.09460397,0.08200000,0.09173599,40064.18042997
2018-01-18 00:00:00,0.09173590,0.09228000,0.08824599,0.09061991,20469.42910475
2018-01-19 00:00:00,0.09023004,0.09176337,0.08934424,0.08991000,9782.75157694
2018-01-20 00:00:00,0.08994003,0.09114099,0.08805181,0.09002999,8552.01875950
2018-01-21 00:00:00,0.09002999,0.09263000,0.08897070,0.09126668,8053.06172252
2018-01-22 00:00:00,0.09115100,0.09301999,0.09057912,0.09241956,11774.07337583
2018-01-23 00:00:00,0.09241955,0.09274150,0.08885300,0.09081000,9767.61852958
2018-01-24 00:00:00,0.09087728,0.09409600,0.09010001,0.09303001,8323.62924904
2018-01-25 00:00:00,0.09305024,0.09514600,0.09214361,0.09392000,8005.96232815
2018-01-26 00:00:00,0.09394546,0.09690000,0.09217602,0.09449528,12568.35859885
2018-01-27 00:00:00,0.09449528,0.09776999,0.09400000,0.09723815,5506.33116576
2018-01-28 00:00:00,0.09720004,0.10546000,0.09676743,0.10505000,12643.55933325
2018-01-29 00:00:00,0.10508160,0.10581001,0.10250003,0.10485112,13315.65976055
2018-01-30 00:00:00,0.10434000,0.11000003,0.10261260,0.10552000,15184.38961030
2018-01-31 00:00:00,0.10557000,0.11059577,0.10528912,0.10926999,11337.57568848
2018-02-01 00:00:00,0.10927000,0.12344999,0.10378358,0.11310648,42560.53330256
2018-02-02 00:00:00,0.11310648,0.11329999,0.09630000,0.10370000,32861.17557945
2018-02-03 00:00:00,0.10362003,0.10740000,0.10292000,0.10525000,9522.08866939
2018-02-04 00:00:00,0.10528000,0.10590995,0.09938602,0.10114000,13265.50719384
2018-02-05 00:00:00,0.10080000,0.10368658,0.09525420,0.10048222,22279.02643351
2018-02-06 00:00:00,0.10048248,0.10249000,0.09400000,0.10212998,28793.15460902
2018-02-07 00:00:00,0.10218657,0.10236000,0.09836000,0.09936999,12383.95931967
2018-02-08 00:00:00,0.09887300,0.10104040,0.09628017,0.09854310,9918.24846879
2018-02-09 00:00:00,0.09872253,0.10171844,0.09852001,0.10117500,9500.83151589
2018-02-10 00:00:00,0.10112999,0.10140000,0.09900001,0.09950000,4542.98812737
2018-02-11 00:00:00,0.09950000,0.10099999,0.09913000,0.10050000,3634.54910919
2018-02-12 00:00:00,0.10028003,0.10059939,0.09682641,0.09753730,8532.45529815
2018-02-13 00:00:00,0.09722000,0.09873904,0.09632449,0.09840000,6702.56558121
2018-02-14 00:00:00,0.09860994,0.09860994,0.09601000,0.09727999,7125.73982518
2018-02-15 00:00:00,0.09727999,0.09727999,0.09130953,0.09245856,9282.83758691
2018-02-16 00:00:00,0.09245854,0.09435381,0.09122600,0.09198002,7360.20312037
2018-02-17 00:00:00,0.09198004,0.09299999,0.08768680,0.08798028,4590.38447199
2018-02-18 00:00:00,0.08798028,0.08944933,0.08618000,0.08795080,5216.08897127
2018-02-19 00:00:00,0.08792477,0.08849670,0.08366600,0.08403000,6693.81805642
2018-02-20 00:00:00,0.08386746,0.08409938,0.07731003,0.07864000,8610.18858925
2018-02-21 00:00:00,0.07865000,0.08144994,0.07801761,0.08021000,10845.94409280
2018-02-22 00:00:00,0.08019000,0.08194800,0.07940003,0.08166000,7232.80233443
2018-02-23 00:00:00,0.08180000,0.08599999,0.08150000,0.08414028,6427.61301733
2018-02-24 00:00:00,0.08400000,0.08642000,0.08286000,0.08616000,3571.90127395
2018-02-25 00:00:00,0.08620000,0.08857000,0.08598316,0.08781969,2339.62976454
2018-02-26 00:00:00,0.08773032,0.08929600,0.08340000,0.08407000,7913.47208173
2018-02-27 00:00:00,0.08406000,0.08586196,0.08154024,0.08233999,6585.98490460
2018-02-28 00:00:00,0.08233999,0.08299969,0.08018003,0.08244776,4696.31276997
2018-03-01 00:00:00,0.08269996,0.08289995,0.07917190,0.07961000,3427.92063410
2018-03-02 00:00:00,0.07961992,0.07968000,0.07709540,0.07755999,4860.31113286
2018-03-03 00:00:00,0.07748000,0.07752000,0.07422530,0.07440459,4210.17394554
2018-03-04 00:00:00,0.07455997,0.07754000,0.07453135,0.07519477,2289.91031507
2018-03-05 00:00:00,0.07532170,0.07564838,0.07317390,0.07411000,3333.51927638
2018-03-06 00:00:00,0.07414835,0.07656192,0.07406377,0.07600000,10349.00524451
2018-03-07 00:00:00,0.07590000,0.07656192,0.07343914,0.07571000,9125.49812838
2018-03-08 00:00:00,0.07592999,0.07717731,0.07437056,0.07495000,5827.32286138
2018-03-09 00:00:00,0.07499600,0.07872300,0.07454804,0.07858068,9150.40568366
2018-03-10 00:00:00,0.07858068,0.07984400,0.07714102,0.07766400,2448.62697293
2018-03-11 00:00:00,0.07761000,0.07961900,0.07466600,0.07539295,5971.94941654
2018-03-12 00:00:00,0.07535858,0.07728000,0.07421600,0.07624741,8003.83918162
2018-03-13 00:00:00,0.07650995,0.07716719,0.07467000,0.07529587,8976.44891080
2018-03-14 00:00:00,0.07526000,0.07655994,0.07301796,0.07458000,5889.86510004
2018-03-15 00:00:00,0.07459503,0.07534545,0.07300100,0.07399992,8083.75646733
2018-03-16 00:00:00,0.07380000,0.07453289,0.07164003,0.07246799,5666.44806152
2018-03-17 00:00:00,0.07246000,0.07355694,0.06970010,0.06998000,4937.13001245
2018-03-18 00:00:00,0.06976000,0.06990997,0.06181102,0.06544200,14789.82843674
2018-03-19 00:00:00,0.06563999,0.06669999,0.06326055,0.06450600,7993.79871065
2018-03-20 00:00:00,0.06448500,0.06481999,0.06201700,0.06255978,4665.33384969
2018-03-21 00:00:00,0.06249000,0.06481999,0.06211000,0.06299914,5126.68791069
2018-03-22 00:00:00,0.06288012,0.06360803,0.06090500,0.06193513,3399.93000846
2018-03-23 00:00:00,0.06199722,0.06215718,0.06064000,0.06095002,2697.24375000
2018-03-24 00:00:00,0.06100000,0.06115999,0.06006595,0.06110692,2124.81493017
2018-03-25 00:00:00,0.06098000,0.06251999,0.06065001,0.06186001,3264.30069449
2018-03-26 00:00:00,0.06186500,0.06209998,0.05913845,0.05969000,4838.89009610
2018-03-27 00:00:00,0.05975100,0.05999200,0.05652001,0.05746999,5955.32959601
2018-03-28 00:00:00,0.05758000,0.05789000,0.05603008,0.05604000,3742.63030690
2018-03-29 00:00:00,0.05613521,0.05644999,0.05391590,0.05408000,10052.21388846
2018-03-30 00:00:00,0.05408000,0.05764999,0.05408000,0.05743000,9812.22708100
2018-03-31 00:00:00,0.05753000,0.05901000,0.05637272,0.05692000,3466.54661434
2018-04-01 00:00:00,0.05689600,0.05696001,0.05502633,0.05545030,3110.07962902
2018-04-02 00:00:00,0.05551998,0.05579982,0.05430401,0.05452999,2676.18370251
2018-04-03 00:00:00,0.05454095,0.05613000,0.05373034,0.05605996,4807.72972336
2018-04-04 00:00:00,0.05605996,0.05620000,0.05361155,0.05574002,3935.97421480
2018-04-05 00:00:00,0.05566009,0.05640000,0.05540049,0.05629999,3971.05720861
2018-04-06 00:00:00,0.05628999,0.05639900,0.05540000,0.05587714,2396.87211504
2018-04-07 00:00:00,0.05583400,0.05605000,0.05505601,0.05582127,2118.70277327
2018-04-08 00:00:00,0.05584000,0.05725000,0.05548000,0.05691502,1254.21260095
2018-04-09 00:00:00,0.05702012,0.06029041,0.05702012,0.05875000,7802.68322851
2018-04-10 00:00:00,0.05874028,0.06088000,0.05840000,0.06065000,6519.63305808
2018-04-11 00:00:00,0.06065000,0.06217117,0.06027650,0.06173021,9057.20053250
2018-04-12 00:00:00,0.06201000,0.06319315,0.05880000,0.06240689,12368.08499338
2018-04-13 00:00:00,0.06249998,0.06471000,0.06189000,0.06268999,9529.42055694
2018-04-14 00:00:00,0.06274897,0.06359000,0.06167798,0.06282001,8290.66549413
2018-04-15 00:00:00,0.06283000,0.06393830,0.06237001,0.06392000,3976.53328368
2018-04-16 00:00:00,0.06386000,0.06400000,0.06281000,0.06338749,3194.80322529
2018-04-17 00:00:00,0.06351000,0.06415999,0.06282017,0.06368001,3187.49126919
2018-04-18 00:00:00,0.06369000,0.06440008,0.06319000,0.06431000,2674.40528851
2018-04-19 00:00:00,0.06440008,0.06888000,0.06421308,0.06857900,4934.96415088
2018-04-20 00:00:00,0.06856263,0.07116000,0.06775003,0.06965000,7690.85012672
2018-04-21 00:00:00,0.06966000,0.06985582,0.06655000,0.06764901,3918.15792932
2018-04-22 00:00:00,0.06778001,0.07219599,0.06708901,0.07045767,2300.70780638
2018-04-23 00:00:00,0.07055000,0.07253145,0.06962038,0.07211000,8573.52567776
2018-04-24 00:00:00,0.07213630,0.07572000,0.07156370,0.07276009,5652.33391516
2018-04-25 00:00:00,0.07278000,0.07278700,0.06669000,0.06955673,8829.59292277
2018-04-26 00:00:00,0.06967998,0.07187378,0.06900002,0.07137858,8561.46226849
2018-04-27 00:00:00,0.07127066,0.07350002,0.07075000,0.07205849,3332.07213513
2018-04-28 00:00:00,0.07218000,0.07381600,0.07215994,0.07309998,2486.64005890
2018-04-29 00:00:00,0.07309002,0.07353646,0.07230904,0.07328000,2566.11770400
2018-04-30 00:00:00,0.07330000,0.07500000,0.07215000,0.07245000,4308.77160375
2018-05-01 00:00:00,0.07240000,0.07457001,0.07041003,0.07381010,5396.59931780
2018-05-02 00:00:00,0.07403998,0.07514698,0.07370001,0.07442001,2483.19955819
2018-05-03 00:00:00,0.07442001,0.08072399,0.07442001,0.07977000,11064.86610347
2018-05-04 00:00:00,0.07998000,0.08297677,0.07936000,0.08083001,7014.71357479
2018-05-05 00:00:00,0.08085000,0.08382599,0.08061002,0.08307001,7028.62091302
2018-05-06 00:00:00,0.08301002,0.08450000,0.07967024,0.08196325,4902.30165015
2018-05-07 00:00:00,0.08210979,0.08243000,0.07502600,0.08031000,8971.21702261
2018-05-08 00:00:00,0.08041999,0.08201996,0.07904968,0.08156999,5567.60614135
2018-05-09 00:00:00,0.08152000,0.08169000,0.07909009,0.08069997,3798.70128065
2018-05-10 00:00:00,0.08069997,0.08204850,0.08013401,0.08029000,4736.61733712
2018-05-11 00:00:00,0.08027000,0.08227600,0.07829222,0.08050000,7024.72679434
2018-05-12 00:00:00,0.08050000,0.08109999,0.07759510,0.08083800,4415.53565739
2018-05-13 00:00:00,0.08083799,0.08515599,0.07994566,0.08398000,3274.36930176
2018-05-14 00:00:00,0.08386004,0.08477000,0.08233728,0.08400000,6431.68559460
2018-05-15 00:00:00,0.08400000,0.08493199,0.08241200,0.08337000,5199.33054126
2018-05-16 00:00:00,0.08337000,0.08475000,0.08269000,0.08461004,3823.89403926
2018-05-17 00:00:00,0.08461002,0.08542599,0.08274938,0.08300000,3003.08477579
2018-05-18 00:00:00,0.08300000,0.08432956,0.08258000,0.08420000,2548.24177196
2018-05-19 00:00:00,0.08422997,0.08569600,0.08339979,0.08440000,1523.85696000
2018-05-20 00:00:00,0.08464528,0.08580000,0.08390000,0.08408000,807.11403790
2018-05-21 00:00:00,0.08382008,0.08434978,0.08237992,0.08306273,1935.11065573
2018-05-22 00:00:00,0.08328784,0.08399572,0.08000000,0.08048480,5539.25064770
2018-05-23 00:00:00,0.08052790,0.08103740,0.07557001,0.07687602,7302.66537757
2018-05-24 00:00:00,0.07688800,0.07950200,0.07491489,0.07928005,4341.46705366
2018-05-25 00:00:00,0.07950200,0.08079793,0.07717588,0.07841990,5375.93319493
2018-05-26 00:00:00,0.07841990,0.08019999,0.07786479,0.07989842,2492.93875836
2018-05-27 00:00:00,0.07990000,0.08044998,0.07649034,0.07760387,2741.45803263
2018-05-28 00:00:00,0.07768951,0.07784893,0.07149005,0.07210000,8220.99867449
2018-05-29 00:00:00,0.07217000,0.07651600,0.07217000,0.07584992,2752.07432825
2018-05-30 00:00:00,0.07585280,0.07760000,0.07418408,0.07568940,5278.86400175
2018-05-31 00:00:00,0.07566000,0.07756903,0.07535463,0.07725968,2601.51593831
2018-06-01 00:00:00,0.07726894,0.07777600,0.07580266,0.07687668,3148.03193750
2018-06-02 00:00:00,0.07721000,0.07814585,0.07647127,0.07751687,1705.28092510
2018-06-03 00:00:00,0.07746978,0.08090010,0.07746978,0.08015000,1485.46563563
2018-06-04 00:00:00,0.08029999,0.08088912,0.07767520,0.07905300,2996.69387823
2018-06-05 00:00:00,0.07916900,0.08054655,0.07801006,0.07967441,3112.49755152
2018-06-06 00:00:00,0.07997000,0.08003922,0.07874587,0.07932000,2050.43463172
2018-06-07 00:00:00,0.07932997,0.07976968,0.07830000,0.07865000,5302.90295749
2018-06-08 00:00:00,0.07869954,0.07930622,0.07800099,0.07860130,3826.17267882
2018-06-09 00:00:00,0.07881589,0.07937000,0.07856005,0.07918232,986.21818634
2018-06-10 00:00:00,0.07919996,0.07960000,0.07550000,0.07764996,2702.84659470
2018-06-11 00:00:00,0.07743002,0.07900001,0.07614480,0.07737000,5626.05981934
2018-06-12 00:00:00,0.07737000,0.07843958,0.07466600,0.07557999,2231.13546530
2018-06-13 00:00:00,0.07540999,0.07640156,0.07223600,0.07550000,5144.21508538
2018-06-14 00:00:00,0.07552009,0.07940021,0.07274000,0.07827101,6610.92603976
2018-06-15 00:00:00,0.07856999,0.07856999,0.07450001,0.07593005,4265.96380065
2018-06-16 00:00:00,0.07614095,0.07739608,0.07586000,0.07666981,984.30728308
2018-06-17 00:00:00,0.07663998,0.07753800,0.07659900,0.07694000,1283.97557772
2018-06-18 00:00:00,0.07700001,0.07763063,0.07627572,0.07724000,1347.89739782
2018-06-19 00:00:00,0.07702128,0.08013999,0.07693002,0.07971081,2194.93350519
2018-06-20 00:00:00,0.07973073,0.07998000,0.07849000,0.07926001,2306.13318508
2018-06-21 00:00:00,0.07943892,0.08031280,0.07783000,0.07815751,2441.95152789
2018-06-22 00:00:00,0.07835000,0.07835000,0.07484602,0.07654000,4508.95937666
2018-06-23 00:00:00,0.07640902,0.07755999,0.07570000,0.07699000,1299.19295490
2018-06-24 00:00:00,0.07703999,0.07709889,0.07259426,0.07425997,4406.25315142
2018-06-25 00:00:00,0.07388009,0.07552000,0.07275580,0.07345000,5263.24278814
2018-06-26 00:00:00,0.07344995,0.07370240,0.07077998,0.07083589,6929.12954650
2018-06-27 00:00:00,0.07083110,0.07220000,0.06988000,0.07179144,6835.45003165
2018-06-28 00:00:00,0.07194001,0.07218549,0.07079999,0.07193999,2707.62174062
2018-06-29 00:00:00,0.07192997,0.07199900,0.06916797,0.07007119,4611.67576618
2018-06-30 00:00:00,0.07041988,0.07192137,0.06986000,0.07100000,2456.40457564
2018-07-01 00:00:00,0.07100000,0.07164290,0.07053200,0.07116958,467.36466829
2018-07-02 00:00:00,0.07116001,0.07240000,0.07072015,0.07192237,4964.85390541
2018-07-03 00:00:00,0.07199900,0.07292000,0.07060000,0.07095000,2943.57655108
2018-07-04 00:00:00,0.07102997,0.07250000,0.07029000,0.07087965,4588.05076068
2018-07-05 00:00:00,0.07091000,0.07175131,0.07074008,0.07151000,2255.49736724
2018-07-06 00:00:00,0.07150921,0.07179999,0.07000000,0.07110105,2657.31110762
2018-07-07 00:00:00,0.07110105,0.07189738,0.07005200,0.07174019,564.31373471
2018-07-08 00:00:00,0.07186041,0.07318996,0.07154742,0.07244222,1323.29302175
2018-07-09 00:00:00,0.07243054,0.07265991,0.07072718,0.07093917,2001.12196084
2018-07-10 00:00:00,0.07085998,0.07096985,0.06743000,0.06852000,5143.21642467
2018-07-11 00:00:00,0.06854001,0.07000000,0.06756000,0.06964000,1367.18186321
2018-07-12 00:00:00,0.06991095,0.07027998,0.06855000,0.06900974,1184.38177590
2018-07-13 00:00:00,0.06886003,0.07049502,0.06886003,0.06948926,1275.90546974
2018-07-14 00:00:00,0.06953509,0.07000000,0.06920502,0.06943648,801.32172806
2018-07-15 00:00:00,0.06931998,0.07119992,0.06905000,0.07072000,1657.19827634
2018-07-16 00:00:00,0.07081000,0.07195000,0.07019002,0.07122200,2670.66216289
2018-07-17 00:00:00,0.07108300,0.07143714,0.06790200,0.06815156,5201.78435774
2018-07-18 00:00:00,0.06829370,0.06862000,0.06450000,0.06507998,7836.53612737
2018-07-19 00:00:00,0.06503900,0.06527429,0.06242754,0.06277704,2132.06742854
2018-07-20 00:00:00,0.06276957,0.06279992,0.06035101,0.06127979,4266.61006709
2018-07-21 00:00:00,0.06113124,0.06319002,0.06100000,0.06241174,1917.09380608
2018-07-22 00:00:00,0.06224998,0.06287758,0.06144039,0.06188923,1999.33885354
2018-07-23 00:00:00,0.06156038,0.06169898,0.05796001,0.05825000,6734.35579527
2018-07-24 00:00:00,0.05817501,0.05936215,0.05655000,0.05690000,16404.34924212
2018-07-25 00:00:00,0.05717581,0.05818500,0.05662849,0.05781499,4188.04257786
2018-07-26 00:00:00,0.05779900,0.05887000,0.05757544,0.05831820,1833.70739088
2018-07-27 00:00:00,0.05830860,0.05896930,0.05668586,0.05722000,2314.15304307
2018-07-28 00:00:00,0.05735001,0.05765828,0.05656847,0.05686001,1045.06387626
2018-07-29 00:00:00,0.05694694,0.05714351,0.05655000,0.05678011,312.80240214
2018-07-30 00:00:00,0.05679995,0.05711996,0.05555700,0.05596849,4655.24570428
2018-07-31 00:00:00,0.05580008,0.05629059,0.05432000,0.05582200,2937.37638233
2018-08-01 00:00:00,0.05594987,0.05644000,0.05437155,0.05527800,2982.32582900
2018-08-02 00:00:00,0.05532950,0.05552970,0.05417583,0.05445054,1481.58401021
2018-08-03 00:00:00,0.05459769,0.05649879,0.05445000,0.05615001,2260.75499939
2018-08-04 00:00:00,0.05624004,0.05864995,0.05582111,0.05796000,1399.32102005
2018-08-05 00:00:00,0.05809900,0.05855756,0.05765110,0.05829399,2448.25471671
2018-08-06 00:00:00,0.05823006,0.05873284,0.05770012,0.05845000,2725.31578889
2018-08-07 00:00:00,0.05829004,0.05851299,0.05526902,0.05622059,3688.17560109
2018-08-08 00:00:00,0.05622059,0.05760000,0.05540400,0.05662974,5732.03392788
2018-08-09 00:00:00,0.05662974,0.05724950,0.05540287,0.05562920,2507.39745950
2018-08-10 00:00:00,0.05562968,0.05647799,0.05355000,0.05412000,4851.84774402
2018-08-11 00:00:00,0.05406998,0.05414847,0.04960471,0.05119978,4430.09048145
2018-08-12 00:00:00,0.05097321,0.05161362,0.05022061,0.05033992,2439.96952721
2018-08-13 00:00:00,0.05037000,0.05054000,0.04518002,0.04544998,9157.51325465
2018-08-14 00:00:00,0.04545000,0.04545000,0.04187074,0.04492000,12245.60720953
2018-08-15 00:00:00,0.04501988,0.04642709,0.04409835,0.04478000,5837.89484237
2018-08-16 00:00:00,0.04476002,0.04629999,0.04465007,0.04554880,1864.98788156
2018-08-17 00:00:00,0.04528762,0.04840001,0.04528762,0.04833137,3373.05129282
2018-08-18 00:00:00,0.04821999,0.04861998,0.04487356,0.04591000,4103.28676655
2018-08-19 00:00:00,0.04600003,0.04747999,0.04551297,0.04623990,1181.73782569
2018-08-20 00:00:00,0.04623990,0.04657000,0.04292854,0.04344000,2684.28883859
2018-08-21 00:00:00,0.04321100,0.04417288,0.04245980,0.04345160,2328.40048896
2018-08-22 00:00:00,0.04335000,0.04371998,0.04139011,0.04231000,5369.48355028
2018-08-23 00:00:00,0.04256996,0.04322950,0.04200000,0.04230000,2223.42064389
2018-08-24 00:00:00,0.04237900,0.04241868,0.04159497,0.04217000,2221.80384125
2018-08-25 00:00:00,0.04207000,0.04207000,0.04112340,0.04124985,903.40234255
2018-08-26 00:00:00,0.04112341,0.04119000,0.04066140,0.04088000,1978.37839799
2018-08-27 00:00:00,0.04089002,0.04177999,0.04072242,0.04158000,5162.27524248
2018-08-28 00:00:00,0.04147982,0.04196900,0.04077067,0.04176000,1615.11566314
2018-08-29 00:00:00,0.04167001,0.04193995,0.04089000,0.04107997,1589.41327163
2018-08-30 00:00:00,0.04110976,0.04131500,0.04000000,0.04089000,5774.03764890
2018-08-31 00:00:00,0.04073000,0.04073000,0.03972001,0.04002652,1871.64245667
2018-09-01 00:00:00,0.04014271,0.04170000,0.04013178,0.04105480,1561.21412162
2018-09-02 00:00:00,0.04111769,0.04134008,0.04000000,0.04044996,3191.62429303
2018-09-03 00:00:00,0.04043021,0.04047531,0.03950009,0.03982800,2372.06802216
2018-09-04 00:00:00,0.03973303,0.03996925,0.03849996,0.03880930,3998.22468151
2018-09-05 00:00:00,0.03881110,0.03898000,0.03394940,0.03415028,8012.38384552
2018-09-06 00:00:00,0.03414000,0.03593828,0.03325001,0.03523002,13271.49355844
2018-09-07 00:00:00,0.03525000,0.03585000,0.03355002,0.03367999,7287.38454156
2018-09-08 00:00:00,0.03371457,0.03411000,0.03100000,0.03196900,6357.38883848
2018-09-09 00:00:00,0.03184900,0.03251000,0.03019847,0.03134999,5465.94972638
2018-09-10 00:00:00,0.03143006,0.03215000,0.02991003,0.03122890,4499.80656612
2018-09-11 00:00:00,0.03120011,0.03145000,0.02840017,0.02937337,6622.29077190
2018-09-12 00:00:00,0.02943010,0.02943010,0.02679066,0.02895998,18060.04078502
2018-09-13 00:00:00,0.02893999,0.03298846,0.02893999,0.03244735,13037.40407472
2018-09-14 00:00:00,0.03255980,0.03408000,0.03158598,0.03233035,6487.54355736
2018-09-15 00:00:00,0.03224001,0.03469994,0.03224001,0.03419964,2254.66581189
2018-09-16 00:00:00,0.03412000,0.03429990,0.03250000,0.03390986,3067.67565762
2018-09-17 00:00:00,0.03391998,0.03456930,0.03091041,0.03149000,7297.17336873
2018-09-18 00:00:00,0.03129100,0.03358709,0.03112004,0.03292001,8095.30141094
2018-09-19 00:00:00,0.03292001,0.03372001,0.03223737,0.03278000,7084.29792369
2018-09-20 00:00:00,0.03287964,0.03488000,0.03242946,0.03448015,9604.35287630
2018-09-21 00:00:00,0.03448000,0.03720002,0.03352742,0.03660005,13244.87839379
2018-09-22 00:00:00,0.03669000,0.03737069,0.03500160,0.03578001,4656.26013555
2018-09-23 00:00:00,0.03576098,0.03686000,0.03547114,0.03638309,3953.89202855
2018-09-24 00:00:00,0.03639002,0.03659889,0.03433300,0.03469992,3268.18688689
2018-09-25 00:00:00,0.03461000,0.03465000,0.03196560,0.03395021,6414.64637083
2018-09-26 00:00:00,0.03401028,0.03405550,0.03250682,0.03316002,4171.81714227
2018-09-27 00:00:00,0.03316001,0.03477000,0.03268245,0.03416026,9734.36842678
2018-09-28 00:00:00,0.03435998,0.03449001,0.03281000,0.03348211,4357.36513737
2018-09-29 00:00:00,0.03335973,0.03597645,0.03301000,0.03516996,4728.86268362
2018-09-30 00:00:00,0.03503086,0.03606834,0.03420000,0.03522259,6010.83561830
2018-10-01 00:00:00,0.03524001,0.03531969,0.03449103,0.03491125,4453.85733225
2018-10-02 00:00:00,0.03505001,0.03505988,0.03440000,0.03452842,3634.08917255
2018-10-03 00:00:00,0.03453615,0.03460571,0.03349001,0.03385000,5167.31388317
2018-10-04 00:00:00,0.03395000,0.03426000,0.03351000,0.03377761,2098.19341309
2018-10-05 00:00:00,0.03374300,0.03472012,0.03350000,0.03432002,2395.15331613
2018-10-06 00:00:00,0.03439000,0.03452999,0.03376001,0.03408000,2770.53633939
2018-10-07 00:00:00,0.03406000,0.03434541,0.03386000,0.03425972,1946.83213424
2018-10-08 00:00:00,0.03425972,0.03463808,0.03400000,0.03450000,2419.88954616
2018-10-09 00:00:00,0.03440022,0.03468000,0.03425003,0.03436000,2462.35599532
2018-10-10 00:00:00,0.03426011,0.03444990,0.03405528,0.03425998,1069.35098640
2018-10-11 00:00:00,0.03419004,0.03426927,0.03035062,0.03049513,9034.10418391
2018-10-12 00:00:00,0.03064000,0.03181560,0.03049943,0.03125033,3173.70199224
2018-10-13 00:00:00,0.03131999,0.03206909,0.03131999,0.03181000,3131.85727209
2018-10-14 00:00:00,0.03177999,0.03189578,0.03082000,0.03108942,793.21622583
2018-10-15 00:00:00,0.03104000,0.03347740,0.03088157,0.03167383,31861.44516037
2018-10-16 00:00:00,0.03166677,0.03200758,0.03149042,0.03182947,1712.37554491
2018-10-17 00:00:00,0.03187970,0.03193999,0.03144823,0.03153004,1229.30936235
2018-10-18 00:00:00,0.03162939,0.03172000,0.03086550,0.03116544,2742.36043909
2018-10-19 00:00:00,0.03116387,0.03150986,0.03102887,0.03135000,1781.47176350
2018-10-20 00:00:00,0.03133026,0.03186200,0.03125000,0.03164985,4220.17087965
2018-10-21 00:00:00,0.03170995,0.03189514,0.03141000,0.03149000,1680.20493891
2018-10-22 00:00:00,0.03152000,0.03160290,0.03126970,0.03142000,2334.61853016
2018-10-23 00:00:00,0.03137008,0.03154997,0.03104068,0.03147000,663.75167463
2018-10-24 00:00:00,0.03142000,0.03146399,0.03111000,0.03132637,1129.15198359
2018-10-25 00:00:00,0.03122000,0.03133490,0.03102970,0.03126000,1560.79612403
2018-10-26 00:00:00,0.03120000,0.03167032,0.03114984,0.03140917,1862.63241761
2018-10-27 00:00:00,0.03133020,0.03149000,0.03130001,0.03145999,378.93007309
2018-10-28 00:00:00,0.03139000,0.03166740,0.03130000,0.03166740,716.58553953
2018-10-29 00:00:00,0.03158607,0.03180000,0.03087194,0.03099022,3802.86453916
2018-10-30 00:00:00,0.03103285,0.03122296,0.03087860,0.03120041,1096.56919497
2018-10-31 00:00:00,0.03115947,0.03133000,0.03090000,0.03121750,2269.93633388
2018-11-01 00:00:00,0.03121000,0.03127288,0.03110326,0.03119096,2330.61488632
2018-11-02 00:00:00,0.03118522,0.03164572,0.03116627,0.03146471,4299.10774755
2018-11-03 00:00:00,0.03145000,0.03147891,0.03130001,0.03136604,1710.97366441
2018-11-04 00:00:00,0.03133945,0.03365000,0.03127910,0.03270036,9160.17587461
2018-11-05 00:00:00,0.03271671,0.03285251,0.03221943,0.03258301,3375.89267176
2018-11-06 00:00:00,0.03257059,0.03397108,0.03242776,0.03385493,6639.26218326
2018-11-07 00:00:00,0.03384000,0.03411971,0.03316601,0.03328101,2603.99264748
2018-11-08 00:00:00,0.03340000,0.03346951,0.03279998,0.03283231,3008.32648851
2018-11-09 00:00:00,0.03283633,0.03310526,0.03264048,0.03288977,4191.81289806
2018-11-10 00:00:00,0.03287971,0.03344000,0.03277000,0.03316286,545.50077758
2018-11-11 00:00:00,0.03316298,0.03324457,0.03278141,0.03302237,793.47550120
2018-11-12 00:00:00,0.03302816,0.03312296,0.03280768,0.03300370,6184.08151198
2018-11-13 00:00:00,0.03298195,0.03299115,0.03234004,0.03248103,1592.71572666
2018-11-14 00:00:00,0.03247100,0.03262079,0.02965810,0.03181100,19943.12484098
2018-11-15 00:00:00,0.03171361,0.03230697,0.03132905,0.03195529,6317.60607433
2018-11-16 00:00:00,0.03203940,0.03219000,0.03121722,0.03128779,2199.49821496
2018-11-17 00:00:00,0.03128779,0.03161000,0.03110303,0.03134998,1108.75508107
2018-11-18 00:00:00,0.03134649,0.03190479,0.03125019,0.03165157,2469.53646975
2018-11-19 00:00:00,0.03163478,0.03163478,0.02914020,0.03062467,24495.92093725
2018-11-20 00:00:00,0.03059709,0.03091163,0.02880000,0.02934780,28621.94894342
2018-11-21 00:00:00,0.02941868,0.03010000,0.02877134,0.02962762,11399.20983856
2018-11-22 00:00:00,0.02961046,0.02990442,0.02883046,0.02883046,7631.13709120
2018-11-23 00:00:00,0.02886556,0.02917184,0.02794160,0.02829899,13378.68366859
2018-11-24 00:00:00,0.02829899,0.02946723,0.02813455,0.02938561,6043.08701676
2018-11-25 00:00:00,0.02906116,0.02950498,0.02787001,0.02900000,8488.43573609
2018-11-26 00:00:00,0.02897000,0.02919383,0.02840730,0.02869896,9824.97915156
2018-11-27 00:00:00,0.02862028,0.02907907,0.02776178,0.02872001,6614.69615377
2018-11-28 00:00:00,0.02879998,0.02916880,0.02790005,0.02888999,8538.12370607
2018-11-29 00:00:00,0.02883349,0.02891670,0.02739275,0.02746052,4385.70421907
2018-11-30 00:00:00,0.02740000,0.02855000,0.02733000,0.02818799,3819.94044506
2018-12-01 00:00:00,0.02814001,0.02888001,0.02784700,0.02813604,2135.12162148
2018-12-02 00:00:00,0.02814468,0.02838753,0.02784823,0.02811998,2026.41523088
2018-12-03 00:00:00,0.02813998,0.02844393,0.02769203,0.02801000,4748.99119206
2018-12-04 00:00:00,0.02804000,0.02813000,0.02766035,0.02781900,2416.89984208
2018-12-05 00:00:00,0.02781900,0.02791000,0.02711025,0.02726252,3578.43025551
2018-12-06 00:00:00,0.02729096,0.02733993,0.02552840,0.02597290,13475.25920172
2018-12-07 00:00:00,0.02602996,0.02780000,0.02458878,0.02733500,14868.42929734
2018-12-08 00:00:00,0.02738001,0.02819996,0.02551835,0.02652000,6971.36794287
2018-12-09 00:00:00,0.02666981,0.02704041,0.02611908,0.02640823,4058.26506347
2018-12-10 00:00:00,0.02630001,0.02647998,0.02578341,0.02618412,3255.12978163
2018-12-11 00:00:00,0.02618500,0.02660730,0.02576000,0.02598899,2603.90210609
2018-12-12 00:00:00,0.02586807,0.02631000,0.02580070,0.02602729,6245.79438791
2018-12-13 00:00:00,0.02597100,0.02658572,0.02576852,0.02613926,4371.19895267
2018-12-14 00:00:00,0.02615499,0.02633993,0.02582841,0.02600000,4300.08493887
2018-12-15 00:00:00,0.02593358,0.02620483,0.02591998,0.02605005,830.30952272
2018-12-16 00:00:00,0.02610001,0.02680075,0.02609000,0.02622999,3026.23732870
2018-12-17 00:00:00,0.02621999,0.02716599,0.02617699,0.02680561,4972.37310952
2018-12-18 00:00:00,0.02685710,0.02757902,0.02644000,0.02752610,3620.81581608
2018-12-19 00:00:00,0.02752126,0.02820001,0.02691366,0.02695623,8446.74899621
2018-12-20 00:00:00,0.02694901,0.02865218,0.02679027,0.02809770,9832.23219192
2018-12-21 00:00:00,0.02815000,0.02879966,0.02752689,0.02813998,7089.42069846
2018-12-22 00:00:00,0.02805997,0.02942970,0.02783003,0.02910000,2151.30157370
2018-12-23 00:00:00,0.02911004,0.03313992,0.02911004,0.03290000,8758.12502506
2018-12-24 00:00:00,0.03280000,0.03761082,0.03280000,0.03455054,16272.45416500
2018-12-25 00:00:00,0.03451996,0.03478407,0.03291217,0.03407000,6051.64919069
2018-12-26 00:00:00,0.03389002,0.03543577,0.03340084,0.03409000,2957.62799506
2018-12-27 00:00:00,0.03424566,0.03439000,0.03144469,0.03177001,7065.62902753
2018-12-28 00:00:00,0.03197958,0.03547126,0.03156142,0.03524000,9449.80852485
2018-12-29 00:00:00,0.03529998,0.03735710,0.03418427,0.03604000,7385.18773592
2018-12-30 00:00:00,0.03605000,0.03652529,0.03503001,0.03627000,2435.85442951
2018-12-31 00:00:00,0.03618000,0.03623000,0.03529390,0.03562000,5782.47743376
2019-01-01 00:00:00,0.03556000,0.03774999,0.03537162,0.03658976,4458.94417607
2019-01-02 00:00:00,0.03663000,0.04000000,0.03653662,0.03937000,5764.34512917
2019-01-03 00:00:00,0.03946987,0.03987820,0.03809855,0.03882558,3851.45913528
2019-01-04 00:00:00,0.03883324,0.04083409,0.03865003,0.04004000,7511.16985079
2019-01-05 00:00:00,0.04020970,0.04158001,0.04011000,0.04056000,5283.02834988
2019-01-06 00:00:00,0.04046000,0.04067000,0.03836001,0.03860465,6411.67264647
2019-01-07 00:00:00,0.03859156,0.03867999,0.03731017,0.03762000,4725.88814513
2019-01-08 00:00:00,0.03762000,0.03776099,0.03695061,0.03733998,5011.76111281
2019-01-09 00:00:00,0.03742998,0.03812099,0.03714891,0.03739340,1917.95522186
2019-01-10 00:00:00,0.03737185,0.03741000,0.03418801,0.03492000,10978.67313171
2019-01-11 00:00:00,0.03480351,0.03529352,0.03370001,0.03460097,2637.39138705
2019-01-12 00:00:00,0.03465899,0.03496000,0.03420689,0.03440516,1181.47712295
2019-01-13 00:00:00,0.03439400,0.03450103,0.03240200,0.03285000,3681.25773423
2019-01-14 00:00:00,0.03280243,0.03556870,0.03280243,0.03497653,10438.41187642
2019-01-15 00:00:00,0.03511172,0.03553589,0.03292628,0.03356255,5480.77924658
2019-01-16 00:00:00,0.03356000,0.03479010,0.03330001,0.03414000,4215.23796178
2019-01-17 00:00:00,0.03386998,0.03392735,0.03302748,0.03373171,4884.63946233
2019-01-18 00:00:00,0.03367000,0.03374999,0.03296892,0.03308200,2394.43002935
2019-01-19 00:00:00,0.03334834,0.03383600,0.03315878,0.03347999,5136.59699910
2019-01-20 00:00:00,0.03334001,0.03358907,0.03298320,0.03320000,2003.93792751
2019-01-21 00:00:00,0.03324144,0.03328168,0.03240200,0.03281000,6843.83630610
2019-01-22 00:00:00,0.03282000,0.03316000,0.03222782,0.03299000,8951.72977966
2019-01-23 00:00:00,0.03298655,0.03312995,0.03260734,0.03277926,8966.01433006
2019-01-24 00:00:00,0.03280000,0.03280000,0.03219941,0.03259000,8477.28945636
2019-01-25 00:00:00,0.03259000,0.03292965,0.03225003,0.03229001,7754.54075370
2019-01-26 00:00:00,0.03229000,0.03254449,0.03210101,0.03234998,3658.23369555
2019-01-27 00:00:00,0.03233999,0.03241001,0.03151608,0.03163999,3171.85360645
2019-01-28 00:00:00,0.03155998,0.03179978,0.02984000,0.03071000,16295.05300567
2019-01-29 00:00:00,0.03071004,0.03098000,0.03023992,0.03061721,14551.77061786
2019-01-30 00:00:00,0.03063000,0.03166486,0.03044510,0.03131000,13661.83135170
2019-01-31 00:00:00,0.03132999,0.03182987,0.03075000,0.03099837,11945.92763046
2019-02-01 00:00:00,0.03101000,0.03116698,0.03046260,0.03081999,8889.96068300
2019-02-02 00:00:00,0.03090999,0.03164999,0.03075000,0.03151999,4798.24232804
2019-02-03 00:00:00,0.03155001,0.03165001,0.03085095,0.03104000,4552.74950356
2019-02-04 00:00:00,0.03102423,0.03137599,0.03089999,0.03104588,8824.79319592
2019-02-05 00:00:00,0.03107000,0.03113000,0.03079099,0.03095000,7105.53657354
2019-02-06 00:00:00,0.03091070,0.03104348,0.02981000,0.03071000,19954.79652975
2019-02-07 00:00:00,0.03065288,0.03101000,0.03058400,0.03070000,7480.76629208
2019-02-08 00:00:00,0.03069710,0.03303394,0.03061001,0.03254000,21025.41052340
2019-02-09 00:00:00,0.03258701,0.03298887,0.03237000,0.03257001,2639.72859389
2019-02-10 00:00:00,0.03259998,0.03414000,0.03203000,0.03399000,5863.77407208
2019-02-11 00:00:00,0.03398000,0.03401031,0.03300001,0.03328000,14119.09492086
2019-02-12 00:00:00,0.03328001,0.03383100,0.03297969,0.03369000,14438.76931281
2019-02-13 00:00:00,0.03368000,0.03449987,0.03357000,0.03378679,12558.39864034
2019-02-14 00:00:00,0.03376000,0.03434585,0.03352588,0.03352588,9403.30752159
2019-02-15 00:00:00,0.03354000,0.03414519,0.03353000,0.03371999,7452.36177579
2019-02-16 00:00:00,0.03378000,0.03422000,0.03377145,0.03393999,2092.58586628
2019-02-17 00:00:00,0.03394998,0.03700000,0.03389000,0.03651000,10175.24484117
2019-02-18 00:00:00,0.03644001,0.03831227,0.03625997,0.03740080,19205.73199754
2019-02-19 00:00:00,0.03734075,0.03795999,0.03663442,0.03675000,17367.76980759
2019-02-20 00:00:00,0.03667001,0.03768997,0.03602774,0.03748000,17138.46259506
2019-02-21 00:00:00,0.03737773,0.03743000,0.03652250,0.03695949,12861.07543421
2019-02-22 00:00:00,0.03696476,0.03737000,0.03658684,0.03722410,8404.94908432
2019-02-23 00:00:00,0.03716899,0.03916764,0.03699278,0.03835519,6279.57150267
2019-02-24 00:00:00,0.03835598,0.03953141,0.03529000,0.03530999,12938.77609939
2019-02-25 00:00:00,0.03534997,0.03671162,0.03534997,0.03601000,16771.00164933
2019-02-26 00:00:00,0.03604206,0.03612999,0.03524421,0.03578397,7385.98543145
2019-02-27 00:00:00,0.03564283,0.03651768,0.03409000,0.03528719,10004.93234661
2019-02-28 00:00:00,0.03527152,0.03600005,0.03490468,0.03548920,12663.65198670
2019-03-01 00:00:00,0.03551943,0.03581000,0.03529524,0.03536008,4324.86344498
2019-03-02 00:00:00,0.03540001,0.03549000,0.03430000,0.03466014,3222.03945910
2019-03-03 00:00:00,0.03473043,0.03521687,0.03380456,0.03425216,4034.34977370
2019-03-04 00:00:00,0.03427343,0.03428000,0.03334086,0.03381197,9612.45879286
2019-03-05 00:00:00,0.03389000,0.03556181,0.03375816,0.03544018,11276.34992501
2019-03-06 00:00:00,0.03545989,0.03613312,0.03485253,0.03559000,8170.07012960
2019-03-07 00:00:00,0.03566000,0.03586997,0.03519256,0.03521001,6629.76010294
2019-03-08 00:00:00,0.03533120,0.03543999,0.03419871,0.03450056,8066.10117749
2019-03-09 00:00:00,0.03450024,0.03530050,0.03446000,0.03484000,3536.05481662
2019-03-10 00:00:00,0.03487999,0.03495828,0.03443737,0.03453624,3027.25100937
2019-03-11 00:00:00,0.03457549,0.03463960,0.03401000,0.03422579,10057.63700946
2019-03-12 00:00:00,0.03437987,0.03480001,0.03362182,0.03441000,8469.96731311
2019-03-13 00:00:00,0.03438998,0.03439235,0.03396935,0.03408000,4224.38365830
2019-03-14 00:00:00,0.03405000,0.03447784,0.03382661,0.03407000,4849.50041980
2019-03-15 00:00:00,0.03410181,0.03501740,0.03409000,0.03471700,3867.09484813
2019-03-16 00:00:00,0.03484700,0.03579585,0.03483999,0.03523996,3694.76286559
2019-03-17 00:00:00,0.03521127,0.03521127,0.03449168,0.03482700,2706.20573228
2019-03-18 00:00:00,0.03480002,0.03521999,0.03434001,0.03457000,4577.63838097
2019-03-19 00:00:00,0.03451000,0.03476307,0.03441888,0.03448692,3039.12086380
2019-03-20 00:00:00,0.03446001,0.03454000,0.03407884,0.03440616,6010.25078169
2019-03-21 00:00:00,0.03438001,0.03444000,0.03364998,0.03388000,5870.90701768
2019-03-22 00:00:00,0.03380346,0.03429899,0.03376190,0.03410000,3240.52570855
2019-03-23 00:00:00,0.03407999,0.03447958,0.03406081,0.03430000,1414.26153802
2019-03-24 00:00:00,0.03435559,0.03435559,0.03393000,0.03412000,2011.08664860
2019-03-25 00:00:00,0.03409673,0.03424000,0.03364674,0.03407001,4077.49073262
2019-03-26 00:00:00,0.03404300,0.03415000,0.03384012,0.03393923,3062.45656676
2019-03-27 00:00:00,0.03402875,0.03495700,0.03400001,0.03452000,9395.90871879
2019-03-28 00:00:00,0.03457744,0.03457744,0.03407493,0.03421900,5475.41322424
2019-03-29 00:00:00,0.03424357,0.03494977,0.03412223,0.03492002,7206.24066541
2019-03-30 00:00:00,0.03488001,0.03535000,0.03448009,0.03474654,3094.90230172
2019-03-31 00:00:00,0.03465002,0.03469179,0.03428126,0.03448191,1988.75933264
2019-04-01 00:00:00,0.03450000,0.03462406,0.03386001,0.03414999,6279.81747462
2019-04-02 00:00:00,0.03403001,0.03406106,0.03050607,0.03362006,23204.17776300
2019-04-03 00:00:00,0.03365000,0.03487001,0.03143693,0.03242319,21656.87594258
2019-04-04 00:00:00,0.03233878,0.03258000,0.03139000,0.03212001,7429.86758165
2019-04-05 00:00:00,0.03216395,0.03332852,0.03200078,0.03295010,2740.94135623
2019-04-06 00:00:00,0.03295010,0.03334350,0.03220520,0.03274035,2536.22052054
2019-04-07 00:00:00,0.03283166,0.03404540,0.03246000,0.03367002,3111.95485056
2019-04-08 00:00:00,0.03375995,0.03524280,0.03375995,0.03422420,10119.81780008
2019-04-09 00:00:00,0.03412510,0.03441959,0.03372999,0.03391743,18012.56247960
2019-04-10 00:00:00,0.03391700,0.03469989,0.03263211,0.03340000,6478.96339745
2019-04-11 00:00:00,0.03327514,0.03330226,0.03221003,0.03276929,4944.39239984
2019-04-12 00:00:00,0.03272410,0.03285720,0.03219652,0.03243997,3728.79255072
2019-04-13 00:00:00,0.03236200,0.03249017,0.03204002,0.03235924,510.56905826
2019-04-14 00:00:00,0.03234993,0.03264220,0.03215173,0.03261996,773.34592057
2019-04-15 00:00:00,0.03260623,0.03265734,0.03104323,0.03184300,19171.38629034
2019-04-16 00:00:00,0.03184800,0.03233500,0.03177304,0.03207355,4180.71037830
2019-04-17 00:00:00,0.03195465,0.03199706,0.03165413,0.03187989,930.76227317
2019-04-18 00:00:00,0.03182622,0.03324391,0.03182622,0.03291000,10132.26036439
2019-04-19 00:00:00,0.03293001,0.03308000,0.03246100,0.03286675,789.55794130
2019-04-20 00:00:00,0.03289951,0.03320000,0.03244968,0.03263009,3272.97010978
2019-04-21 00:00:00,0.03260000,0.03264997,0.03181485,0.03209997,1529.92651226
2019-04-22 00:00:00,0.03212000,0.03246029,0.03178390,0.03178390,1817.44071712
2019-04-23 00:00:00,0.03181900,0.03186998,0.03066000,0.03085000,5400.40699404
2019-04-24 00:00:00,0.03074938,0.03084000,0.02971900,0.03046988,15616.80782769
2019-04-25 00:00:00,0.03038826,0.03038826,0.02923700,0.02966994,4671.16190636
2019-04-26 00:00:00,0.02967996,0.02985763,0.02922797,0.02973776,6477.85883539
2019-04-27 00:00:00,0.02974997,0.03043768,0.02962995,0.03003999,1947.48385425
2019-04-28 00:00:00,0.03010000,0.03010000,0.02974809,0.02977796,1509.48540725
2019-04-29 00:00:00,0.02969990,0.02988797,0.02923058,0.02963000,2799.33753828
2019-04-30 00:00:00,0.02960200,0.03047100,0.02960200,0.03040000,2749.60909650
2019-05-01 00:00:00,0.03046000,0.03065000,0.02961339,0.02982998,2931.52233128
2019-05-02 00:00:00,0.02970983,0.02992600,0.02915998,0.02949500,1398.85206844
2019-05-03 00:00:00,0.02940006,0.02960400,0.02811101,0.02910991,3339.82330477
2019-05-04 00:00:00,0.02913319,0.02919001,0.02803088,0.02807996,1574.89365108
2019-05-05 00:00:00,0.02807188,0.02842798,0.02784131,0.02822578,3981.81952334
2019-05-06 00:00:00,0.02827957,0.03077998,0.02812447,0.03006375,3642.32618726
2019-05-07 00:00:00,0.03006375,0.03140000,0.02885814,0.02895985,11943.43804363
2019-05-08 00:00:00,0.02890000,0.02914000,0.02838365,0.02858825,9450.12835320
2019-05-09 00:00:00,0.02842176,0.02852830,0.02728553,0.02762690,4699.42519291
2019-05-10 00:00:00,0.02762174,0.02814999,0.02699611,0.02711000,17322.86799072
2019-05-11 00:00:00,0.02711000,0.02856081,0.02554100,0.02681832,14774.86313602
2019-05-12 00:00:00,0.02661310,0.02725888,0.02618010,0.02695567,6922.36715289
2019-05-13 00:00:00,0.02695311,0.02724095,0.02452150,0.02512000,15235.05181307
2019-05-14 00:00:00,0.02509000,0.02779998,0.02486998,0.02722089,14878.95103944
2019-05-15 00:00:00,0.02730172,0.03054477,0.02707934,0.03032065,23396.84115838
2019-05-16 00:00:00,0.03040605,0.03483857,0.03039000,0.03360357,26746.05539286
2019-05-17 00:00:00,0.03359998,0.03409995,0.03154520,0.03319900,20927.09774503
2019-05-18 00:00:00,0.03319900,0.03342388,0.03192800,0.03219005,2839.95313355
2019-05-19 00:00:00,0.03211000,0.03243954,0.03164000,0.03183883,4687.93661643
2019-05-20 00:00:00,0.03173000,0.03222000,0.03102544,0.03155787,6828.01000374
2019-05-21 00:00:00,0.03164729,0.03275434,0.03156821,0.03207008,5023.43919198
2019-05-22 00:00:00,0.03209899,0.03263437,0.03138001,0.03193996,3985.55347214
2019-05-23 00:00:00,0.03193002,0.03209005,0.03070000,0.03110253,3738.18065164
2019-05-24 00:00:00,0.03113000,0.03165999,0.03104676,0.03120000,1842.77003744
2019-05-25 00:00:00,0.03114603,0.03191998,0.03105000,0.03134886,1549.90075704
2019-05-26 00:00:00,0.03122998,0.03138550,0.03011010,0.03075656,2907.20226661
2019-05-27 00:00:00,0.03071999,0.03132707,0.03030589,0.03094635,3157.45601070
2019-05-28 00:00:00,0.03092998,0.03157000,0.03072027,0.03108828,2797.15421858
2019-05-29 00:00:00,0.03110815,0.03136000,0.03072722,0.03108519,2535.52078236
2019-05-30 00:00:00,0.03108519,0.03313228,0.02980000,0.03080881,9242.97337120
2019-05-31 00:00:00,0.03067003,0.03131825,0.03020000,0.03125107,4101.05296404
2019-06-01 00:00:00,0.03133000,0.03211966,0.03086047,0.03103000,2290.50393088
2019-06-02 00:00:00,0.03094000,0.03127775,0.03066655,0.03090705,1515.22969939
2019-06-03 00:00:00,0.03079902,0.03109000,0.03039718,0.03074391,3283.81499592
2019-06-04 00:00:00,0.03078588,0.03163929,0.03067210,0.03135295,5231.74066568
2019-06-05 00:00:00,0.03138466,0.03184508,0.03093561,0.03166198,3819.74575557
2019-06-06 00:00:00,0.03154008,0.03207427,0.03126412,0.03203015,2593.41446877
2019-06-07 00:00:00,0.03200313,0.03209149,0.03112025,0.03120000,2969.83746417
2019-06-08 00:00:00,0.03123680,0.03133600,0.03079240,0.03085000,465.78785330
2019-06-09 00:00:00,0.03084381,0.03093000,0.02999999,0.03033613,2664.64147098
2019-06-10 00:00:00,0.03031844,0.03108768,0.03020802,0.03091499,2243.54342682
2019-06-11 00:00:00,0.03091671,0.03121969,0.03071759,0.03095886,2757.64526779
2019-06-12 00:00:00,0.03106934,0.03223977,0.03083698,0.03215011,2794.01914181
2019-06-13 00:00:00,0.03211002,0.03226668,0.03076899,0.03100400,2105.53943914
2019-06-14 00:00:00,0.03114699,0.03118614,0.03025998,0.03034422,4160.43577632
2019-06-15 00:00:00,0.03040000,0.03087000,0.03020000,0.03043000,1512.96188956
2019-06-16 00:00:00,0.03036015,0.03042001,0.02930980,0.02995024,5700.28639944
2019-06-17 00:00:00,0.02994676,0.02994685,0.02908001,0.02940728,4676.56560921
2019-06-18 00:00:00,0.02930279,0.02948151,0.02886000,0.02916425,6011.00108259
2019-06-19 00:00:00,0.02917260,0.02942834,0.02892883,0.02896676,3935.51052644
2019-06-20 00:00:00,0.02895837,0.02904251,0.02809115,0.02851213,5661.96036360
2019-06-21 00:00:00,0.02853488,0.02985763,0.02852566,0.02902080,8670.94303754
2019-06-22 00:00:00,0.02895445,0.02971139,0.02783023,0.02903398,7543.85034014
2019-06-23 00:00:00,0.02903400,0.02944974,0.02809116,0.02831000,4181.72511433
2019-06-24 00:00:00,0.02827519,0.02860281,0.02798525,0.02817688,6658.83559534
2019-06-25 00:00:00,0.02816539,0.02819543,0.02689086,0.02693736,4813.11047174
2019-06-26 00:00:00,0.02694723,0.02763000,0.02529665,0.02587410,30055.23336916
2019-06-27 00:00:00,0.02594999,0.02728877,0.02565000,0.02636999,19924.47201330
2019-06-28 00:00:00,0.02632990,0.02709131,0.02496512,0.02504999,13008.53771192
2019-06-29 00:00:00,0.02511417,0.02708411,0.02502973,0.02679009,21576.88033232
2019-06-30 00:00:00,0.02674617,0.02704228,0.02607017,0.02693096,3327.55486400
2019-07-01 00:00:00,0.02698092,0.02800570,0.02668966,0.02781000,12223.63936305
2019-07-02 00:00:00,0.02781766,0.02832023,0.02654166,0.02686933,7046.82307014
2019-07-03 00:00:00,0.02680708,0.02680708,0.02515151,0.02528000,8446.85087484
2019-07-04 00:00:00,0.02525000,0.02561871,0.02486810,0.02537000,11498.80385483
2019-07-05 00:00:00,0.02534121,0.02642652,0.02515520,0.02617941,5950.50001996
2019-07-06 00:00:00,0.02586000,0.02592452,0.02525003,0.02557041,2311.72613474
2019-07-07 00:00:00,0.02564635,0.02701857,0.02556149,0.02671930,2440.04672724
2019-07-08 00:00:00,0.02673742,0.02691000,0.02525606,0.02542806,7247.25441710
2019-07-09 00:00:00,0.02546996,0.02562183,0.02437932,0.02450054,7014.81095329
2019-07-10 00:00:00,0.02446998,0.02460712,0.02289033,0.02386846,9667.42982041
2019-07-11 00:00:00,0.02389356,0.02424507,0.02304000,0.02369003,4765.78971215
2019-07-12 00:00:00,0.02376529,0.02404604,0.02324992,0.02336998,2698.80860970
2019-07-13 00:00:00,0.02335976,0.02430015,0.02327003,0.02374579,1727.72873896
2019-07-14 00:00:00,0.02364951,0.02404992,0.02204216,0.02220996,7967.61317055
2019-07-15 00:00:00,0.02222918,0.02226313,0.02051200,0.02102000,9823.45913641
2019-07-16 00:00:00,0.02113308,0.02139515,0.02008012,0.02109000,11600.90484661
2019-07-17 00:00:00,0.02107271,0.02233997,0.02098464,0.02183998,6251.63538791
2019-07-18 00:00:00,0.02175441,0.02238264,0.02103374,0.02125714,14506.38968781
2019-07-19 00:00:00,0.02124089,0.02130958,0.02082000,0.02104112,2780.03829249
2019-07-20 00:00:00,0.02111200,0.02187088,0.02102435,0.02130061,3612.70502903
2019-07-21 00:00:00,0.02127096,0.02143425,0.02097737,0.02131443,1554.45131248
2019-07-22 00:00:00,0.02132611,0.02137000,0.02083000,0.02104277,3324.77821493
2019-07-23 00:00:00,0.02104853,0.02160949,0.02095950,0.02152593,3986.94484516
2019-07-24 00:00:00,0.02155135,0.02245053,0.02085120,0.02214001,3767.00092971
2019-07-25 00:00:00,0.02216565,0.02237151,0.02195662,0.02220900,2890.90953923
2019-07-26 00:00:00,0.02220000,0.02237992,0.02199470,0.02228097,1907.22484469
2019-07-27 00:00:00,0.02224039,0.02226317,0.02161370,0.02185770,5031.98173906
2019-07-28 00:00:00,0.02193000,0.02234000,0.02162319,0.02216600,2272.94459708
2019-07-29 00:00:00,0.02217706,0.02225282,0.02191004,0.02216002,1980.21634413
2019-07-30 00:00:00,0.02219001,0.02219001,0.02178257,0.02190992,3304.93187434
2019-07-31 00:00:00,0.02186670,0.02211169,0.02144000,0.02165000,6012.10694447
2019-08-01 00:00:00,0.02166595,0.02166595,0.02077131,0.02088585,9222.54584830
2019-08-02 00:00:00,0.02088250,0.02115043,0.02057142,0.02065691,4856.53885908
2019-08-03 00:00:00,0.02066684,0.02090487,0.02036765,0.02049020,1712.85729767
2019-08-04 00:00:00,0.02051790,0.02057624,0.02010441,0.02031081,1352.63513890
2019-08-05 00:00:00,0.02026017,0.02034837,0.01940000,0.01972524,8058.71292929
2019-08-06 00:00:00,0.01971741,0.01991161,0.01909628,0.01970211,14054.37552989
2019-08-07 00:00:00,0.01968886,0.01970294,0.01875298,0.01887475,9319.65491618
2019-08-08 00:00:00,0.01884203,0.01908521,0.01838731,0.01841000,9964.83304974
2019-08-09 00:00:00,0.01835915,0.01852267,0.01755922,0.01772003,8742.00292731
2019-08-10 00:00:00,0.01775302,0.01829295,0.01773808,0.01826205,3780.50410849
2019-08-11 00:00:00,0.01825625,0.01925673,0.01825624,0.01873115,44436.33471484
2019-08-12 00:00:00,0.01873868,0.01873868,0.01849919,0.01856689,2042.15221326
2019-08-13 00:00:00,0.01851016,0.01927363,0.01835379,0.01920000,3537.30320052
2019-08-14 00:00:00,0.01918640,0.01977002,0.01803426,0.01858990,12208.28061620
2019-08-15 00:00:00,0.01853446,0.01883633,0.01796022,0.01826999,11346.37215225
2019-08-16 00:00:00,0.01828387,0.01851652,0.01766000,0.01791000,9249.50011628
2019-08-17 00:00:00,0.01796000,0.01825000,0.01779953,0.01816000,1168.10207359
2019-08-18 00:00:00,0.01818368,0.01898000,0.01809196,0.01884001,2273.73226124
2019-08-19 00:00:00,0.01887030,0.01891272,0.01836253,0.01857992,4432.03324047
2019-08-20 00:00:00,0.01852471,0.01854990,0.01820402,0.01829000,3561.71358973
2019-08-21 00:00:00,0.01822500,0.01863811,0.01812214,0.01847580,4688.57827483
2019-08-22 00:00:00,0.01848998,0.01914307,0.01848998,0.01892828,1929.23336150
2019-08-23 00:00:00,0.01883235,0.01907616,0.01852000,0.01868003,4379.22541614
2019-08-24 00:00:00,0.01866803,0.01897585,0.01852000,0.01884000,1589.10880182
2019-08-25 00:00:00,0.01881890,0.01883548,0.01827941,0.01844019,1584.91236667
2019-08-26 00:00:00,0.01833413,0.01862676,0.01806275,0.01818006,5837.06867374
2019-08-27 00:00:00,0.01816600,0.01857465,0.01813228,0.01840879,1722.11285914
2019-08-28 00:00:00,0.01839000,0.01842994,0.01724728,0.01780581,9055.24642295
2019-08-29 00:00:00,0.01776207,0.01797567,0.01746981,0.01780400,4070.16487222
2019-08-30 00:00:00,0.01782799,0.01785000,0.01751908,0.01757002,2068.16451969
2019-08-31 00:00:00,0.01757002,0.01808800,0.01740231,0.01792999,1325.76116916
2019-09-01 00:00:00,0.01788001,0.01803417,0.01749524,0.01756344,4308.47819223
2019-09-02 00:00:00,0.01759000,0.01779489,0.01717478,0.01721910,3493.91137072
2019-09-03 00:00:00,0.01721255,0.01728146,0.01672602,0.01683936,4716.78587129
2019-09-04 00:00:00,0.01682794,0.01698429,0.01642864,0.01656000,3126.66492897
2019-09-05 00:00:00,0.01652009,0.01661028,0.01617000,0.01648288,3495.52714654
2019-09-06 00:00:00,0.01645489,0.01656620,0.01615250,0.01639997,9101.72551151
2019-09-07 00:00:00,0.01639022,0.01717999,0.01631000,0.01701851,4379.49590647
2019-09-08 00:00:00,0.01701974,0.01753400,0.01700001,0.01743102,3667.79506527
2019-09-09 00:00:00,0.01743228,0.01774984,0.01723010,0.01752861,4437.13360548
2019-09-10 00:00:00,0.01757733,0.01785810,0.01748918,0.01779334,3085.07173184
2019-09-11 00:00:00,0.01779142,0.01798000,0.01746308,0.01753177,4215.27563629
2019-09-12 00:00:00,0.01753399,0.01764859,0.01735544,0.01738603,3489.69515360
2019-09-13 00:00:00,0.01737404,0.01765286,0.01729719,0.01747002,1467.84592916
2019-09-14 00:00:00,0.01750104,0.01823000,0.01745383,0.01821959,5996.75265123
2019-09-15 00:00:00,0.01823379,0.01844993,0.01803659,0.01839232,10615.51937042
2019-09-16 00:00:00,0.01838736,0.01955681,0.01838736,0.01925217,14851.70408640
2019-09-17 00:00:00,0.01928052,0.02100919,0.01919502,0.02039685,24492.64152912
2019-09-18 00:00:00,0.02047582,0.02129000,0.02047582,0.02067528,6624.37166695
2019-09-19 00:00:00,0.02064802,0.02224865,0.02028475,0.02147629,15396.34076720
2019-09-20 00:00:00,0.02147000,0.02155996,0.02104141,0.02140453,8136.25848452
2019-09-21 00:00:00,0.02145000,0.02180000,0.02140715,0.02160001,4557.87521933
2019-09-22 00:00:00,0.02153000,0.02153000,0.02060000,0.02104359,5622.64250265
2019-09-23 00:00:00,0.02104359,0.02134311,0.02055044,0.02077000,3974.72643501
2019-09-24 00:00:00,0.02067910,0.02076827,0.01878481,0.01954684,33195.12588499
2019-09-25 00:00:00,0.01950496,0.02037000,0.01942625,0.02017421,6304.72715884
2019-09-26 00:00:00,0.02017999,0.02061564,0.01963135,0.02053695,9394.77508682
2019-09-27 00:00:00,0.02057999,0.02156000,0.02043304,0.02126000,3338.58992066
2019-09-28 00:00:00,0.02122001,0.02158152,0.02092455,0.02118000,4126.83987626
2019-09-29 00:00:00,0.02118000,0.02122068,0.02067982,0.02107669,2806.87139304
2019-09-30 00:00:00,0.02105300,0.02184151,0.02104000,0.02182179,4057.83595280
2019-10-01 00:00:00,0.02183000,0.02210000,0.02100147,0.02128001,2888.17636869
2019-10-02 00:00:00,0.02111441,0.02170927,0.02109184,0.02157341,1593.12325831
2019-10-03 00:00:00,0.02158960,0.02158960,0.02099950,0.02125515,2590.15361455
2019-10-04 00:00:00,0.02125999,0.02178180,0.02125592,0.02156094,3377.16966501
2019-10-05 00:00:00,0.02153046,0.02180274,0.02138295,0.02165985,1248.56090544
2019-10-06 00:00:00,0.02169521,0.02197000,0.02144244,0.02167541,6074.02659915
2019-10-07 00:00:00,0.02174000,0.02210000,0.02160335,0.02200999,8326.36895148
2019-10-08 00:00:00,0.02199477,0.02234015,0.02179315,0.02205429,5980.00890377
2019-10-09 00:00:00,0.02211791,0.02306167,0.02206626,0.02258133,22455.13866419
2019-10-10 00:00:00,0.02249992,0.02260553,0.02201692,0.02234468,6150.53638409
2019-10-11 00:00:00,0.02232238,0.02269487,0.02157430,0.02182373,13178.81203577
2019-10-12 00:00:00,0.02186001,0.02210691,0.02134285,0.02161329,2755.70813979
2019-10-13 00:00:00,0.02162000,0.02195060,0.02162000,0.02187744,1548.20364849
2019-10-14 00:00:00,0.02187126,0.02247365,0.02187126,0.02236962,6080.17931689
2019-10-15 00:00:00,0.02237291,0.02250246,0.02183969,0.02211890,8462.98249809
2019-10-16 00:00:00,0.02211708,0.02219953,0.02172025,0.02184000,5916.98941351
2019-10-17 00:00:00,0.02184269,0.02206000,0.02177343,0.02198000,2191.78198317
2019-10-18 00:00:00,0.02193994,0.02206305,0.02149692,0.02178999,7424.83136527
2019-10-19 00:00:00,0.02175900,0.02192000,0.02140934,0.02155001,8077.15589396
2019-10-20 00:00:00,0.02162995,0.02167000,0.02120801,0.02134591,1923.89935890
2019-10-21 00:00:00,0.02126285,0.02147543,0.02099416,0.02122245,5046.86647602
2019-10-22 00:00:00,0.02121000,0.02134535,0.02088543,0.02132904,1534.07682539
2019-10-23 00:00:00,0.02133027,0.02172562,0.02064802,0.02172562,19189.33863566
2019-10-24 00:00:00,0.02172231,0.02181000,0.02138019,0.02158000,4738.74080221
2019-10-25 00:00:00,0.02162152,0.02195723,0.02085441,0.02095092,9687.59785201
2019-10-26 00:00:00,0.02099000,0.02101037,0.01886813,0.01940644,4183.84069212
2019-10-27 00:00:00,0.01941429,0.01962000,0.01911001,0.01925550,2624.18364097
2019-10-28 00:00:00,0.01926750,0.01977732,0.01899715,0.01977732,6906.58086468
2019-10-29 00:00:00,0.01969634,0.02043802,0.01956475,0.02016201,5293.53219839
2019-10-30 00:00:00,0.02028435,0.02051315,0.01986827,0.01999999,5771.65306767
2019-10-31 00:00:00,0.02000000,0.02011241,0.01961000,0.01993003,6809.95737926
2019-11-01 00:00:00,0.01990000,0.02008152,0.01950381,0.01982000,3743.62793641
2019-11-02 00:00:00,0.01985998,0.01990589,0.01961960,0.01966407,836.49598218
2019-11-03 00:00:00,0.01969154,0.01990997,0.01958923,0.01975559,1167.70272834
2019-11-04 00:00:00,0.01976382,0.02021953,0.01968713,0.01980958,3421.86793473
2019-11-05 00:00:00,0.01977317,0.02055000,0.01971327,0.02030448,2922.57496667
2019-11-06 00:00:00,0.02030211,0.02071688,0.02023362,0.02046230,1491.98101708
2019-11-07 00:00:00,0.02044498,0.02049812,0.02016000,0.02029355,1404.96244019
2019-11-08 00:00:00,0.02033630,0.02099000,0.02013313,0.02094000,1805.28517765
2019-11-09 00:00:00,0.02094001,0.02105000,0.02082001,0.02097670,750.48792827
2019-11-10 00:00:00,0.02100780,0.02158000,0.02080000,0.02089001,3873.10137395
2019-11-11 00:00:00,0.02092131,0.02148061,0.02092131,0.02119407,5185.59215778
2019-11-12 00:00:00,0.02115399,0.02142138,0.02107534,0.02120800,1656.94270319
2019-11-13 00:00:00,0.02121529,0.02159744,0.02115897,0.02148553,2074.31629086
2019-11-14 00:00:00,0.02144998,0.02152999,0.02122034,0.02139293,1325.05969100
2019-11-15 00:00:00,0.02137329,0.02148175,0.02097370,0.02128243,4905.18699991
2019-11-16 00:00:00,0.02122077,0.02160441,0.02121959,0.02150609,368.23657944
2019-11-17 00:00:00,0.02149458,0.02171000,0.02136500,0.02164663,1393.79374619
2019-11-18 00:00:00,0.02163986,0.02179363,0.02144457,0.02174130,1793.17601811
2019-11-19 00:00:00,0.02171111,0.02178662,0.02142411,0.02163645,893.56421108
2019-11-20 00:00:00,0.02160413,0.02180003,0.02147509,0.02159607,1119.82975754
2019-11-21 00:00:00,0.02158395,0.02171228,0.02083836,0.02112542,6364.40871265
2019-11-22 00:00:00,0.02110151,0.02120717,0.02026176,0.02057000,10460.54239755
2019-11-23 00:00:00,0.02061228,0.02106750,0.02041999,0.02078740,1128.74982283
2019-11-24 00:00:00,0.02079998,0.02093890,0.02022193,0.02027853,896.54010758
2019-11-25 00:00:00,0.02034000,0.02112329,0.02015000,0.02049585,9458.14187334
2019-11-26 00:00:00,0.02046734,0.02082204,0.02035352,0.02063139,2157.69151901
2019-11-27 00:00:00,0.02062675,0.02075757,0.02025463,0.02033220,4334.13607450
2019-11-28 00:00:00,0.02040399,0.02049999,0.02004315,0.02029188,4287.39577308
2019-11-29 00:00:00,0.02030321,0.02050000,0.01975801,0.01997062,2484.45892080
2019-11-30 00:00:00,0.01993984,0.02016506,0.01981823,0.02011225,1741.88721995
2019-12-01 00:00:00,0.02002949,0.02059000,0.01996090,0.02043484,1312.40316093
2019-12-02 00:00:00,0.02042338,0.02051980,0.02024614,0.02034851,940.55923235
2019-12-03 00:00:00,0.02028685,0.02039319,0.02011222,0.02019787,1303.26577966
2019-12-04 00:00:00,0.02017000,0.02034601,0.01949121,0.02020991,4458.85368387
2019-12-05 00:00:00,0.02018972,0.02022212,0.01978527,0.02003000,1991.54279507
2019-12-06 00:00:00,0.02008288,0.02009683,0.01968214,0.01969808,669.85767193
2019-12-07 00:00:00,0.01971001,0.01977196,0.01960028,0.01965687,516.18661789
2019-12-08 00:00:00,0.01966627,0.02008935,0.01966627,0.02002460,1471.87443952
2019-12-09 00:00:00,0.02002945,0.02011657,0.01975620,0.02007568,3379.13786716
2019-12-10 00:00:00,0.02007366,0.02019979,0.01993503,0.02014999,2332.60256247
2019-12-11 00:00:00,0.02012001,0.02019888,0.01975621,0.01986500,997.62899069
2019-12-12 00:00:00,0.01985950,0.02017741,0.01960954,0.02010003,1987.38867227
2019-12-13 00:00:00,0.02012409,0.02015064,0.01983600,0.01996999,754.73809782
2019-12-14 00:00:00,0.01997009,0.02017000,0.01983900,0.02002286,880.80420736
2019-12-15 00:00:00,0.02005055,0.02013000,0.01984966,0.02000372,1983.60822677
2019-12-16 00:00:00,0.02001575,0.02008880,0.01884015,0.01925374,16050.25236395
2019-12-17 00:00:00,0.01923211,0.01931812,0.01820855,0.01838143,4786.64127501
2019-12-18 00:00:00,0.01843330,0.01878999,0.01797437,0.01827113,5225.85163928
2019-12-19 00:00:00,0.01829000,0.01833999,0.01757306,0.01790000,4631.44940142
2019-12-20 00:00:00,0.01796926,0.01797754,0.01748920,0.01786924,15830.65325565
2019-12-21 00:00:00,0.01787275,0.01789000,0.01775013,0.01780989,346.20460308
2019-12-22 00:00:00,0.01781698,0.01815898,0.01760742,0.01760742,895.54294492
2019-12-23 00:00:00,0.01754548,0.01776615,0.01721399,0.01742279,2336.80762661
2019-12-24 00:00:00,0.01751359,0.01773643,0.01738560,0.01762190,1566.06415841
2019-12-25 00:00:00,0.01760798,0.01763690,0.01719510,0.01739000,2362.54944728
2019-12-26 00:00:00,0.01738080,0.01780155,0.01728969,0.01743000,3269.57799019
2019-12-27 00:00:00,0.01739870,0.01750061,0.01726044,0.01746509,1720.88026600
2019-12-28 00:00:00,0.01740281,0.01766712,0.01739225,0.01750231,1144.21476094
2019-12-29 00:00:00,0.01751621,0.01835549,0.01748351,0.01818996,3839.66502711
2019-12-30 00:00:00,0.01815782,0.01841762,0.01792707,0.01818739,6162.35661681
2019-12-31 00:00:00,0.01820816,0.01828699,0.01789100,0.01797308,1155.98421298
2020-01-01 00:00:00,0.01796999,0.01835441,0.01792166,0.01814345,749.64021584
2020-01-02 00:00:00,0.01815206,0.01831647,0.01797441,0.01825823,1871.99967724
2020-01-03 00:00:00,0.01826220,0.01840199,0.01780000,0.01829115,3812.93254472
2020-01-04 00:00:00,0.01831485,0.01837374,0.01814913,0.01823011,1166.04599454
2020-01-05 00:00:00,0.01826267,0.01857821,0.01814815,0.01839508,2698.63468534
2020-01-06 00:00:00,0.01840311,0.01890450,0.01838735,0.01857000,5327.71988863
2020-01-07 00:00:00,0.01849999,0.01849999,0.01751660,0.01751660,5819.46440026
2020-01-08 00:00:00,0.01755559,0.01755560,0.01668727,0.01750437,18571.05668802
2020-01-09 00:00:00,0.01752529,0.01770000,0.01731939,0.01761589,2070.58096849
2020-01-10 00:00:00,0.01756783,0.01791772,0.01748998,0.01769999,2837.93027173
2020-01-11 00:00:00,0.01766001,0.01804000,0.01755224,0.01778001,916.32279643
2020-01-12 00:00:00,0.01779000,0.01790689,0.01764023,0.01789998,2739.23529151
2020-01-13 00:00:00,0.01791905,0.01791906,0.01758414,0.01769500,1516.45883685
2020-01-14 00:00:00,0.01770909,0.01929901,0.01735749,0.01880773,9434.44305053
2020-01-15 00:00:00,0.01877805,0.01944000,0.01845000,0.01883310,7309.11032290
2020-01-16 00:00:00,0.01886145,0.01893497,0.01840636,0.01883509,1233.72379594
2020-01-17 00:00:00,0.01883333,0.01940000,0.01873365,0.01914258,4918.14347229
2020-01-18 00:00:00,0.01909800,0.02000000,0.01873571,0.01966579,5355.83249034
2020-01-19 00:00:00,0.01950999,0.01966518,0.01888900,0.01920002,4034.91803851
2020-01-20 00:00:00,0.01918427,0.01940353,0.01887497,0.01930800,2239.05853109
2020-01-21 00:00:00,0.01925824,0.01950099,0.01918976,0.01937000,1135.97189804
2020-01-22 00:00:00,0.01943859,0.01950475,0.01923999,0.01937800,2130.90663150
2020-01-23 00:00:00,0.01935900,0.01955903,0.01910000,0.01943000,2940.32326460
2020-01-24 00:00:00,0.01935864,0.01944419,0.01885148,0.01922536,1737.51284663
2020-01-25 00:00:00,0.01911955,0.01934137,0.01901485,0.01922076,639.55439586
2020-01-26 00:00:00,0.01919000,0.01953794,0.01915924,0.01946000,1192.75519735
2020-01-27 00:00:00,0.01946001,0.01952390,0.01902304,0.01906300,3651.29876629
2020-01-28 00:00:00,0.01908677,0.01916472,0.01873001,0.01874072,6668.25195625
2020-01-29 00:00:00,0.01866950,0.01905756,0.01866950,0.01867387,2374.44933924
2020-01-30 00:00:00,0.01863510,0.01951959,0.01852272,0.01938965,3437.48393558
2020-01-31 00:00:00,0.01941895,0.01952276,0.01902589,0.01924489,7034.19893297
2020-02-01 00:00:00,0.01921630,0.01960260,0.01918898,0.01959667,1663.61164254
2020-02-02 00:00:00,0.01958313,0.02043099,0.01943747,0.02016463,4926.01055263
2020-02-03 00:00:00,0.02015000,0.02054000,0.02013961,0.02041502,6146.48446702
2020-02-04 00:00:00,0.02041283,0.02058310,0.02014566,0.02054981,2573.11800957
2020-02-05 00:00:00,0.02054158,0.02141860,0.02045351,0.02121562,5088.99348110
2020-02-06 00:00:00,0.02120426,0.02197709,0.02106961,0.02182988,6254.27132255
2020-02-07 00:00:00,0.02182532,0.02281500,0.02182258,0.02278281,7387.77257878
2020-02-08 00:00:00,0.02276887,0.02313873,0.02205130,0.02254538,6112.37844955
2020-02-09 00:00:00,0.02253795,0.02285279,0.02228619,0.02252278,4894.05751846
2020-02-10 00:00:00,0.02249414,0.02280179,0.02208450,0.02265182,6097.28116043
2020-02-11 00:00:00,0.02262442,0.02331962,0.02237824,0.02313638,6418.91178538
2020-02-12 00:00:00,0.02316596,0.02646000,0.02316596,0.02566812,18670.12820621
2020-02-13 00:00:00,0.02571924,0.02677432,0.02510001,0.02622857,9989.14060275
2020-02-14 00:00:00,0.02626000,0.02773341,0.02576999,0.02754641,18072.01961146
2020-02-15 00:00:00,0.02760161,0.02782341,0.02659463,0.02673000,8154.23003640
2020-02-16 00:00:00,0.02674308,0.02730000,0.02456001,0.02618725,12435.69046471
2020-02-17 00:00:00,0.02611640,0.02764537,0.02491006,0.02757002,9026.58202353
2020-02-18 00:00:00,0.02760608,0.02850000,0.02701139,0.02778057,13914.42037353
2020-02-19 00:00:00,0.02778057,0.02798262,0.02665304,0.02699000,7631.85170266
2020-02-20 00:00:00,0.02690473,0.02740753,0.02595159,0.02688039,2874.90328113
2020-02-21 00:00:00,0.02678997,0.02753699,0.02650799,0.02740660,5917.06492001
2020-02-22 00:00:00,0.02733719,0.02747247,0.02673231,0.02713543,1010.60661816
2020-02-23 00:00:00,0.02714267,0.02764300,0.02701280,0.02762182,2632.32806408
2020-02-24 00:00:00,0.02762281,0.02779298,0.02704175,0.02750516,7461.38356878
2020-02-25 00:00:00,0.02749191,0.02750070,0.02638149,0.02644780,2115.65858946
2020-02-26 00:00:00,0.02646587,0.02666921,0.02480041,0.02552177,14652.59925862
2020-02-27 00:00:00,0.02542000,0.02666737,0.02459437,0.02580876,7403.03361497
2020-02-28 00:00:00,0.02583076,0.02635998,0.02523486,0.02613960,3966.07354439
2020-02-29 00:00:00,0.02607621,0.02656164,0.02549453,0.02558902,2842.83672627
2020-03-01 00:00:00,0.02551117,0.02601678,0.02518009,0.02559453,3548.25505467
2020-03-02 00:00:00,0.02552066,0.02627443,0.02541000,0.02598973,3435.12066365
2020-03-03 00:00:00,0.02602789,0.02616039,0.02541564,0.02554510,4328.50915687
2020-03-04 00:00:00,0.02554932,0.02591657,0.02541471,0.02560000,2693.58142850
2020-03-05 00:00:00,0.02565000,0.02573615,0.02504171,0.02525244,2738.64688614
2020-03-06 00:00:00,0.02526775,0.02684980,0.02525001,0.02684980,10159.77047188
2020-03-07 00:00:00,0.02686848,0.02745240,0.02663029,0.02665938,5736.09982423
2020-03-08 00:00:00,0.02665000,0.02667506,0.02450000,0.02477701,8409.82611611
2020-03-09 00:00:00,0.02484432,0.02616737,0.02469031,0.02556737,9985.33793946
2020-03-10 00:00:00,0.02556327,0.02572188,0.02506731,0.02537664,9422.44691918
2020-03-11 00:00:00,0.02542532,0.02555000,0.02389014,0.02452023,7696.09202586
2020-03-12 00:00:00,0.02451083,0.02500000,0.02100001,0.02251252,43058.72103236
2020-03-13 00:00:00,0.02263259,0.02567214,0.02187000,0.02400448,37548.38327923
2020-03-14 00:00:00,0.02401818,0.02452359,0.02346708,0.02368289,7277.05058390
2020-03-15 00:00:00,0.02367187,0.02378420,0.02224594,0.02305298,7256.90146370
2020-03-16 00:00:00,0.02318932,0.02328000,0.02178738,0.02206964,15660.58174579
2020-03-17 00:00:00,0.02206816,0.02259217,0.02156237,0.02179472,8148.58015746
2020-03-18 00:00:00,0.02173371,0.02202626,0.02161280,0.02189670,4240.92318728
2020-03-19 00:00:00,0.02188766,0.02240856,0.02157036,0.02217751,13820.85807995
2020-03-20 00:00:00,0.02210647,0.02281000,0.02028762,0.02147008,10687.75230055
2020-03-21 00:00:00,0.02144000,0.02164866,0.02112872,0.02144200,4799.31611889
2020-03-22 00:00:00,0.02138638,0.02148307,0.02080898,0.02099686,3014.98657514
2020-03-23 00:00:00,0.02103037,0.02133981,0.02047928,0.02099235,4255.50804377
2020-03-24 00:00:00,0.02092399,0.02113162,0.02047241,0.02053709,10216.49703169
2020-03-25 00:00:00,0.02056143,0.02100009,0.02026447,0.02035283,3612.22730059
2020-03-26 00:00:00,0.02035500,0.02062613,0.02019410,0.02054242,2063.66169766
2020-03-27 00:00:00,0.02057258,0.02081128,0.02035575,0.02063523,5548.23925036
2020-03-28 00:00:00,0.02062856,0.02120688,0.02050000,0.02103719,4927.40254813
2020-03-29 00:00:00,0.02097062,0.02126866,0.02085196,0.02117366,2388.69975443
2020-03-30 00:00:00,0.02116545,0.02131233,0.02043930,0.02067473,3635.90879391
2020-03-31 00:00:00,0.02062155,0.02087988,0.02040092,0.02076613,2290.52223506
2020-04-01 00:00:00,0.02076529,0.02115000,0.02037347,0.02043028,4154.19435911
2020-04-02 00:00:00,0.02045710,0.02108890,0.02043245,0.02071036,2833.71818868
2020-04-03 00:00:00,0.02074087,0.02106549,0.02074087,0.02103805,3871.62621718
2020-04-04 00:00:00,0.02096899,0.02122938,0.02081572,0.02105847,3308.31110720
2020-04-05 00:00:00,0.02104203,0.02120636,0.02095958,0.02107684,3246.82733727
2020-04-06 00:00:00,0.02104233,0.02342936,0.02101950,0.02333253,7383.40294257
2020-04-07 00:00:00,0.02336732,0.02371560,0.02274522,0.02286000,14516.22269567
2020-04-08 00:00:00,0.02283225,0.02357688,0.02276457,0.02353169,2293.44235518
2020-04-09 00:00:00,0.02346208,0.02359553,0.02322558,0.02331026,3573.28141080
2020-04-10 00:00:00,0.02325546,0.02334107,0.02246624,0.02299193,8090.47799449
2020-04-11 00:00:00,0.02305403,0.02326806,0.02273572,0.02305099,1385.61661638
2020-04-12 00:00:00,0.02306500,0.02319510,0.02284048,0.02303515,3872.92529732
2020-04-13 00:00:00,0.02299895,0.02311405,0.02260884,0.02290340,2719.72883592
2020-04-14 00:00:00,0.02288199,0.02326748,0.02285683,0.02307902,2390.29225798
2020-04-15 00:00:00,0.02296691,0.02340080,0.02286182,0.02307536,3468.14715406
2020-04-16 00:00:00,0.02306222,0.02474132,0.02292408,0.02422000,10063.17203035
2020-04-17 00:00:00,0.02430840,0.02443700,0.02388827,0.02427039,1140.52434412
2020-04-18 00:00:00,0.02428957,0.02600000,0.02428000,0.02587000,5330.88325607
2020-04-19 00:00:00,0.02592168,0.02600060,0.02486973,0.02524671,3582.11115112
2020-04-20 00:00:00,0.02521000,0.02586793,0.02469037,0.02492781,5210.58571954
2020-04-21 00:00:00,0.02493841,0.02528007,0.02485580,0.02498542,5547.96208826
2020-04-22 00:00:00,0.02497033,0.02572780,0.02493644,0.02562170,2190.04301752
2020-04-23 00:00:00,0.02567905,0.02600000,0.02462054,0.02475013,5107.26843513
2020-04-24 00:00:00,0.02481451,0.02516000,0.02478432,0.02497343,8662.19946298
2020-04-25 00:00:00,0.02498814,0.02590000,0.02492333,0.02568663,4736.22551964
2020-04-26 00:00:00,0.02587389,0.02595194,0.02551170,0.02570207,5029.18977294
2020-04-27 00:00:00,0.02564146,0.02567890,0.02485000,0.02528972,3383.70603421
2020-04-28 00:00:00,0.02530724,0.02548947,0.02511919,0.02536177,6778.37795048
2020-04-29 00:00:00,0.02541801,0.02600000,0.02422684,0.02453919,13737.39779144
2020-04-30 00:00:00,0.02456276,0.02466000,0.02360399,0.02393644,11861.48618603
2020-05-01 00:00:00,0.02393722,0.02438639,0.02386560,0.02405522,4957.85436224
2020-05-02 00:00:00,0.02403925,0.02419232,0.02377885,0.02387504,4164.25716746
2020-05-03 00:00:00,0.02387322,0.02399146,0.02344017,0.02357351,8370.24658547
2020-05-04 00:00:00,0.02354957,0.02364735,0.02275185,0.02330106,6980.13709914
2020-05-05 00:00:00,0.02325455,0.02346319,0.02275918,0.02277000,3237.77691457
2020-05-06 00:00:00,0.02277326,0.02311949,0.02171803,0.02176326,8224.59501014
2020-05-07 00:00:00,0.02173914,0.02223838,0.02105000,0.02126302,21719.50524247
2020-05-08 00:00:00,0.02122092,0.02161533,0.02119932,0.02153667,9166.62132346
2020-05-09 00:00:00,0.02154822,0.02205545,0.02150949,0.02203110,8941.68231997
2020-05-10 00:00:00,0.02195391,0.02290000,0.02131648,0.02145670,9588.34129954
2020-05-11 00:00:00,0.02149475,0.02176288,0.02098540,0.02167560,11096.73892627
2020-05-12 00:00:00,0.02172877,0.02180530,0.02133520,0.02156698,5194.64854457
2020-05-13 00:00:00,0.02152342,0.02173300,0.02111052,0.02144120,5115.26111656
2020-05-14 00:00:00,0.02140611,0.02140611,0.02049092,0.02077352,9445.72941257
2020-05-15 00:00:00,0.02073397,0.02130740,0.02068164,0.02093927,5442.41545650
2020-05-16 00:00:00,0.02091459,0.02175000,0.02088624,0.02139012,4983.60379444
2020-05-17 00:00:00,0.02135239,0.02152225,0.02093621,0.02136800,3261.61438178
2020-05-18 00:00:00,0.02132325,0.02227553,0.02132325,0.02205874,7760.13454619
2020-05-19 00:00:00,0.02213712,0.02229998,0.02180259,0.02195117,8053.88298388
2020-05-20 00:00:00,0.02195702,0.02219999,0.02167332,0.02206068,8796.65999801
2020-05-21 00:00:00,0.02205498,0.02223794,0.02176000,0.02193228,8451.68217966
2020-05-22 00:00:00,0.02192849,0.02272547,0.02185163,0.02262046,4103.64773622
2020-05-23 00:00:00,0.02268104,0.02277330,0.02245976,0.02253947,2447.72563153
2020-05-24 00:00:00,0.02253892,0.02316700,0.02248450,0.02291000,6102.54583767
2020-05-25 00:00:00,0.02292358,0.02323118,0.02282174,0.02295000,7119.00817637
2020-05-26 00:00:00,0.02295916,0.02300464,0.02260538,0.02274233,4349.59753020
2020-05-27 00:00:00,0.02275165,0.02303797,0.02245111,0.02262700,5703.06084811
2020-05-28 00:00:00,0.02262700,0.02301316,0.02214483,0.02301316,8773.31266684
2020-05-29 00:00:00,0.02302946,0.02354110,0.02302438,0.02342493,7028.05209304
2020-05-30 00:00:00,0.02342493,0.02560000,0.02334861,0.02509093,12191.28637235
2020-05-31 00:00:00,0.02509000,0.02536885,0.02447034,0.02452528,6195.39486798
2020-06-01 00:00:00,0.02453073,0.02527286,0.02420392,0.02435000,10092.37456948
2020-06-02 00:00:00,0.02435313,0.02531189,0.02385000,0.02499019,15471.23360437
2020-06-03 00:00:00,0.02497674,0.02536448,0.02479311,0.02532615,3521.66301122
2020-06-04 00:00:00,0.02532613,0.02547760,0.02450000,0.02483692,4865.59330776
2020-06-05 00:00:00,0.02485846,0.02515412,0.02473000,0.02495766,4268.97575461
2020-06-06 00:00:00,0.02495766,0.02518579,0.02490026,0.02506586,3274.95034775
2020-06-07 00:00:00,0.02505189,0.02514684,0.02472000,0.02507418,3807.43335118
2020-06-08 00:00:00,0.02508000,0.02525772,0.02492045,0.02520676,3610.82814380
2020-06-09 00:00:00,0.02522868,0.02545668,0.02484891,0.02494795,3089.55744484
2020-06-10 00:00:00,0.02494000,0.02516663,0.02479500,0.02507034,2968.54211591
2020-06-11 00:00:00,0.02507230,0.02517642,0.02454628,0.02483633,5627.18943598
2020-06-12 00:00:00,0.02483629,0.02519587,0.02470929,0.02511830,4802.81302807
2020-06-13 00:00:00,0.02511580,0.02528457,0.02501273,0.02512141,2637.76993143
2020-06-14 00:00:00,0.02515089,0.02523000,0.02481874,0.02483611,3475.66226901
2020-06-15 00:00:00,0.02480000,0.02485515,0.02427440,0.02451184,7070.96249057
2020-06-16 00:00:00,0.02450100,0.02473266,0.02430000,0.02468801,6003.57966232
2020-06-17 00:00:00,0.02468034,0.02485709,0.02457556,0.02474621,3723.49274810
2020-06-18 00:00:00,0.02472138,0.02482654,0.02444136,0.02462176,3199.19489000
2020-06-19 00:00:00,0.02462287,0.02470700,0.02437364,0.02460999,2835.21687678
2020-06-20 00:00:00,0.02461321,0.02472131,0.02439477,0.02447318,1752.97402161
2020-06-21 00:00:00,0.02447611,0.02466253,0.02443815,0.02454784,2250.67429305
2020-06-22 00:00:00,0.02453603,0.02563000,0.02450329,0.02508851,11813.77346229
2020-06-23 00:00:00,0.02512952,0.02600000,0.02504668,0.02524562,5400.45427002
2020-06-24 00:00:00,0.02528108,0.02582340,0.02502929,0.02522949,5636.27354877
2020-06-25 00:00:00,0.02527073,0.02536616,0.02509338,0.02516265,3875.38982281
2020-06-26 00:00:00,0.02513699,0.02522710,0.02501542,0.02508172,3514.38266066
2020-06-27 00:00:00,0.02507956,0.02516603,0.02429689,0.02453661,8755.00466551
2020-06-28 00:00:00,0.02444574,0.02483575,0.02436410,0.02467640,6156.54163267
2020-06-29 00:00:00,0.02468000,0.02489239,0.02442445,0.02478369,4556.24569514
2020-06-30 00:00:00,0.02482364,0.02487154,0.02452694,0.02469874,3412.41957327
2020-07-01 00:00:00,0.02467000,0.02509123,0.02459394,0.02503287,3064.53697874
2020-07-02 00:00:00,0.02503531,0.02505700,0.02475522,0.02490943,2715.83410810
2020-07-03 00:00:00,0.02489852,0.02504163,0.02478469,0.02483171,2953.88213055
2020-07-04 00:00:00,0.02483424,0.02511537,0.02481737,0.02507098,2411.58631140
2020-07-05 00:00:00,0.02509000,0.02514105,0.02485618,0.02507372,2213.79837852
2020-07-06 00:00:00,0.02509000,0.02584891,0.02503419,0.02584399,12336.75781642
2020-07-07 00:00:00,0.02584343,0.02600276,0.02548000,0.02584175,4478.76439195
2020-07-08 00:00:00,0.02586184,0.02635972,0.02573904,0.02619487,10094.90014782
2020-07-09 00:00:00,0.02611307,0.02629548,0.02592371,0.02619403,3967.51048768
2020-07-10 00:00:00,0.02616383,0.02618765,0.02582000,0.02594059,17158.70227638
2020-07-11 00:00:00,0.02597768,0.02603999,0.02583384,0.02590060,10217.45765348
2020-07-12 00:00:00,0.02591965,0.02615594,0.02568654,0.02608761,3694.51629063
2020-07-13 00:00:00,0.02609966,0.02630395,0.02576550,0.02594157,7129.70548721
2020-07-14 00:00:00,0.02592496,0.02612556,0.02582747,0.02600078,5604.73662529
2020-07-15 00:00:00,0.02599219,0.02603240,0.02577719,0.02593425,5580.06229788
2020-07-16 00:00:00,0.02591000,0.02595601,0.02533047,0.02558108,5930.21329181
2020-07-17 00:00:00,0.02559821,0.02564650,0.02538582,0.02543977,1864.33264535
2020-07-18 00:00:00,0.02542499,0.02576593,0.02538909,0.02567665,1740.03425588
2020-07-19 00:00:00,0.02572598,0.02599530,0.02556456,0.02599257,1035.55136376
2020-07-20 00:00:00,0.02598000,0.02604446,0.02559582,0.02577568,1641.45624328
2020-07-21 00:00:00,0.02576766,0.02624913,0.02575950,0.02617139,2608.17228383
2020-07-22 00:00:00,0.02616970,0.02827602,0.02601203,0.02767736,10605.88601516
2020-07-23 00:00:00,0.02768425,0.02920000,0.02742148,0.02868000,10746.38106320
2020-07-24 00:00:00,0.02868000,0.02984010,0.02827745,0.02933126,6649.96915842
2020-07-25 00:00:00,0.02933000,0.03191970,0.02930663,0.03151878,8139.44416544
2020-07-26 00:00:00,0.03151591,0.03265104,0.03057407,0.03130438,19569.31663465
2020-07-27 00:00:00,0.03131093,0.03261876,0.02868236,0.02921577,17652.33765826
2020-07-28 00:00:00,0.02921751,0.02931339,0.02847240,0.02905335,11993.58469499
2020-07-29 00:00:00,0.02905224,0.02957356,0.02854260,0.02866302,7277.14665391
2020-07-30 00:00:00,0.02863008,0.03061401,0.02863008,0.03014515,6434.97336769
2020-07-31 00:00:00,0.03020472,0.03095314,0.02997950,0.03056050,6053.03663645
2020-08-01 00:00:00,0.03054802,0.03315000,0.03030674,0.03284009,9987.88126595
2020-08-02 00:00:00,0.03282058,0.03464427,0.03031700,0.03364696,15829.46629803
2020-08-03 00:00:00,0.03366845,0.03514696,0.03341000,0.03440000,9469.13522688
2020-08-04 00:00:00,0.03443000,0.03529000,0.03437394,0.03480446,9462.38527820
2020-08-05 00:00:00,0.03480855,0.03494974,0.03382507,0.03415379,9956.15519498
2020-08-06 00:00:00,0.03415000,0.03433716,0.03337991,0.03358340,6207.08643684
2020-08-07 00:00:00,0.03357527,0.03363921,0.03177000,0.03273228,6794.61677944
2020-08-08 00:00:00,0.03271658,0.03375887,0.03262545,0.03375887,2899.64381951
2020-08-09 00:00:00,0.03374003,0.03395096,0.03312000,0.03343101,3332.44140536
2020-08-10 00:00:00,0.03343145,0.03357000,0.03282000,0.03328111,4511.36389595
2020-08-11 00:00:00,0.03330359,0.03370888,0.03286941,0.03325440,3822.05740202
2020-08-12 00:00:00,0.03327069,0.03359637,0.03276350,0.03345986,3368.61566673
2020-08-13 00:00:00,0.03347038,0.03653857,0.03341200,0.03602591,14440.59259128
2020-08-14 00:00:00,0.03605539,0.03768748,0.03581859,0.03722876,8584.61050892
2020-08-15 00:00:00,0.03727078,0.03730816,0.03577776,0.03649072,6228.82170363
2020-08-16 00:00:00,0.03646392,0.03671385,0.03528000,0.03644816,5873.25127115
2020-08-17 00:00:00,0.03645607,0.03645607,0.03492000,0.03503761,5407.45191458
2020-08-18 00:00:00,0.03508052,0.03564596,0.03479997,0.03530190,3872.57806440
2020-08-19 00:00:00,0.03537972,0.03551619,0.03389207,0.03460842,6434.60324387
2020-08-20 00:00:00,0.03470973,0.03525828,0.03444918,0.03506378,3832.77525631
2020-08-21 00:00:00,0.03508159,0.03523351,0.03344128,0.03359364,9914.18303808
2020-08-22 00:00:00,0.03364815,0.03402000,0.03331943,0.03391522,4411.60307897
2020-08-23 00:00:00,0.03386435,0.03394226,0.03326933,0.03351341,2670.15555242
2020-08-24 00:00:00,0.03350482,0.03480319,0.03345000,0.03474433,2261.32465740
2020-08-25 00:00:00,0.03471712,0.03475772,0.03283250,0.03381417,6113.17602366
2020-08-26 00:00:00,0.03375000,0.03417704,0.03349698,0.03368084,2002.90387204
2020-08-27 00:00:00,0.03369968,0.03425642,0.03327691,0.03380037,2268.12039157
2020-08-28 00:00:00,0.03373684,0.03450084,0.03364263,0.03427384,1828.43316112
2020-08-29 00:00:00,0.03427709,0.03521287,0.03418104,0.03473799,2304.55317763
2020-08-30 00:00:00,0.03473695,0.03670000,0.03473695,0.03661471,4659.15979007
2020-08-31 00:00:00,0.03657913,0.03745070,0.03606237,0.03725795,4415.79157164
2020-09-01 00:00:00,0.03724937,0.04057216,0.03711000,0.03991050,9282.41422166
2020-09-02 00:00:00,0.03988000,0.04043999,0.03746000,0.03858838,8016.05356348
2020-09-03 00:00:00,0.03858685,0.03942000,0.03650000,0.03762000,9403.52783909
2020-09-04 00:00:00,0.03763611,0.03813611,0.03615042,0.03689855,6810.25255281
2020-09-05 00:00:00,0.03687946,0.03736997,0.03122745,0.03294903,16463.82771688
2020-09-06 00:00:00,0.03294613,0.03486000,0.03164860,0.03442528,13064.70607825
2020-09-07 00:00:00,0.03442998,0.03475713,0.03274999,0.03404037,4506.41589705
2020-09-08 00:00:00,0.03408000,0.03420548,0.03300000,0.03327002,5143.09293331
2020-09-09 00:00:00,0.03326985,0.03472887,0.03312891,0.03434355,3620.69825349
2020-09-10 00:00:00,0.03431128,0.03611066,0.03431128,0.03551050,3947.67177470
2020-09-11 00:00:00,0.03563659,0.03608243,0.03486927,0.03600973,2591.69418179
2020-09-12 00:00:00,0.03606123,0.03713804,0.03540855,0.03708430,4363.86656667
2020-09-13 00:00:00,0.03714000,0.03714014,0.03453250,0.03542754,7791.02037908
2020-09-14 00:00:00,0.03536613,0.03585801,0.03470000,0.03530290,7681.98859578
2020-09-15 00:00:00,0.03537759,0.03544353,0.03358057,0.03380190,2695.78924046
2020-09-16 00:00:00,0.03374653,0.03382456,0.03315246,0.03330680,3299.48338212
2020-09-17 00:00:00,0.03329123,0.03606780,0.03324295,0.03556815,4435.77772245
2020-09-18 00:00:00,0.03563383,0.03580798,0.03471618,0.03514987,2483.17261971
2020-09-19 00:00:00,0.03504550,0.03515279,0.03448721,0.03476074,2403.82375865
2020-09-20 00:00:00,0.03475713,0.03486566,0.03378625,0.03396414,3068.21201825
2020-09-21 00:00:00,0.03396414,0.03431933,0.03206217,0.03264541,6861.05077362
2020-09-22 00:00:00,0.03266994,0.03305188,0.03231213,0.03268539,6807.97210042
2020-09-23 00:00:00,0.03268413,0.03273838,0.03082035,0.03130776,4188.45348626
2020-09-24 00:00:00,0.03130776,0.03290784,0.03106233,0.03249587,4297.47129462
2020-09-25 00:00:00,0.03246124,0.03327763,0.03186939,0.03289228,3760.23661193
2020-09-26 00:00:00,0.03292828,0.03313068,0.03243886,0.03301716,1999.54190529
2020-09-27 00:00:00,0.03305640,0.03356312,0.03276074,0.03317747,881.57407606
2020-09-28 00:00:00,0.03319258,0.03369046,0.03274836,0.03309969,1916.87024890
2020-09-29 00:00:00,0.03303090,0.03335070,0.03285779,0.03317040,900.56096272
2020-09-30 00:00:00,0.03318226,0.03353618,0.03295882,0.03334559,605.05954634
2020-10-01 00:00:00,0.03339673,0.03385775,0.03302072,0.03326267,2798.71345364
2020-10-02 00:00:00,0.03322291,0.03331481,0.03221602,0.03270085,3079.34263074
2020-10-03 00:00:00,0.03270225,0.03317447,0.03262428,0.03280513,736.16208420
2020-10-04 00:00:00,0.03279788,0.03313068,0.03262456,0.03301488,2302.48238128
2020-10-05 00:00:00,0.03307512,0.03314305,0.03272749,0.03277765,833.56790347
2020-10-06 00:00:00,0.03278974,0.03290983,0.03199318,0.03212169,1704.08976705
2020-10-07 00:00:00,0.03208002,0.03220267,0.03157696,0.03202462,3153.29699857
2020-10-08 00:00:00,0.03200000,0.03241902,0.03167130,0.03210366,1702.57520887
2020-10-09 00:00:00,0.03214012,0.03322200,0.03204869,0.03302000,33161.50499298
2020-10-10 00:00:00,0.03301389,0.03327713,0.03270896,0.03280044,2096.50167457
2020-10-11 00:00:00,0.03279197,0.03309354,0.03267508,0.03291258,1147.86173157
2020-10-12 00:00:00,0.03289896,0.03380534,0.03251944,0.03351893,49403.73493464
2020-10-13 00:00:00,0.03356328,0.03360753,0.03310536,0.03336563,1100.11684530
2020-10-14 00:00:00,0.03338172,0.03362567,0.03301706,0.03318145,1000.79409609
2020-10-15 00:00:00,0.03314875,0.03338296,0.03277000,0.03282712,641.58764205
2020-10-16 00:00:00,0.03285995,0.03292930,0.03221602,0.03233351,2882.65697139
2020-10-17 00:00:00,0.03223756,0.03247082,0.03220364,0.03242672,389.07458349
2020-10-18 00:00:00,0.03236617,0.03296974,0.03236617,0.03286794,1468.86180262
2020-10-19 00:00:00,0.03288871,0.03290847,0.03215412,0.03230126,1895.18485283
2020-10-20 00:00:00,0.03226681,0.03239707,0.03086000,0.03095533,8931.86563102
2020-10-21 00:00:00,0.03095354,0.03120843,0.03029712,0.03050465,7014.81664515
2020-10-22 00:00:00,0.03057642,0.03216093,0.03049001,0.03190001,6993.44694699
2020-10-23 00:00:00,0.03193992,0.03222600,0.03152274,0.03166185,1335.61545417
2020-10-24 00:00:00,0.03170189,0.03189297,0.03127172,0.03144305,3386.02284608
2020-10-25 00:00:00,0.03141407,0.03174066,0.03110000,0.03115190,1454.73610444
2020-10-26 00:00:00,0.03112658,0.03132958,0.02987929,0.03011514,4311.11780988
2020-10-27 00:00:00,0.03010397,0.03031474,0.02940000,0.02960028,2497.75977801
2020-10-28 00:00:00,0.02958647,0.02986335,0.02879109,0.02926232,5496.65097831
2020-10-29 00:00:00,0.02929808,0.02954541,0.02862051,0.02874425,2702.07732310
2020-10-30 00:00:00,0.02868883,0.02896653,0.02808070,0.02824956,4250.63553126
2020-10-31 00:00:00,0.02819592,0.02848000,0.02793629,0.02804006,1897.03650432
2020-11-01 00:00:00,0.02818668,0.02886000,0.02800125,0.02882244,1404.65859749
2020-11-02 00:00:00,0.02887859,0.02932814,0.02814688,0.02828140,3283.02407624
2020-11-03 00:00:00,0.02823465,0.02838114,0.02767858,0.02767858,3200.16689409
2020-11-04 00:00:00,0.02767622,0.02875839,0.02755833,0.02844607,3110.77495216
2020-11-05 00:00:00,0.02845000,0.02863547,0.02660000,0.02670625,10822.43456073
2020-11-06 00:00:00,0.02681823,0.02933916,0.02669470,0.02930131,5010.16529804
2020-11-07 00:00:00,0.02929038,0.02995064,0.02892004,0.02940304,7501.72898946
2020-11-08 00:00:00,0.02933975,0.02963486,0.02912985,0.02935809,1783.36607908
2020-11-09 00:00:00,0.02936211,0.02943999,0.02890422,0.02901860,4357.36269046
2020-11-10 00:00:00,0.02896744,0.02958108,0.02885263,0.02949000,2121.64997936
2020-11-11 00:00:00,0.02945835,0.03019168,0.02941338,0.02952016,7341.99097886
2020-11-12 00:00:00,0.02952061,0.02952061,0.02826769,0.02844143,3908.22109275
2020-11-13 00:00:00,0.02843268,0.02923160,0.02820000,0.02918581,2167.07107482
2020-11-14 00:00:00,0.02923000,0.02923000,0.02868679,0.02868679,1380.50429539
2020-11-15 00:00:00,0.02868142,0.02885826,0.02785023,0.02810483,1452.78579105
2020-11-16 00:00:00,0.02809270,0.02818252,0.02744126,0.02758311,2144.11538982
2020-11-17 00:00:00,0.02755000,0.02799064,0.02688805,0.02730000,4838.24594265
2020-11-18 00:00:00,0.02734063,0.02752993,0.02629188,0.02687007,7755.31956912
2020-11-19 00:00:00,0.02692221,0.02705622,0.02600000,0.02645953,6262.17774752
2020-11-20 00:00:00,0.02649999,0.02790737,0.02640870,0.02733000,8343.16644209
2020-11-21 00:00:00,0.02734382,0.02956000,0.02710000,0.02954413,10871.76680652
2020-11-22 00:00:00,0.02956427,0.03114491,0.02901110,0.03042000,13347.40670247
2020-11-23 00:00:00,0.03044660,0.03314873,0.03037140,0.03310807,11140.94612085
2020-11-24 00:00:00,0.03315544,0.03369115,0.03080470,0.03160899,14333.84820082
2020-11-25 00:00:00,0.03143608,0.03177151,0.02993331,0.03042195,3560.33392179
2020-11-26 00:00:00,0.03040946,0.03075999,0.02901606,0.03027000,9217.94179793
2020-11-27 00:00:00,0.03040000,0.03064689,0.02998960,0.03020983,1735.55385502
2020-11-28 00:00:00,0.03029900,0.03076848,0.02998164,0.03036831,2235.60599018
2020-11-29 00:00:00,0.03036390,0.03171252,0.03027236,0.03166988,1998.57894790
2020-11-30 00:00:00,0.03171336,0.03290000,0.03066319,0.03131790,6174.92956040
2020-12-01 00:00:00,0.03126000,0.03217176,0.03011142,0.03127772,4956.06358958
2020-12-02 00:00:00,0.03115134,0.03160704,0.03099040,0.03111000,1182.39528026
2020-12-03 00:00:00,0.03108269,0.03179347,0.03097802,0.03172509,1357.88831054
2020-12-04 00:00:00,0.03166202,0.03172031,0.03042092,0.03042092,2309.46741298
2020-12-05 00:00:00,0.03040854,0.03116136,0.03030950,0.03113019,378.86242658
2020-12-06 00:00:00,0.03117374,0.03144074,0.03090640,0.03115605,1099.27617246
2020-12-07 00:00:00,0.03104778,0.03106890,0.03073042,0.03081784,509.88519639
2020-12-08 00:00:00,0.03079380,0.03086586,0.02997491,0.03022242,1490.58207518
2020-12-09 00:00:00,0.03019772,0.03134706,0.03000581,0.03090569,1562.48223516
2020-12-10 00:00:00,0.03102352,0.03102352,0.03048282,0.03064316,923.29967534
2020-12-11 00:00:00,0.03060232,0.03069230,0.03016094,0.03021394,1984.01480080
2020-12-12 00:00:00,0.03019222,0.03051894,0.02991262,0.03021099,1407.41899165
2020-12-13 00:00:00,0.03022271,0.03093354,0.03004952,0.03079363,786.26614258
2020-12-14 00:00:00,0.03079367,0.03079367,0.03021824,0.03039091,881.30813545
2020-12-15 00:00:00,0.03040527,0.03054278,0.02999990,0.03028379,1627.87020043
2020-12-16 00:00:00,0.03022459,0.03035803,0.02953236,0.02991901,5463.22791469
2020-12-17 00:00:00,0.02986330,0.03035365,0.02750000,0.02826168,9962.22938198
2020-12-18 00:00:00,0.02812147,0.02866798,0.02797360,0.02826525,2213.95118752
2020-12-19 00:00:00,0.02828481,0.02856298,0.02745231,0.02764600,2097.90635403
2020-12-20 00:00:00,0.02762080,0.02791305,0.02140000,0.02717304,3472.88279372
2020-12-21 00:00:00,0.02721740,0.02729161,0.02638060,0.02674715,6589.35641394
2020-12-22 00:00:00,0.02678384,0.02704003,0.02620497,0.02675448,2280.46538661
2020-12-23 00:00:00,0.02666889,0.02668461,0.02408868,0.02515000,5255.37417587
2020-12-24 00:00:00,0.02514000,0.02595620,0.02480999,0.02580000,3204.17856411
2020-12-25 00:00:00,0.02580161,0.02613570,0.02502730,0.02542000,3383.82130261
2020-12-26 00:00:00,0.02537114,0.02551353,0.02388000,0.02410231,6424.23500088
2020-12-27 00:00:00,0.02403663,0.02632000,0.02275683,0.02603622,19333.16053891
2020-12-28 00:00:00,0.02617720,0.02766651,0.02575972,0.02699000,11411.04232599
2020-12-29 00:00:00,0.02699999,0.02740000,0.02631000,0.02671571,6600.72137229
2020-12-30 00:00:00,0.02674995,0.02697019,0.02578938,0.02606246,5241.21605913
2020-12-31 00:00:00,0.02595760,0.02600000,0.02539891,0.02545352,7406.31921946
2021-01-01 00:00:00,0.02546570,0.02552264,0.02482888,0.02486000,1874.23753528
2021-01-02 00:00:00,0.02481820,0.02509983,0.02352650,0.02415000,11147.60442284
2021-01-03 00:00:00,0.02408334,0.03030000,0.02308831,0.02964594,36410.85821283
2021-01-04 00:00:00,0.02965038,0.03503680,0.02894932,0.03246000,37478.98490402
2021-01-05 00:00:00,0.03271648,0.03468770,0.03112000,0.03238001,17251.79768900
2021-01-06 00:00:00,0.03244999,0.03451521,0.03132651,0.03283615,18484.90567279
2021-01-07 00:00:00,0.03291433,0.03298884,0.03090168,0.03107000,17757.07407263
2021-01-08 00:00:00,0.03109522,0.03130308,0.02898354,0.02996610,15033.89364573
2021-01-09 00:00:00,0.02998999,0.03222123,0.02948391,0.03182600,11097.39487396
2021-01-10 00:00:00,0.03186319,0.03395690,0.03159000,0.03284172,15326.84275228
2021-01-11 00:00:00,0.03291000,0.03301360,0.02968720,0.03072997,19265.21527705
2021-01-12 00:00:00,0.03073000,0.03210000,0.03028000,0.03080000,4924.80451583
2021-01-13 00:00:00,0.03073042,0.03137087,0.02999631,0.03023072,3780.59410683
2021-01-14 00:00:00,0.03024085,0.03150800,0.02942957,0.03150800,4353.65302439
2021-01-15 00:00:00,0.03147225,0.03252000,0.03105655,0.03183000,6240.44775060
2021-01-16 00:00:00,0.03178002,0.03482607,0.03169606,0.03407998,6878.61177187
2021-01-17 00:00:00,0.03412994,0.03484020,0.03377418,0.03434450,5346.76707662
2021-01-18 00:00:00,0.03440000,0.03462985,0.03317204,0.03437546,4867.09340879
2021-01-19 00:00:00,0.03434000,0.03888000,0.03422458,0.03812000,19562.19055457
2021-01-20 00:00:00,0.03811435,0.03899000,0.03631902,0.03893997,8358.34185206
2021-01-21 00:00:00,0.03892483,0.03900000,0.03605002,0.03605002,10724.14194901
2021-01-22 00:00:00,0.03604056,0.03842876,0.03550000,0.03742172,7179.82882464
2021-01-23 00:00:00,0.03740280,0.03972580,0.03719485,0.03834027,4596.26521592
2021-01-24 00:00:00,0.03846736,0.04334000,0.03846736,0.04317000,9626.68608337
2021-01-25 00:00:00,0.04312195,0.04493000,0.04037908,0.04089000,14232.43432145
2021-01-26 00:00:00,0.04083157,0.04228490,0.04010000,0.04207050,6621.77866896
2021-01-27 00:00:00,0.04205423,0.04267815,0.04038633,0.04082500,13329.10210336
2021-01-28 00:00:00,0.04081250,0.04237838,0.03985000,0.03985000,10592.17606018
2021-01-29 00:00:00,0.03987882,0.04146260,0.03631321,0.04018000,21041.96716936
2021-01-30 00:00:00,0.04033518,0.04050000,0.03921000,0.04010000,5425.62086322
2021-01-31 00:00:00,0.04018000,0.04046590,0.03948000,0.03974594,3726.75469857
2021-02-01 00:00:00,0.03967593,0.04106347,0.03848000,0.04096982,5912.10262930
2021-02-02 00:00:00,0.04101400,0.04333000,0.04053000,0.04258539,13213.28196155
2021-02-03 00:00:00,0.04263621,0.04448000,0.04172287,0.04435696,10240.25040474
2021-02-04 00:00:00,0.04427481,0.04472400,0.04282500,0.04318000,10968.03697884
2021-02-05 00:00:00,0.04324000,0.04622821,0.04317701,0.04493479,7960.06939598
2021-02-06 00:00:00,0.04492770,0.04524000,0.04060000,0.04273000,20567.55033247
2021-02-07 00:00:00,0.04278900,0.04317650,0.03987854,0.04149050,4844.64392416
2021-02-08 00:00:00,0.04154000,0.04226598,0.03734000,0.03774700,19662.51085620
2021-02-09 00:00:00,0.03774705,0.03888771,0.03658998,0.03807000,11027.83983745
2021-02-10 00:00:00,0.03809940,0.04000000,0.03766276,0.03882036,9805.63498296
2021-02-11 00:00:00,0.03888050,0.03923000,0.03692980,0.03721835,6250.02479872
2021-02-12 00:00:00,0.03723211,0.03945999,0.03676897,0.03894532,8041.79641800
2021-02-13 00:00:00,0.03894177,0.03924900,0.03808027,0.03847800,6946.21059384
2021-02-14 00:00:00,0.03851083,0.03887029,0.03679218,0.03700543,5405.36254893
2021-02-15 00:00:00,0.03706879,0.03800000,0.03608786,0.03717232,4800.82524121
2021-02-16 00:00:00,0.03719124,0.03735862,0.03577000,0.03626000,4379.54717282
2021-02-17 00:00:00,0.03616000,0.03616000,0.03495266,0.03546371,5006.16643094
2021-02-18 00:00:00,0.03550330,0.03760748,0.03538623,0.03760748,7937.36947884
2021-02-19 00:00:00,0.03762234,0.03770889,0.03482000,0.03502998,9183.38911036
2021-02-20 00:00:00,0.03498104,0.03662720,0.03351548,0.03422000,6948.45214403
2021-02-21 00:00:00,0.03423003,0.03454244,0.03330239,0.03362323,2918.11242680
2021-02-22 00:00:00,0.03366122,0.03385130,0.03188000,0.03290000,8618.05644300
2021-02-23 00:00:00,0.03287170,0.03313830,0.03010000,0.03226327,13978.88957336
2021-02-24 00:00:00,0.03226798,0.03356854,0.03191600,0.03277288,5363.00177175
2021-02-25 00:00:00,0.03272761,0.03290997,0.03104000,0.03145740,2409.40581422
2021-02-26 00:00:00,0.03147334,0.03253224,0.03114028,0.03119670,4772.97185239
2021-02-27 00:00:00,0.03119012,0.03230281,0.03101000,0.03164341,3426.59700795
2021-02-28 00:00:00,0.03164264,0.03170336,0.02997670,0.03138000,7783.57651449
2021-03-01 00:00:00,0.03145740,0.03211662,0.03091000,0.03159096,4664.32351371
2021-03-02 00:00:00,0.03165026,0.03220621,0.03068390,0.03068390,2862.49988971
2021-03-03 00:00:00,0.03070907,0.03186354,0.03069248,0.03110000,2791.21246732
2021-03-04 00:00:00,0.03110000,0.03225000,0.03107406,0.03179498,2990.68463867
2021-03-05 00:00:00,0.03180796,0.03192743,0.03076674,0.03135024,1604.01657780
2021-03-06 00:00:00,0.03136872,0.03436809,0.03136872,0.03372286,4948.87094229
2021-03-07 00:00:00,0.03377000,0.03430540,0.03242301,0.03390541,5319.80719485
2021-03-08 00:00:00,0.03388000,0.03526140,0.03357111,0.03499001,5817.88012983
2021-03-09 00:00:00,0.03499003,0.03517407,0.03347480,0.03402000,2949.12837566
2021-03-10 00:00:00,0.03409420,0.03413723,0.03172417,0.03213999,3507.20295715
2021-03-11 00:00:00,0.03209817,0.03245075,0.03145928,0.03156003,3700.90821508
2021-03-12 00:00:00,0.03164451,0.03190850,0.03046867,0.03092764,1642.69773595
2021-03-13 00:00:00,0.03092764,0.03182688,0.03064289,0.03140298,2745.04713490
2021-03-14 00:00:00,0.03138624,0.03143993,0.03089432,0.03128104,1497.05122702
2021-03-15 00:00:00,0.03132471,0.03226798,0.03073350,0.03226798,2975.71283835
2021-03-16 00:00:00,0.03223015,0.03272206,0.03149551,0.03172680,2628.50099962
2021-03-17 00:00:00,0.03173557,0.03245124,0.03093216,0.03093216,2433.04040954
2021-03-18 00:00:00,0.03092270,0.03132000,0.03048345,0.03081963,3196.63636276
2021-03-19 00:00:00,0.03080211,0.03121266,0.03069566,0.03115000,2027.49859150
2021-03-20 00:00:00,0.03119252,0.03147999,0.03095108,0.03107927,1572.01371334
2021-03-21 00:00:00,0.03103624,0.03160876,0.03080349,0.03109907,3582.07581745
2021-03-22 00:00:00,0.03111198,0.03141658,0.03057185,0.03100770,2899.68840849
2021-03-23 00:00:00,0.03107900,0.03137377,0.03050530,0.03067377,2080.06853848
2021-03-24 00:00:00,0.03070060,0.03104787,0.02954155,0.03022760,3382.83285026
2021-03-25 00:00:00,0.03024652,0.03130597,0.02992942,0.03087707,2870.30715900
2021-03-26 00:00:00,0.03096250,0.03124038,0.03030780,0.03087540,2223.53762326
2021-03-27 00:00:00,0.03088608,0.03104116,0.03039294,0.03067970,1261.90519749
2021-03-28 00:00:00,0.03068001,0.03068001,0.03019245,0.03022152,1713.24070149
2021-03-29 00:00:00,0.03019481,0.03171184,0.03019200,0.03150695,4892.71758652
2021-03-30 00:00:00,0.03156161,0.03170331,0.03100000,0.03135291,3610.60190540
2021-03-31 00:00:00,0.03138610,0.03302001,0.03093216,0.03257779,4700.96103065
2021-04-01 00:00:00,0.03265936,0.03368096,0.03243630,0.03353799,7486.87281112
2021-04-02 00:00:00,0.03344852,0.03626010,0.03315526,0.03613892,7527.37462399
2021-04-03 00:00:00,0.03622018,0.03622183,0.03458773,0.03522996,3845.97776382
2021-04-04 00:00:00,0.03517024,0.03596144,0.03492955,0.03566394,2399.27496353
2021-04-05 00:00:00,0.03566216,0.03608961,0.03523646,0.03566216,2905.05649542
2021-04-06 00:00:00,0.03567219,0.03658251,0.03560540,0.03641410,3405.62991585
2021-04-07 00:00:00,0.03643994,0.03658563,0.03470620,0.03504002,5774.83931894
2021-04-08 00:00:00,0.03506409,0.03592974,0.03500000,0.03584632,1126.06106512
2021-04-09 00:00:00,0.03579000,0.03596144,0.03532160,0.03558457,1309.25964791
2021-04-10 00:00:00,0.03551080,0.03634453,0.03549188,0.03570780,2800.29612291
2021-04-11 00:00:00,0.03566216,0.03610000,0.03542566,0.03584792,1995.68488777
2021-04-12 00:00:00,0.03583408,0.03605604,0.03516078,0.03573090,1943.63819658
2021-04-13 00:00:00,0.03577295,0.03656282,0.03500000,0.03619865,4233.91636560
2021-04-14 00:00:00,0.03618363,0.03908689,0.03609732,0.03856243,5671.08280139
2021-04-15 00:00:00,0.03862614,0.04013950,0.03836000,0.03983496,4447.80256453
2021-04-16 00:00:00,0.03984597,0.04005588,0.03815191,0.03947529,3484.01024762
2021-04-17 00:00:00,0.03953161,0.04017999,0.03858054,0.03861612,1662.55667845
2021-04-18 00:00:00,0.03854904,0.03987582,0.03590000,0.03967303,12309.52410616
2021-04-19 00:00:00,0.03988406,0.04040000,0.03829000,0.03882324,5825.24206114
2021-04-20 00:00:00,0.03892990,0.04139462,0.03801240,0.04107082,4762.77271183
2021-04-21 00:00:00,0.04133684,0.04405920,0.04102962,0.04385176,6334.96173996
2021-04-22 00:00:00,0.04389999,0.04826693,0.04356020,0.04643638,14982.05171746
2021-04-23 00:00:00,0.04641316,0.04694948,0.04322409,0.04635584,9848.75381494
2021-04-24 00:00:00,0.04633304,0.04634000,0.04411780,0.04427000,1743.61000229
2021-04-25 00:00:00,0.04428629,0.04736000,0.04391220,0.04736000,6562.46883241
2021-04-26 00:00:00,0.04733051,0.04802821,0.04597467,0.04690000,14790.50203183
2021-04-27 00:00:00,0.04696000,0.04863000,0.04646440,0.04840001,4942.22586927
2021-04-28 00:00:00,0.04842869,0.05035303,0.04756724,0.05008070,20386.16936176
2021-04-29 00:00:00,0.05008069,0.05190388,0.04951000,0.05145306,4898.84295596
2021-04-30 00:00:00,0.05148838,0.05159658,0.04775185,0.04795000,7133.29033321
2021-05-01 00:00:00,0.04808314,0.05114076,0.04737899,0.05097000,4028.86053994
2021-05-02 00:00:00,0.05098139,0.05300000,0.05080000,0.05216466,6208.02044639
2021-05-03 00:00:00,0.05213045,0.06016379,0.05183215,0.06003532,13315.40851752
2021-05-04 00:00:00,0.06007924,0.06316000,0.05738753,0.06088997,13179.90632879
2021-05-05 00:00:00,0.06088997,0.06239850,0.05703000,0.06131687,8681.89686980
2021-05-06 00:00:00,0.06141000,0.06305292,0.05974637,0.06186392,6635.18268736
2021-05-07 00:00:00,0.06189001,0.06220646,0.06016908,0.06074000,3149.96339142
2021-05-08 00:00:00,0.06072696,0.06724566,0.05985000,0.06644348,8427.78934573
2021-05-09 00:00:00,0.06644000,0.06981000,0.06533774,0.06742506,6948.89762967
2021-05-10 00:00:00,0.06743000,0.07332372,0.06609418,0.07080772,19804.32824575
2021-05-11 00:00:00,0.07070661,0.07368169,0.06900000,0.07355003,5090.29771885
2021-05-12 00:00:00,0.07368479,0.08016078,0.07276411,0.07714000,9605.33147214
2021-05-13 00:00:00,0.07710143,0.07994609,0.07351297,0.07471211,13411.49310115
2021-05-14 00:00:00,0.07490999,0.08203440,0.07446975,0.08186835,8219.92369192
2021-05-15 00:00:00,0.08172936,0.08240892,0.07762480,0.07798588,5272.69349184
2021-05-16 00:00:00,0.07802790,0.08016079,0.07434708,0.07725591,5099.44906294
2021-05-17 00:00:00,0.07713219,0.07875821,0.07381570,0.07540777,5989.23219866
2021-05-18 00:00:00,0.07538003,0.07979840,0.07504854,0.07878999,3522.04559201
2021-05-19 00:00:00,0.07877113,0.07945000,0.06100000,0.06638016,23421.36777569
2021-05-20 00:00:00,0.06684862,0.07062367,0.06100000,0.06827000,10656.18426050
2021-05-21 00:00:00,0.06823780,0.07041000,0.06269000,0.06522163,8808.39002825
2021-05-22 00:00:00,0.06519544,0.06545000,0.06000000,0.06110250,6787.32417334
2021-05-23 00:00:00,0.06120000,0.06244590,0.05558920,0.06065000,11338.28507217
2021-05-24 00:00:00,0.06045088,0.06841996,0.05992000,0.06819785,7420.72127947
2021-05-25 00:00:00,0.06815000,0.07092000,0.06488000,0.07058000,5311.17494225
2021-05-26 00:00:00,0.07057591,0.07351762,0.06930003,0.07349487,5121.49251753
2021-05-27 00:00:00,0.07352000,0.07360117,0.07039910,0.07121357,2382.40475683
2021-05-28 00:00:00,0.07138000,0.07152000,0.06703986,0.06766615,1764.41428440
2021-05-29 00:00:00,0.06758858,0.06994998,0.06506727,0.06585000,2206.70200119
2021-05-30 00:00:00,0.06587142,0.06843956,0.06508855,0.06702435,1422.10459099
2021-05-31 00:00:00,0.06688654,0.07270078,0.06604514,0.07264000,2421.54792646
2021-06-01 00:00:00,0.07257000,0.07282019,0.07041000,0.07183614,2072.78378979
2021-06-02 00:00:00,0.07177000,0.07350453,0.07097000,0.07211640,1841.58200239
2021-06-03 00:00:00,0.07197942,0.07367539,0.07159122,0.07277000,1220.03490644
2021-06-04 00:00:00,0.07275251,0.07359759,0.07108379,0.07288740,3868.50960084
2021-06-05 00:00:00,0.07314956,0.07519167,0.07260000,0.07404000,1795.44159495
2021-06-06 00:00:00,0.07394000,0.07593789,0.07367230,0.07578432,1153.77637001
2021-06-07 00:00:00,0.07577695,0.07760000,0.07554000,0.07714298,2759.49293559
2021-06-08 00:00:00,0.07723000,0.07755986,0.07429909,0.07516328,3928.92506913
2021-06-09 00:00:00,0.07514469,0.07529193,0.06934460,0.06984428,3380.65923753
2021-06-10 00:00:00,0.06974000,0.06984288,0.06694548,0.06734351,3363.22035299
2021-06-11 00:00:00,0.06728995,0.06743964,0.06276533,0.06305000,2337.15214106
2021-06-12 00:00:00,0.06310448,0.06812000,0.06281715,0.06679783,2214.74229156
2021-06-13 00:00:00,0.06679000,0.06760012,0.06360136,0.06425000,1448.00665659
2021-06-14 00:00:00,0.06428000,0.06446540,0.06244378,0.06376931,2011.19803759
2021-06-15 00:00:00,0.06380670,0.06511225,0.06299583,0.06340461,1520.14991183
2021-06-16 00:00:00,0.06339348,0.06339348,0.06147913,0.06178000,1811.16779245
2021-06-17 00:00:00,0.06171488,0.06274490,0.06099019,0.06226598,1145.02703293
2021-06-18 00:00:00,0.06233000,0.06244389,0.06036267,0.06234069,3065.25002152
2021-06-19 00:00:00,0.06240642,0.06310251,0.06102896,0.06102896,720.73295964
2021-06-20 00:00:00,0.06099900,0.06352341,0.06090034,0.06299548,887.95526453
2021-06-21 00:00:00,0.06308658,0.06346085,0.05908684,0.05967381,7227.06849764
2021-06-22 00:00:00,0.05970000,0.06095001,0.05745112,0.05778790,4217.69385834
2021-06-23 00:00:00,0.05772205,0.05957723,0.05706063,0.05852764,2998.28189900
2021-06-24 00:00:00,0.05842497,0.05873452,0.05698297,0.05738363,893.76363349
2021-06-25 00:00:00,0.05744324,0.05838478,0.05526260,0.05729275,3337.65887574
2021-06-26 00:00:00,0.05729275,0.05752281,0.05609000,0.05680007,1360.67662404
2021-06-27 00:00:00,0.05662360,0.05725049,0.05520530,0.05710182,956.65916083
2021-06-28 00:00:00,0.05718292,0.06199890,0.05693395,0.06043358,1619.11770421
2021-06-29 00:00:00,0.06037484,0.06170782,0.06017000,0.06023685,2064.50860577
2021-06-30 00:00:00,0.06025016,0.06531903,0.05995699,0.06489423,2411.54665628
2021-07-01 00:00:00,0.06496892,0.06499375,0.06270102,0.06288000,2775.99585086
2021-07-02 00:00:00,0.06286180,0.06403412,0.06152252,0.06366099,1128.20336334
2021-07-03 00:00:00,0.06384000,0.06449179,0.06337458,0.06419815,190.48541759
2021-07-04 00:00:00,0.06424114,0.06663330,0.06367572,0.06573171,844.95297767
2021-07-05 00:00:00,0.06587746,0.06689592,0.06475894,0.06511265,784.39529031
2021-07-06 00:00:00,0.06517356,0.06857983,0.06517356,0.06789584,1441.17196602
2021-07-07 00:00:00,0.06787000,0.06901941,0.06745996,0.06838001,1793.03671830
2021-07-08 00:00:00,0.06837000,0.06889107,0.06412410,0.06439000,1855.26015220
2021-07-09 00:00:00,0.06439937,0.06509783,0.06315122,0.06351720,1911.11814161
2021-07-10 00:00:00,0.06348308,0.06403394,0.06210000,0.06296118,1225.65976493
2021-07-11 00:00:00,0.06302822,0.06330516,0.06237947,0.06248475,1515.25842001
2021-07-12 00:00:00,0.06240413,0.06298001,0.06106112,0.06144884,1197.94993312
2021-07-13 00:00:00,0.06129870,0.06150464,0.05927532,0.05927532,754.02110465
2021-07-14 00:00:00,0.05925000,0.06137061,0.05841656,0.06072764,3677.20015794
2021-07-15 00:00:00,0.06070626,0.06165000,0.05972600,0.06016848,849.70265704
2021-07-16 00:00:00,0.06027000,0.06136956,0.05912079,0.05985949,588.36273738
2021-07-17 00:00:00,0.05968000,0.06023000,0.05908892,0.06020992,254.65537667
2021-07-18 00:00:00,0.06024064,0.06208000,0.05951992,0.05975000,643.07229062
2021-07-19 00:00:00,0.05979616,0.06026163,0.05878609,0.05902000,892.62922595
2021-07-20 00:00:00,0.05893448,0.06064892,0.05779592,0.05999150,1139.76937602
2021-07-21 00:00:00,0.06001401,0.06224823,0.05950200,0.06207151,3460.39803076
2021-07-22 00:00:00,0.06206308,0.06282284,0.06128089,0.06267780,824.02343532
2021-07-23 00:00:00,0.06270212,0.06383000,0.06226257,0.06322306,1140.87054465
2021-07-24 00:00:00,0.06296812,0.06404355,0.06284104,0.06386297,553.56808752
2021-07-25 00:00:00,0.06384320,0.06384320,0.06192355,0.06192355,448.85860742
2021-07-26 00:00:00,0.06190534,0.06251391,0.05856000,0.05988217,5651.83191046
2021-07-27 00:00:00,0.05978620,0.06030949,0.05827241,0.05827241,2059.14436324
2021-07-28 00:00:00,0.05829000,0.05843708,0.05702987,0.05741254,3056.80455761
2021-07-29 00:00:00,0.05746994,0.05972158,0.05717000,0.05951174,1495.33576612
2021-07-30 00:00:00,0.05963000,0.06091309,0.05835226,0.05836999,2764.46355480
2021-07-31 00:00:00,0.05834407,0.06109700,0.05812252,0.06109700,1476.15917536
2021-08-01 00:00:00,0.06109697,0.06505798,0.06104305,0.06407450,2160.96356692
2021-08-02 00:00:00,0.06413000,0.06702437,0.06359887,0.06660106,4075.36396634
2021-08-03 00:00:00,0.06658178,0.06672384,0.06392674,0.06569890,2023.12034311
2021-08-04 00:00:00,0.06575000,0.06935671,0.06525971,0.06861000,2682.96875002
2021-08-05 00:00:00,0.06853426,0.07323101,0.06751158,0.06917906,4328.58521031
2021-08-06 00:00:00,0.06916095,0.06964556,0.06666900,0.06754663,1972.15142371
2021-08-07 00:00:00,0.06741173,0.07155825,0.06702587,0.07078000,3034.03888297
2021-08-08 00:00:00,0.07076972,0.07125674,0.06787606,0.06876000,1222.06762342
2021-08-09 00:00:00,0.06880033,0.06905932,0.06688117,0.06834311,1952.03918513
2021-08-10 00:00:00,0.06839132,0.07016202,0.06769122,0.06892000,1598.75429891
2021-08-11 00:00:00,0.06903512,0.07027000,0.06888000,0.06941000,1969.37963657
2021-08-12 00:00:00,0.06938935,0.07031777,0.06782914,0.06850391,2070.05120913
2021-08-13 00:00:00,0.06859447,0.07029297,0.06859447,0.06947302,2425.72036326
2021-08-14 00:00:00,0.06948000,0.06992900,0.06905000,0.06935000,901.81522715
2021-08-15 00:00:00,0.06945000,0.07042169,0.06809972,0.07042000,922.20643443
2021-08-16 00:00:00,0.07043040,0.07055000,0.06855677,0.06855677,1476.80577600
2021-08-17 00:00:00,0.06856000,0.06996271,0.06720474,0.06744929,1945.08374466
2021-08-18 00:00:00,0.06737958,0.06807801,0.06646000,0.06737256,2926.60874661
2021-08-19 00:00:00,0.06752000,0.06815956,0.06631676,0.06813000,4100.12167935
2021-08-20 00:00:00,0.06816604,0.07088567,0.06622200,0.06665765,3118.93090812
2021-08-21 00:00:00,0.06654000,0.06756057,0.06553992,0.06599000,2371.65135557
2021-08-22 00:00:00,0.06604260,0.06647457,0.06486434,0.06577609,1013.12975029
2021-08-23 00:00:00,0.06575889,0.06760880,0.06541452,0.06699543,1951.97739477
2021-08-24 00:00:00,0.06731941,0.06763548,0.06528945,0.06646951,1638.12182030
2021-08-25 00:00:00,0.06649000,0.06679710,0.06522000,0.06588198,695.19316724
2021-08-26 00:00:00,0.06587000,0.06661294,0.06543494,0.06596469,930.88218234
2021-08-27 00:00:00,0.06596468,0.06744737,0.06572360,0.06657454,912.59874450
2021-08-28 00:00:00,0.06676516,0.06688556,0.06601060,0.06632243,303.10256715
2021-08-29 00:00:00,0.06642636,0.06658652,0.06563176,0.06606087,412.54377866
2021-08-30 00:00:00,0.06609829,0.06915776,0.06575804,0.06862000,1163.53777148
2021-08-31 00:00:00,0.06878789,0.07293002,0.06831163,0.07289321,1447.12035679
2021-09-01 00:00:00,0.07271399,0.07856554,0.07247322,0.07854000,6195.11295915
2021-09-02 00:00:00,0.07839251,0.07839251,0.07457494,0.07687462,2446.68496027
2021-09-03 00:00:00,0.07691306,0.07950279,0.07642602,0.07879400,2121.63715383
2021-09-04 00:00:00,0.07881028,0.07931000,0.07704215,0.07782496,1513.15743434
2021-09-05 00:00:00,0.07797685,0.07876000,0.07603914,0.07640000,769.14673619
2021-09-06 00:00:00,0.07623696,0.07679000,0.07443208,0.07463884,809.40602553
2021-09-07 00:00:00,0.07451442,0.07521956,0.06932962,0.07318970,8881.11156756
2021-09-08 00:00:00,0.07328169,0.07634372,0.07221890,0.07582702,2490.69110256
2021-09-09 00:00:00,0.07608000,0.07664804,0.07366966,0.07383796,1228.35473194
2021-09-10 00:00:00,0.07399024,0.07474340,0.07089148,0.07153000,4468.88960676
2021-09-11 00:00:00,0.07155965,0.07355214,0.07151394,0.07238000,1861.48888652
2021-09-12 00:00:00,0.07225452,0.07524772,0.07210178,0.07399358,639.89836446
2021-09-13 00:00:00,0.07389640,0.07411258,0.07131820,0.07307626,2577.42120359
2021-09-14 00:00:00,0.07308126,0.07369834,0.07148585,0.07290834,3627.88887104
2021-09-15 00:00:00,0.07291335,0.07510122,0.07166352,0.07510122,5830.65384396
2021-09-16 00:00:00,0.07510122,0.07610601,0.07398568,0.07472523,5666.66347546
2021-09-17 00:00:00,0.07471642,0.07490483,0.07147481,0.07191000,3087.59636069
2021-09-18 00:00:00,0.07180588,0.07272224,0.07063240,0.07108520,1614.72230160
2021-09-19 00:00:00,0.07111000,0.07170609,0.06978900,0.07044299,1795.60594245
2021-09-20 00:00:00,0.07043000,0.07090920,0.06867311,0.06919471,6841.98823297
2021-09-21 00:00:00,0.06923568,0.07118127,0.06696156,0.06783000,7313.54380386
2021-09-22 00:00:00,0.06789093,0.07065270,0.06742816,0.07064640,3609.86885109
2021-09-23 00:00:00,0.07065060,0.07125804,0.06986956,0.07020986,2220.11933379
2021-09-24 00:00:00,0.07025640,0.07027980,0.06651149,0.06838151,8097.61924130
2021-09-25 00:00:00,0.06839509,0.06916184,0.06728311,0.06846287,2885.14629014
2021-09-26 00:00:00,0.06844874,0.07117096,0.06664000,0.07091572,2961.74128339
2021-09-27 00:00:00,0.07087561,0.07162816,0.06917000,0.06946000,976.74562021
2021-09-28 00:00:00,0.06937115,0.06995304,0.06798100,0.06841284,1607.13226813
2021-09-29 00:00:00,0.06843479,0.06947837,0.06792334,0.06866013,1371.12085811
2021-09-30 00:00:00,0.06857830,0.06975608,0.06834086,0.06846775,1223.20278842
2021-10-01 00:00:00,0.06843352,0.06966620,0.06749212,0.06871176,2450.88192782
2021-10-02 00:00:00,0.06878390,0.07194340,0.06846000,0.07114432,2198.91613577
2021-10-03 00:00:00,0.07108284,0.07175000,0.07046730,0.07091793,1131.81575646
2021-10-04 00:00:00,0.07097805,0.07098422,0.06871601,0.06875232,2477.31380390
2021-10-05 00:00:00,0.06880509,0.06916503,0.06796244,0.06830415,3516.30701241
2021-10-06 00:00:00,0.06833000,0.06879014,0.06445901,0.06463791,5078.44281914
2021-10-07 00:00:00,0.06462387,0.06723964,0.06401320,0.06668300,1912.68176090
2021-10-08 00:00:00,0.06667129,0.06696930,0.06504820,0.06599591,1594.91407480
2021-10-09 00:00:00,0.06604119,0.06612508,0.06498495,0.06498495,355.03765124
2021-10-10 00:00:00,0.06498480,0.06513507,0.06246445,0.06247780,1746.74247972
2021-10-11 00:00:00,0.06245956,0.06398002,0.06082911,0.06165780,2695.46756623
2021-10-12 00:00:00,0.06168821,0.06337851,0.05994000,0.06233000,2841.31185952
2021-10-13 00:00:00,0.06234940,0.06324244,0.06120051,0.06287970,1473.37918033
2021-10-14 00:00:00,0.06289437,0.06685020,0.06205320,0.06608689,2703.85729975
2021-10-15 00:00:00,0.06610298,0.06618140,0.06195800,0.06267472,3066.52969945
2021-10-16 00:00:00,0.06276248,0.06442731,0.06191839,0.06289386,1968.01656979
2021-10-17 00:00:00,0.06285433,0.06442731,0.06176162,0.06258806,3492.66922673
2021-10-18 00:00:00,0.06251642,0.06269620,0.06017904,0.06047000,4207.34649517
2021-10-19 00:00:00,0.06050316,0.06139468,0.05932023,0.06035908,2429.44943515
2021-10-20 00:00:00,0.06029565,0.06314647,0.06003973,0.06304226,2748.56372051
2021-10-21 00:00:00,0.06309379,0.06629186,0.06291000,0.06520999,5321.22658545
2021-10-22 00:00:00,0.06513672,0.06595000,0.06466158,0.06539887,2173.99833261
2021-10-23 00:00:00,0.06542535,0.06806585,0.06525000,0.06802000,1168.05193334
2021-10-24 00:00:00,0.06804971,0.06814955,0.06622192,0.06711097,881.81473607
2021-10-25 00:00:00,0.06711228,0.06722340,0.06527000,0.06690523,1246.32293812
2021-10-26 00:00:00,0.06696810,0.06938183,0.06680453,0.06850000,1892.59930419
2021-10-27 00:00:00,0.06850998,0.07033300,0.06698697,0.06722000,3888.45730112
2021-10-28 00:00:00,0.06715707,0.07139985,0.06698568,0.07074000,4318.00929979
2021-10-29 00:00:00,0.07076000,0.07177000,0.07022253,0.07096024,2287.50513410
2021-10-30 00:00:00,0.07096024,0.07121120,0.06930714,0.06990370,1469.38012744
2021-10-31 00:00:00,0.06974876,0.07121070,0.06912946,0.06994000,1017.65149824
2021-11-01 00:00:00,0.06992229,0.07137000,0.06915000,0.07092000,2042.88484122
2021-11-02 00:00:00,0.07089696,0.07304526,0.06998850,0.07258000,2163.71623423
2021-11-03 00:00:00,0.07258000,0.07458980,0.07217159,0.07318783,2580.65527581
2021-11-04 00:00:00,0.07321773,0.07400000,0.07261960,0.07382954,816.21725288
2021-11-05 00:00:00,0.07379519,0.07381317,0.07283238,0.07341900,714.17656837
2021-11-06 00:00:00,0.07339219,0.07375017,0.07204680,0.07347267,878.57140452
2021-11-07 00:00:00,0.07335359,0.07478617,0.07292760,0.07292760,1096.84482446
2021-11-08 00:00:00,0.07292026,0.07294000,0.07093951,0.07124532,2258.12946767
2021-11-09 00:00:00,0.07118191,0.07177870,0.07023000,0.07073000,2281.30309320
2021-11-10 00:00:00,0.07068082,0.07146000,0.07004551,0.07141000,1915.59555467
2021-11-11 00:00:00,0.07140271,0.07341540,0.07105980,0.07283305,1068.02575845
2021-11-12 00:00:00,0.07283797,0.07369129,0.07168000,0.07276798,1165.34059645
2021-11-13 00:00:00,0.07281000,0.07307260,0.07206252,0.07215646,669.26049988
2021-11-14 00:00:00,0.07206148,0.07206148,0.07058934,0.07065040,417.93981377
2021-11-15 00:00:00,0.07065580,0.07255834,0.07038001,0.07175000,1864.29969198
2021-11-16 00:00:00,0.07176169,0.07196911,0.06947160,0.07003694,3264.70630226
2021-11-17 00:00:00,0.07013583,0.07115940,0.06936708,0.07098953,825.69106930
2021-11-18 00:00:00,0.07106000,0.07160830,0.06969210,0.07029576,1571.59309128
2021-11-19 00:00:00,0.07026260,0.07436000,0.07004549,0.07399220,4570.42555375
2021-11-20 00:00:00,0.07394431,0.07440000,0.07302464,0.07389743,525.04334793
2021-11-21 00:00:00,0.07387000,0.07418945,0.07246180,0.07271010,632.32226835
2021-11-22 00:00:00,0.07260087,0.07348948,0.07185790,0.07264136,2307.10085472
2021-11-23 00:00:00,0.07267000,0.07606000,0.07248595,0.07542000,1604.33203781
2021-11-24 00:00:00,0.07544944,0.07599000,0.07399999,0.07474303,1387.55096695
2021-11-25 00:00:00,0.07467978,0.07683820,0.07415000,0.07670000,1843.12939271
2021-11-26 00:00:00,0.07672458,0.07699000,0.07312000,0.07527000,2272.04114552
2021-11-27 00:00:00,0.07515311,0.07601636,0.07463048,0.07484342,355.95904194
2021-11-28 00:00:00,0.07486503,0.07577124,0.07410472,0.07503000,877.35716800
2021-11-29 00:00:00,0.07505602,0.07695000,0.07493800,0.07688688,1667.56334990
2021-11-30 00:00:00,0.07690758,0.08150947,0.07690758,0.08130000,4073.53685264
2021-12-01 00:00:00,0.08135127,0.08361169,0.07971218,0.08011000,2894.57800743
2021-12-02 00:00:00,0.08002415,0.08090000,0.07888346,0.07984811,1420.50912652
2021-12-03 00:00:00,0.07979326,0.08104072,0.07741194,0.07871593,2779.72453379
2021-12-04 00:00:00,0.07861775,0.08433027,0.07784450,0.08375038,6559.64583203
2021-12-05 00:00:00,0.08370982,0.08574000,0.08356000,0.08491383,1646.94969102
2021-12-06 00:00:00,0.08492637,0.08740717,0.08283610,0.08621917,4862.65371271
2021-12-07 00:00:00,0.08625994,0.08633729,0.08423370,0.08506539,779.82015762
2021-12-08 00:00:00,0.08526040,0.08802403,0.08503455,0.08786536,1182.96380990
2021-12-09 00:00:00,0.08797160,0.08841998,0.08595980,0.08634406,1276.74929279
2021-12-10 00:00:00,0.08627304,0.08653460,0.08243955,0.08278590,2213.21881641
2021-12-11 00:00:00,0.08265603,0.08374947,0.08154724,0.08270825,900.66388782
2021-12-12 00:00:00,0.08265614,0.08282862,0.08096000,0.08248000,1276.65993768
2021-12-13 00:00:00,0.08255651,0.08257598,0.07995394,0.08094663,2307.46767373
2021-12-14 00:00:00,0.08103180,0.08154663,0.07933280,0.07980000,1008.83331739
2021-12-15 00:00:00,0.07989242,0.08313789,0.07826495,0.08220106,3592.50054133
2021-12-16 00:00:00,0.08234246,0.08481051,0.08194813,0.08307232,1983.28538508
2021-12-17 00:00:00,0.08306115,0.08404099,0.08039558,0.08397000,1073.93827783
2021-12-18 00:00:00,0.08396972,0.08515000,0.08269254,0.08457472,672.55029136
2021-12-19 00:00:00,0.08450000,0.08467000,0.08259201,0.08406890,772.06101899
2021-12-20 00:00:00,0.08413418,0.08465044,0.08198000,0.08403419,844.04481405
2021-12-21 00:00:00,0.08410801,0.08469453,0.08167892,0.08218549,1170.12961351
2021-12-22 00:00:00,0.08210019,0.08286814,0.08115102,0.08185991,621.41532366
2021-12-23 00:00:00,0.08198000,0.08236228,0.08061099,0.08090000,881.10748870
2021-12-24 00:00:00,0.08094891,0.08106197,0.07936245,0.07960217,770.35536135
2021-12-25 00:00:00,0.07966500,0.08123846,0.07932829,0.08123846,643.19705834
2021-12-26 00:00:00,0.08125616,0.08140430,0.07984089,0.08008000,375.69613065
2021-12-27 00:00:00,0.08008309,0.08035631,0.07921341,0.07961211,620.86036530
2021-12-28 00:00:00,0.07958343,0.08026345,0.07896031,0.07981697,872.94239270
2021-12-29 00:00:00,0.07976000,0.08000344,0.07805000,0.07805000,562.80674105
2021-12-30 00:00:00,0.07808266,0.07924538,0.07785191,0.07874965,613.48643610
2021-12-31 00:00:00,0.07874699,0.07978247,0.07834443,0.07957000,1152.31819977
2022-01-01 00:00:00,0.07961250,0.08017090,0.07850000,0.07886957,558.95600087
2022-01-02 00:00:00,0.07886256,0.08128782,0.07886256,0.08094798,1180.74271890
2022-01-03 00:00:00,0.08100134,0.08149141,0.08044000,0.08102932,705.17136490
2022-01-04 00:00:00,0.08107000,0.08290165,0.08071500,0.08261000,764.23718811
2022-01-05 00:00:00,0.08255000,0.08255000,0.08021735,0.08138708,1330.65169715
2022-01-06 00:00:00,0.08145000,0.08145000,0.07764934,0.07903674,1194.33701738
2022-01-07 00:00:00,0.07902130,0.07914753,0.07533929,0.07694564,2401.95054877
2022-01-08 00:00:00,0.07690943,0.07709608,0.07340360,0.07393826,963.49983723
2022-01-09 00:00:00,0.07388351,0.07557295,0.07375079,0.07529479,422.64205865
2022-01-10 00:00:00,0.07524747,0.07553969,0.07283577,0.07376696,1180.78927964
2022-01-11 00:00:00,0.07377819,0.07617310,0.07330425,0.07584194,1991.84526344
2022-01-12 00:00:00,0.07588558,0.07739177,0.07544392,0.07675000,930.78191966
2022-01-13 00:00:00,0.07682486,0.07694423,0.07609864,0.07609864,401.88334884
2022-01-14 00:00:00,0.07608872,0.07712709,0.07589000,0.07682074,315.23074169
2022-01-15 00:00:00,0.07686921,0.07775662,0.07660242,0.07706188,245.43060066
2022-01-16 00:00:00,0.07719885,0.07810618,0.07679304,0.07775754,522.11840778
2022-01-17 00:00:00,0.07778773,0.07779478,0.07550000,0.07603972,577.66328598
2022-01-18 00:00:00,0.07604636,0.07643972,0.07442216,0.07462848,523.67050787
2022-01-19 00:00:00,0.07462000,0.07490785,0.07380089,0.07403132,664.27986765
2022-01-20 00:00:00,0.07406509,0.07542000,0.07363012,0.07379300,711.15072111
2022-01-21 00:00:00,0.07383810,0.07400670,0.06880260,0.07048000,2117.22619720
2022-01-22 00:00:00,0.07051404,0.07163850,0.06733848,0.06878304,2073.83120808
2022-01-23 00:00:00,0.06863410,0.07078950,0.06830280,0.07003553,742.22402762
2022-01-24 00:00:00,0.07008630,0.07008840,0.06467065,0.06658555,2822.43293697
2022-01-25 00:00:00,0.06654104,0.06708057,0.06561564,0.06647652,813.80916742
2022-01-26 00:00:00,0.06639185,0.06992964,0.06556272,0.06709016,2473.87239667
2022-01-27 00:00:00,0.06693160,0.06800688,0.06469248,0.06530340,3047.09843086
2022-01-28 00:00:00,0.06521000,0.06762499,0.06449256,0.06750794,631.53712041
2022-01-29 00:00:00,0.06751000,0.06871247,0.06702096,0.06819776,554.39126497
2022-01-30 00:00:00,0.06806267,0.06918336,0.06761470,0.06863474,266.16467841
2022-01-31 00:00:00,0.06863131,0.07020180,0.06732421,0.06983000,562.64510004
2022-02-01 00:00:00,0.06985621,0.07219230,0.06985621,0.07210584,527.62372847
2022-02-02 00:00:00,0.07199168,0.07313296,0.07087050,0.07257428,914.05871736
2022-02-03 00:00:00,0.07263493,0.07352430,0.07086493,0.07214000,387.55977542
2022-02-04 00:00:00,0.07220691,0.07507807,0.07165150,0.07209152,1220.13800456
2022-02-05 00:00:00,0.07207551,0.07315498,0.07134210,0.07284643,324.41455690
2022-02-06 00:00:00,0.07286370,0.07300868,0.07153785,0.07214384,200.85900229
2022-02-07 00:00:00,0.07204178,0.07255542,0.07108350,0.07169395,625.37803754
2022-02-08 00:00:00,0.07175590,0.07178053,0.07032480,0.07075273,1989.88690131
2022-02-09 00:00:00,0.07070669,0.07328262,0.07056520,0.07311935,622.71423557
2022-02-10 00:00:00,0.07314080,0.07328768,0.07018230,0.07060545,1606.77024633
2022-02-11 00:00:00,0.07047975,0.07169334,0.06835641,0.06911986,605.66202996
2022-02-12 00:00:00,0.06901372,0.06992684,0.06816756,0.06910693,264.47635396
2022-02-13 00:00:00,0.06896589,0.06932988,0.06770892,0.06827985,291.38414920
2022-02-14 00:00:00,0.06828142,0.06940624,0.06784874,0.06896477,513.73514147
2022-02-15 00:00:00,0.06889923,0.07172171,0.06852624,0.07150245,657.14141912
2022-02-16 00:00:00,0.07149107,0.07197688,0.07013100,0.07119527,584.36789507
2022-02-17 00:00:00,0.07126396,0.07158550,0.06980804,0.07140420,383.30224568
2022-02-18 00:00:00,0.07141510,0.07192780,0.06908484,0.06958293,1245.28785417
2022-02-19 00:00:00,0.06952998,0.07041000,0.06800000,0.06892996,276.75573788
2022-02-20 00:00:00,0.06890721,0.06948864,0.06736207,0.06832282,500.12919408
2022-02-21 00:00:00,0.06822048,0.07042143,0.06820284,0.06936708,695.03105624
2022-02-22 00:00:00,0.06955146,0.06997072,0.06804636,0.06885552,430.13305753
2022-02-23 00:00:00,0.06904759,0.07072110,0.06870264,0.06924360,603.97325104
2022-02-24 00:00:00,0.06923772,0.07037219,0.06668580,0.06770154,1854.39668443
2022-02-25 00:00:00,0.06782770,0.07169200,0.06739140,0.07054405,903.78467702
2022-02-26 00:00:00,0.07059930,0.07211950,0.07051626,0.07109960,1918.23341474
2022-02-27 00:00:00,0.07111843,0.07169350,0.06889080,0.06954231,602.70703592
2022-02-28 00:00:00,0.06940155,0.07001429,0.06652116,0.06768936,512.43854643
2022-03-01 00:00:00,0.06759598,0.06833000,0.06583320,0.06700227,596.43315602
2022-03-02 00:00:00,0.06696486,0.06840076,0.06637020,0.06711538,386.90022757
2022-03-03 00:00:00,0.06711504,0.06745808,0.06593017,0.06676000,392.51976354
2022-03-04 00:00:00,0.06675245,0.06714252,0.06517464,0.06700125,2687.27056826
2022-03-05 00:00:00,0.06700063,0.06800000,0.06689615,0.06767000,178.19935589
2022-03-06 00:00:00,0.06767416,0.06811852,0.06637416,0.06637417,1181.86791905
2022-03-07 00:00:00,0.06641602,0.06751876,0.06529812,0.06569094,301.20308606
2022-03-08 00:00:00,0.06548469,0.06677208,0.06548469,0.06653776,347.30836258
2022-03-09 00:00:00,0.06654858,0.06695428,0.06408884,0.06509628,362.01880435
2022-03-10 00:00:00,0.06506945,0.06656620,0.06467509,0.06610301,339.23207608
2022-03-11 00:00:00,0.06605668,0.06689222,0.06576852,0.06600800,279.41203012
2022-03-12 00:00:00,0.06600333,0.06657599,0.06585106,0.06621000,298.53577113
2022-03-13 00:00:00,0.06621632,0.06676874,0.06571560,0.06661021,109.38115161
2022-03-14 00:00:00,0.06658422,0.06726082,0.06489828,0.06527881,322.63029845
2022-03-15 00:00:00,0.06531036,0.06704361,0.06523572,0.06662673,651.79953139
2022-03-16 00:00:00,0.06665265,0.06756588,0.06549804,0.06744576,884.65335757
2022-03-17 00:00:00,0.06748344,0.06932988,0.06694452,0.06872331,1257.47239773
2022-03-18 00:00:00,0.06871473,0.07096780,0.06828562,0.07039335,2190.79321206
2022-03-19 00:00:00,0.07032202,0.07104000,0.06939060,0.06986000,378.51776353
2022-03-20 00:00:00,0.06994700,0.07010340,0.06882612,0.06932792,371.05351983
2022-03-21 00:00:00,0.06931000,0.07184296,0.06916128,0.07054587,742.12309373
2022-03-22 00:00:00,0.07043798,0.07144761,0.06997710,0.07013000,561.57681422
2022-03-23 00:00:00,0.07003586,0.07121070,0.06969210,0.07077728,994.97840986
2022-03-24 00:00:00,0.07077728,0.07144883,0.07030200,0.07071089,850.50533747
2022-03-25 00:00:00,0.07074000,0.07141660,0.06979470,0.07005867,944.46579725
2022-03-26 00:00:00,0.07000000,0.07073820,0.06982890,0.07068084,63.39048401
2022-03-27 00:00:00,0.07059065,0.07093668,0.06966696,0.07042000,263.62500050
2022-03-28 00:00:00,0.07034085,0.07140000,0.06977190,0.07076834,622.30898642
2022-03-29 00:00:00,0.07076856,0.07253000,0.07069708,0.07173460,651.91393420
2022-03-30 00:00:00,0.07161826,0.07228131,0.07120673,0.07185296,969.32567624
2022-03-31 00:00:00,0.07189918,0.07257000,0.07150240,0.07214597,533.85502182
2022-04-01 00:00:00,0.07204000,0.07489205,0.07204000,0.07475025,3237.87785045
2022-04-02 00:00:00,0.07466962,0.07560644,0.07434280,0.07519854,200.35098861
2022-04-03 00:00:00,0.07524743,0.07596589,0.07487848,0.07581583,307.30962096
2022-04-04 00:00:00,0.07573906,0.07617188,0.07494498,0.07555108,232.96019260
2022-04-05 00:00:00,0.07548628,0.07569183,0.07473960,0.07486000,310.73465288
2022-04-06 00:00:00,0.07479513,0.07479513,0.07309000,0.07344765,1526.05830057
2022-04-07 00:00:00,0.07340021,0.07450306,0.07325968,0.07436126,753.42346690
2022-04-08 00:00:00,0.07428079,0.07600000,0.07416030,0.07557550,462.01709905
2022-04-09 00:00:00,0.07559875,0.07655876,0.07536603,0.07630330,223.11780361
2022-04-10 00:00:00,0.07620646,0.07679672,0.07586406,0.07589032,173.11627228
2022-04-11 00:00:00,0.07598784,0.07606877,0.07349960,0.07543698,1339.49607747
2022-04-12 00:00:00,0.07530443,0.07600000,0.07497634,0.07558125,358.88679291
2022-04-13 00:00:00,0.07559005,0.07632068,0.07495784,0.07581388,243.99013519
2022-04-14 00:00:00,0.07574557,0.07589340,0.07496776,0.07568474,586.64179749
2022-04-15 00:00:00,0.07564668,0.07575956,0.07474952,0.07501749,133.63789546
2022-04-16 00:00:00,0.07498800,0.07587428,0.07487957,0.07574232,89.02553435
2022-04-17 00:00:00,0.07576712,0.07632625,0.07522553,0.07530504,116.99310573
2022-04-18 00:00:00,0.07529512,0.07536134,0.07357896,0.07505694,522.84231355
2022-04-19 00:00:00,0.07506404,0.07538000,0.07442628,0.07488300,249.68784176
2022-04-20 00:00:00,0.07472900,0.07511715,0.07410472,0.07431801,826.01249441
2022-04-21 00:00:00,0.07438080,0.07441601,0.07332312,0.07370019,819.66410643
2022-04-22 00:00:00,0.07378668,0.07519263,0.07377235,0.07461018,369.90709466
2022-04-23 00:00:00,0.07457000,0.07492262,0.07409480,0.07443978,145.67730152
2022-04-24 00:00:00,0.07434000,0.07483268,0.07395592,0.07401000,132.75039737
2022-04-25 00:00:00,0.07394600,0.07505271,0.07286527,0.07435272,658.37564117
2022-04-26 00:00:00,0.07434280,0.07489220,0.07324322,0.07376448,324.49783104
2022-04-27 00:00:00,0.07377938,0.07446883,0.07324729,0.07364092,410.88590052
2022-04-28 00:00:00,0.07364596,0.07423588,0.07303036,0.07393000,799.80692598
2022-04-29 00:00:00,0.07393828,0.07409673,0.07264134,0.07296746,1077.60453345
2022-04-30 00:00:00,0.07296624,0.07347110,0.07221562,0.07221562,110.25503580
2022-05-01 00:00:00,0.07247866,0.07373534,0.07247866,0.07345958,271.31714147
2022-05-02 00:00:00,0.07344130,0.07435652,0.07236242,0.07414967,1348.57484679
2022-05-03 00:00:00,0.07424890,0.07424890,0.07339182,0.07376000,153.18655155
2022-05-04 00:00:00,0.07365151,0.07432676,0.07272208,0.07417636,464.81741906
2022-05-05 00:00:00,0.07417768,0.07569572,0.07383688,0.07515413,581.26576211
2022-05-06 00:00:00,0.07516330,0.07551556,0.07417416,0.07479663,489.99938905
2022-05-07 00:00:00,0.07478132,0.07542788,0.07412456,0.07426388,225.75209578
2022-05-08 00:00:00,0.07441601,0.07482734,0.07305238,0.07404421,789.99570650
2022-05-09 00:00:00,0.07388399,0.07441604,0.07205414,0.07415093,1348.62021274
2022-05-10 00:00:00,0.07414412,0.07626116,0.07359654,0.07555492,1121.09548755
2022-05-11 00:00:00,0.07560678,0.07693523,0.07143093,0.07152370,4585.00674225
2022-05-12 00:00:00,0.07164000,0.07270350,0.06640000,0.06747041,5503.93705346
2022-05-13 00:00:00,0.06755940,0.06955000,0.06730321,0.06864099,1310.60760770
2022-05-14 00:00:00,0.06860239,0.06952000,0.06780639,0.06843604,501.68139577
2022-05-15 00:00:00,0.06840000,0.06930853,0.06760308,0.06846678,698.73342468
2022-05-16 00:00:00,0.06845568,0.06859480,0.06731496,0.06770383,530.85824123
2022-05-17 00:00:00,0.06775000,0.06901816,0.06775000,0.06867023,457.57711120
2022-05-18 00:00:00,0.06874600,0.06892416,0.06652406,0.06668158,563.33044242
2022-05-19 00:00:00,0.06670852,0.06717636,0.06612720,0.06661493,1144.55641398
2022-05-20 00:00:00,0.06654938,0.06758932,0.06650496,0.06713551,380.83441579
2022-05-21 00:00:00,0.06714000,0.06748348,0.06684463,0.06708706,169.63442793
2022-05-22 00:00:00,0.06709922,0.06760116,0.06699185,0.06744263,213.14407236
2022-05-23 00:00:00,0.06737082,0.06831252,0.06722137,0.06781065,415.79820779
2022-05-24 00:00:00,0.06781860,0.06799500,0.06637280,0.06669745,593.43609968
2022-05-25 00:00:00,0.06678000,0.06700720,0.06565680,0.06571952,704.65205580
2022-05-26 00:00:00,0.06576790,0.06587833,0.06130560,0.06137719,2047.17805408
2022-05-27 00:00:00,0.06157565,0.06230916,0.05974896,0.06032636,1635.18589457
2022-05-28 00:00:00,0.06033125,0.06222096,0.06016446,0.06177872,750.63361257
2022-05-29 00:00:00,0.06176830,0.06196976,0.06111156,0.06156578,373.16691848
2022-05-30 00:00:00,0.06154000,0.06309872,0.06141732,0.06294000,787.23918816
2022-05-31 00:00:00,0.06294016,0.06326172,0.06093821,0.06101939,868.86670039
2022-06-01 00:00:00,0.06108372,0.06193457,0.06013000,0.06099333,896.72422587
2022-06-02 00:00:00,0.06101304,0.06144056,0.05990142,0.06018417,593.77175343
2022-06-03 00:00:00,0.06020337,0.06025514,0.05892720,0.05977592,817.33941150
2022-06-04 00:00:00,0.05978364,0.06058124,0.05927280,0.06041183,341.77661662
2022-06-05 00:00:00,0.06043787,0.06083468,0.06003312,0.06035700,99.41827169
2022-06-06 00:00:00,0.06039822,0.06098192,0.05900378,0.05928320,742.00712684
2022-06-07 00:00:00,0.05923009,0.05993612,0.05763648,0.05826759,981.90065006
2022-06-08 00:00:00,0.05828475,0.05965020,0.05826110,0.05933489,621.77993807
2022-06-09 00:00:00,0.05934052,0.05986890,0.05912701,0.05944368,408.16579081
2022-06-10 00:00:00,0.05942000,0.05965384,0.05703744,0.05717240,983.84895227
2022-06-11 00:00:00,0.05715255,0.05752407,0.05307216,0.05390285,1616.13126514
2022-06-12 00:00:00,0.05385001,0.05477100,0.05231360,0.05390341,1132.06464497
2022-06-13 00:00:00,0.05404583,0.05414632,0.04908171,0.05383700,4427.72653940
2022-06-14 00:00:00,0.05381000,0.05564749,0.05107232,0.05459799,2177.67588878
2022-06-15 00:00:00,0.05461000,0.05573476,0.05038272,0.05486866,1827.87547879
2022-06-16 00:00:00,0.05487140,0.05520449,0.05194395,0.05230151,1236.87330964
2022-06-17 00:00:00,0.05218411,0.05325220,0.05176192,0.05312716,338.73505294
2022-06-18 00:00:00,0.05303609,0.05308369,0.04989400,0.05246364,2445.92214888
2022-06-19 00:00:00,0.05234000,0.05629684,0.05158952,0.05479616,998.47700998
2022-06-20 00:00:00,0.05488854,0.05583820,0.05351867,0.05484822,377.99860904
2022-06-21 00:00:00,0.05476168,0.05519868,0.05355488,0.05427000,510.39831176
2022-06-22 00:00:00,0.05427346,0.05439004,0.05252048,0.05252074,460.74625247
2022-06-23 00:00:00,0.05252048,0.05468148,0.05251088,0.05423897,828.36724545
2022-06-24 00:00:00,0.05425375,0.05829268,0.05425375,0.05771000,2625.14817404
2022-06-25 00:00:00,0.05767392,0.05853515,0.05637999,0.05778624,397.22217308
2022-06-26 00:00:00,0.05782328,0.05888236,0.05689630,0.05689630,168.95042111
2022-06-27 00:00:00,0.05694359,0.05813508,0.05693392,0.05746800,269.90069115
2022-06-28 00:00:00,0.05748000,0.05855628,0.05624432,0.05642405,479.44956728
2022-06-29 00:00:00,0.05643000,0.05676346,0.05442080,0.05464000,261.88909009
2022-06-30 00:00:00,0.05459811,0.05490000,0.05303768,0.05365832,560.04353559
2022-07-01 00:00:00,0.05362384,0.05553204,0.05324000,0.05488368,249.96659339
2022-07-02 00:00:00,0.05497000,0.05559548,0.05409966,0.05546777,222.79872144
2022-07-03 00:00:00,0.05541925,0.05607951,0.05491524,0.05564896,104.29758412
2022-07-04 00:00:00,0.05563262,0.05725052,0.05477228,0.05689560,442.88302425
2022-07-05 00:00:00,0.05690000,0.05749217,0.05575000,0.05617000,228.80987756
2022-07-06 00:00:00,0.05620808,0.05833164,0.05598999,0.05773008,201.23668270
2022-07-07 00:00:00,0.05771166,0.05874196,0.05676204,0.05724114,578.31722372
2022-07-08 00:00:00,0.05719204,0.05738230,0.05594178,0.05604273,621.78805906
2022-07-09 00:00:00,0.05615836,0.05657825,0.05605859,0.05638623,55.52981128
2022-07-10 00:00:00,0.05639587,0.05673309,0.05544000,0.05598413,108.07671902
2022-07-11 00:00:00,0.05601325,0.05621559,0.05468380,0.05488992,272.70952848
2022-07-12 00:00:00,0.05490735,0.05501004,0.05348385,0.05378188,354.19107237
2022-07-13 00:00:00,0.05375558,0.05521852,0.05317560,0.05508415,590.07067009
2022-07-14 00:00:00,0.05507065,0.05810000,0.05456394,0.05788924,269.88615422
2022-07-15 00:00:00,0.05797690,0.06071004,0.05777688,0.05916793,1842.37937443
2022-07-16 00:00:00,0.05910384,0.06640740,0.05795472,0.06392509,910.59685400
2022-07-17 00:00:00,0.06398799,0.06523740,0.06277620,0.06439278,1354.21431685
2022-07-18 00:00:00,0.06450846,0.07083450,0.06450846,0.07051526,1297.00190118
2022-07-19 00:00:00,0.07054800,0.07092166,0.06563519,0.06596304,1748.65506536
2022-07-20 00:00:00,0.06587737,0.06784359,0.06482184,0.06544971,3058.44682778
2022-07-21 00:00:00,0.06564888,0.06894760,0.06454548,0.06805626,583.86131706
2022-07-22 00:00:00,0.06809001,0.07023000,0.06731496,0.06762854,701.56105576
2022-07-23 00:00:00,0.06763000,0.06952972,0.06749724,0.06904793,182.55844294
2022-07-24 00:00:00,0.06908292,0.07232700,0.06908292,0.07067089,309.64390846
2022-07-25 00:00:00,0.07075804,0.07090951,0.06749136,0.06749136,395.77692332
2022-07-26 00:00:00,0.06783624,0.06830676,0.06514014,0.06830676,524.38262598
2022-07-27 00:00:00,0.06822000,0.07169200,0.06751000,0.07147084,319.38513678
2022-07-28 00:00:00,0.07131803,0.07390665,0.07015950,0.07233000,375.78341918
2022-07-29 00:00:00,0.07232000,0.07318484,0.07053118,0.07241542,589.52076854
2022-07-30 00:00:00,0.07242143,0.07258308,0.06994290,0.07176410,524.53048878
2022-07-31 00:00:00,0.07165000,0.07292060,0.07126811,0.07210913,85.70878466
2022-08-01 00:00:00,0.07205729,0.07263987,0.06982320,0.07017511,127.57120710
2022-08-02 00:00:00,0.07004000,0.07185150,0.06878496,0.07099000,2361.44112480
2022-08-03 00:00:00,0.07096990,0.07137691,0.06999485,0.07093965,176.08382992
2022-08-04 00:00:00,0.07096020,0.07179850,0.07008977,0.07116000,255.68887815
2022-08-05 00:00:00,0.07113754,0.07470000,0.07100728,0.07455393,274.48907274
2022-08-06 00:00:00,0.07455991,0.07504100,0.07328726,0.07369000,193.93532888
2022-08-07 00:00:00,0.07367408,0.07410184,0.07293494,0.07338776,94.49368582
2022-08-08 00:00:00,0.07331110,0.07499999,0.07257528,0.07461153,214.26327072
2022-08-09 00:00:00,0.07465912,0.07487055,0.07281750,0.07344000,143.61050562
2022-08-10 00:00:00,0.07366000,0.07790237,0.07296430,0.07731070,1759.94199192
2022-08-11 00:00:00,0.07725606,0.07871836,0.07666408,0.07858337,505.87315970
2022-08-12 00:00:00,0.07851765,0.08040425,0.07813542,0.08024400,519.57696948
2022-08-13 00:00:00,0.08023228,0.08169285,0.07973567,0.08113000,646.42019168
2022-08-14 00:00:00,0.08108200,0.08141082,0.07897145,0.07965000,1134.50628075
2022-08-15 00:00:00,0.07959436,0.08072000,0.07820292,0.07878308,325.88152797
2022-08-16 00:00:00,0.07883312,0.07950421,0.07794000,0.07871231,248.25811367
2022-08-17 00:00:00,0.07875050,0.08009399,0.07791857,0.07854079,535.34199194
2022-08-18 00:00:00,0.07854293,0.08027645,0.07823189,0.07966000,218.65339054
2022-08-19 00:00:00,0.07963151,0.08118908,0.07701018,0.07716969,982.57101736
2022-08-20 00:00:00,0.07713412,0.07764115,0.07331985,0.07453394,351.37579155
2022-08-21 00:00:00,0.07456994,0.07605284,0.07420000,0.07524037,441.54107532
2022-08-22 00:00:00,0.07521700,0.07602308,0.07314046,0.07587838,256.02815383
2022-08-23 00:00:00,0.07588163,0.07753412,0.07458089,0.07724390,312.16083919
2022-08-24 00:00:00,0.07716427,0.07800900,0.07581096,0.07750315,200.36975288
2022-08-25 00:00:00,0.07750000,0.07935951,0.07746531,0.07849845,207.28383869
2022-08-26 00:00:00,0.07867911,0.07867911,0.07396368,0.07453000,436.48364572
2022-08-27 00:00:00,0.07438468,0.07476106,0.07296431,0.07437527,242.79834039
2022-08-28 00:00:00,0.07442000,0.07500000,0.07286740,0.07297000,172.77394922
2022-08-29 00:00:00,0.07302919,0.07682660,0.07275145,0.07656944,420.20174900
2022-08-30 00:00:00,0.07654117,0.07825016,0.07529512,0.07690071,371.72791024
2022-08-31 00:00:00,0.07712240,0.07922220,0.07692200,0.07752000,371.80055237
2022-09-01 00:00:00,0.07755215,0.07920968,0.07674000,0.07881068,557.30522533
2022-09-02 00:00:00,0.07881000,0.08074466,0.07813542,0.07900709,290.40529851
2022-09-03 00:00:00,0.07882739,0.07891000,0.07770133,0.07854207,134.80559104
2022-09-04 00:00:00,0.07847637,0.07937752,0.07835589,0.07898804,185.34320157
2022-09-05 00:00:00,0.07898115,0.08200001,0.07898115,0.08161843,212.92081966
2022-09-06 00:00:00,0.08174586,0.08500000,0.08170000,0.08288243,815.28864279
2022-09-07 00:00:00,0.08300000,0.08558649,0.08022000,0.08452000,1030.59357163
2022-09-08 00:00:00,0.08455537,0.08557062,0.08375000,0.08462344,445.32728657
2022-09-09 00:00:00,0.08461473,0.08489057,0.08009090,0.08041809,782.93734577
2022-09-10 00:00:00,0.08045714,0.08216642,0.08026336,0.08199423,272.59811011
2022-09-11 00:00:00,0.08200667,0.08227344,0.07999089,0.08090689,434.59770469
2022-09-12 00:00:00,0.08087266,0.08088973,0.07635656,0.07665221,634.55309470
2022-09-13 00:00:00,0.07659534,0.07988608,0.07508399,0.07802644,677.43962096
2022-09-14 00:00:00,0.07798522,0.08105864,0.07746017,0.08099156,1157.49962749
2022-09-15 00:00:00,0.08099156,0.08201140,0.07425352,0.07470821,782.18903972
2022-09-16 00:00:00,0.07478629,0.07492196,0.07228902,0.07243000,353.81226200
2022-09-17 00:00:00,0.07246751,0.07344124,0.07133200,0.07303274,428.89757463
2022-09-18 00:00:00,0.07295876,0.07295876,0.06817000,0.06877741,653.52360177
2022-09-19 00:00:00,0.06864846,0.07088580,0.06829692,0.07039320,511.25295356
2022-09-20 00:00:00,0.07047104,0.07174038,0.06968531,0.07009507,618.15435292
2022-09-21 00:00:00,0.07000000,0.07126750,0.06709152,0.06764220,1188.70740992
2022-09-22 00:00:00,0.06751409,0.06915928,0.06665053,0.06834396,244.72566711
2022-09-23 00:00:00,0.06843225,0.06995976,0.06797464,0.06886000,201.70049593
2022-09-24 00:00:00,0.06884554,0.07051380,0.06861000,0.06964000,389.70851276
2022-09-25 00:00:00,0.06964361,0.06990016,0.06795000,0.06894029,574.90274768
2022-09-26 00:00:00,0.06891198,0.06963556,0.06826000,0.06952105,146.57825226
2022-09-27 00:00:00,0.06944046,0.06995124,0.06822048,0.06963120,256.37789457
2022-09-28 00:00:00,0.06964000,0.06985681,0.06755604,0.06891228,410.09583621
2022-09-29 00:00:00,0.06891227,0.06914164,0.06810000,0.06817002,128.40338840
2022-09-30 00:00:00,0.06816169,0.06903580,0.06765012,0.06832079,114.12405606
2022-10-01 00:00:00,0.06845000,0.06888887,0.06783182,0.06789415,38.31933204
2022-10-02 00:00:00,0.06791317,0.06815376,0.06692688,0.06692688,74.72654642
2022-10-03 00:00:00,0.06699000,0.06824000,0.06659760,0.06753397,303.55686470
2022-10-04 00:00:00,0.06743745,0.06795976,0.06672578,0.06691446,134.48222180
2022-10-05 00:00:00,0.06692000,0.06732988,0.06638004,0.06704998,67.53209046
2022-10-06 00:00:00,0.06706589,0.06824200,0.06696804,0.06770000,114.33524394
2022-10-07 00:00:00,0.06778500,0.06829945,0.06746784,0.06815735,123.55870297
2022-10-08 00:00:00,0.06812487,0.06840076,0.06765600,0.06776651,18.54489734
2022-10-09 00:00:00,0.06769792,0.06805877,0.06750900,0.06805877,25.37479399
2022-10-10 00:00:00,0.06804462,0.06853608,0.06739140,0.06739140,102.65785041
2022-10-11 00:00:00,0.06739140,0.06767365,0.06685238,0.06715211,50.24272312
2022-10-12 00:00:00,0.06713208,0.06805980,0.06701433,0.06756325,84.95795313
2022-10-13 00:00:00,0.06753841,0.06782583,0.06546864,0.06644000,328.53150107
2022-10-14 00:00:00,0.06644000,0.06788514,0.06636828,0.06762624,67.97775363
2022-10-15 00:00:00,0.06761739,0.06774988,0.06657408,0.06687975,71.18563403
2022-10-16 00:00:00,0.06687454,0.06792448,0.06682790,0.06779008,111.28905481
2022-10-17 00:00:00,0.06777001,0.06826250,0.06752198,0.06813186,103.80433721
2022-10-18 00:00:00,0.06809989,0.06839496,0.06714444,0.06773097,30.86909835
2022-10-19 00:00:00,0.06778644,0.06794088,0.06707976,0.06710414,96.78854916
2022-10-20 00:00:00,0.06712664,0.06790684,0.06702096,0.06733537,71.50702949
2022-10-21 00:00:00,0.06734265,0.06803022,0.06703861,0.06778949,87.69494686
2022-10-22 00:00:00,0.06785095,0.06860664,0.06765050,0.06842388,52.35083142
2022-10-23 00:00:00,0.06844521,0.06978852,0.06802505,0.06968000,275.40403612
2022-10-24 00:00:00,0.06979428,0.07000001,0.06907309,0.06956959,1780.90935556
2022-10-25 00:00:00,0.06954512,0.07551556,0.06936708,0.07267220,601.58404913
2022-10-26 00:00:00,0.07268002,0.07592691,0.07268002,0.07543004,1060.35259812
2022-10-27 00:00:00,0.07538837,0.07602308,0.07443208,0.07463627,216.16997701
2022-10-28 00:00:00,0.07461990,0.07592708,0.07401544,0.07554352,257.53613445
2022-10-29 00:00:00,0.07546847,0.07922200,0.07527820,0.07778892,518.16293006
2022-10-30 00:00:00,0.07781727,0.07836464,0.07665416,0.07711755,103.35793046
2022-10-31 00:00:00,0.07713977,0.07851000,0.07613832,0.07680772,224.81306288
2022-11-01 00:00:00,0.07670840,0.07794000,0.07670840,0.07715000,1342.08894075
2022-11-02 00:00:00,0.07707506,0.07812366,0.07472461,0.07540000,709.81414423
2022-11-03 00:00:00,0.07538407,0.07655204,0.07527127,0.07577851,166.71830274
2022-11-04 00:00:00,0.07573344,0.07890000,0.07570551,0.07775159,333.97446042
2022-11-05 00:00:00,0.07778383,0.07801898,0.07632680,0.07641000,1095.27578339
2022-11-06 00:00:00,0.07638000,0.07688807,0.07490824,0.07513923,138.17408390
2022-11-07 00:00:00,0.07501475,0.07705787,0.07491010,0.07616703,337.23996124
2022-11-08 00:00:00,0.07619893,0.07710000,0.07055810,0.07190399,2956.43065381
2022-11-09 00:00:00,0.07189000,0.07218573,0.06600000,0.06933885,2844.44552746
2022-11-10 00:00:00,0.06918818,0.07567000,0.06882024,0.07406645,2393.82528222
2022-11-11 00:00:00,0.07386339,0.07613710,0.07208350,0.07556236,1126.41385445
2022-11-12 00:00:00,0.07558440,0.07593380,0.07429320,0.07476669,658.09492817
2022-11-13 00:00:00,0.07483107,0.07524880,0.07356904,0.07475281,469.06329670
2022-11-14 00:00:00,0.07476708,0.07552481,0.07361000,0.07476876,668.08071462
2022-11-15 00:00:00,0.07477156,0.07548740,0.07368808,0.07412965,294.73625911
2022-11-16 00:00:00,0.07411814,0.07600000,0.07242848,0.07293268,592.21846631
2022-11-17 00:00:00,0.07293781,0.07334814,0.07187160,0.07187160,411.22409372
2022-11-18 00:00:00,0.07188000,0.07293615,0.07169410,0.07263530,199.45582608
2022-11-19 00:00:00,0.07259999,0.07330408,0.07236242,0.07291292,118.70213074
2022-11-20 00:00:00,0.07290854,0.07319500,0.06986310,0.07013271,333.80524003
2022-11-21 00:00:00,0.07018796,0.07068690,0.06852036,0.07021300,974.79362549
2022-11-22 00:00:00,0.07019999,0.07035990,0.06873204,0.07019650,644.82625041
2022-11-23 00:00:00,0.07018774,0.07155280,0.06958465,0.07132958,860.70066833
2022-11-24 00:00:00,0.07128592,0.07281050,0.07128592,0.07254820,262.86375637
2022-11-25 00:00:00,0.07253904,0.07275991,0.07143078,0.07253607,324.94358984
2022-11-26 00:00:00,0.07261966,0.07405892,0.07252829,0.07327778,975.73287622
2022-11-27 00:00:00,0.07327778,0.07372000,0.07250090,0.07265129,226.76510078
2022-11-28 00:00:00,0.07265715,0.07277720,0.07161998,0.07203212,232.35256709
2022-11-29 00:00:00,0.07203212,0.07438435,0.07184320,0.07397778,287.61269793
2022-11-30 00:00:00,0.07395592,0.07610563,0.07387481,0.07545063,1430.28956394
2022-12-01 00:00:00,0.07546544,0.07551556,0.07445000,0.07523089,277.64252473
2022-12-02 00:00:00,0.07514163,0.07605284,0.07500850,0.07579001,261.10257907
2022-12-03 00:00:00,0.07579002,0.07605124,0.07329936,0.07353595,198.73132385
2022-12-04 00:00:00,0.07345341,0.07494000,0.07344490,0.07479158,271.85858445
2022-12-05 00:00:00,0.07476445,0.07524932,0.07377736,0.07424817,198.43667814
2022-12-06 00:00:00,0.07422146,0.07456324,0.07341204,0.07444666,188.25768216
2022-12-07 00:00:00,0.07441372,0.07450967,0.07280383,0.07313999,306.06374496
2022-12-08 00:00:00,0.07314000,0.07474339,0.07280282,0.07425587,130.72924862
2022-12-09 00:00:00,0.07432935,0.07485572,0.07354920,0.07375113,159.18466878
2022-12-10 00:00:00,0.07372343,0.07445986,0.07361111,0.07395587,94.90497483
2022-12-11 00:00:00,0.07390858,0.07440148,0.07352936,0.07392412,191.37601149
2022-12-12 00:00:00,0.07393015,0.07432516,0.07337534,0.07412362,167.51942009
2022-12-13 00:00:00,0.07414375,0.07511250,0.07327000,0.07420357,488.69187344
2022-12-14 00:00:00,0.07432739,0.07448719,0.07289242,0.07348555,500.77635669
2022-12-15 00:00:00,0.07340358,0.07348674,0.07255179,0.07295848,205.59074610
2022-12-16 00:00:00,0.07295803,0.07317198,0.06984600,0.07016000,450.82856079
2022-12-17 00:00:00,0.07019903,0.07091680,0.06998190,0.07071296,196.86658839
2022-12-18 00:00:00,0.07081285,0.07118229,0.07026210,0.07076736,196.56016337
2022-12-19 00:00:00,0.07069414,0.07116100,0.07046161,0.07100170,249.68618913
2022-12-20 00:00:00,0.07090110,0.07227142,0.07089110,0.07202662,469.22354934
2022-12-21 00:00:00,0.07203332,0.07225616,0.07173670,0.07214099,202.13040212
2022-12-22 00:00:00,0.07214537,0.07348537,0.07119764,0.07239157,336.37535167
2022-12-23 00:00:00,0.07239363,0.07278000,0.07225890,0.07270350,183.40270269
2022-12-24 00:00:00,0.07271960,0.07272242,0.07227434,0.07250458,88.18378179
2022-12-25 00:00:00,0.07250428,0.07262878,0.07151660,0.07237221,228.20180683
2022-12-26 00:00:00,0.07242437,0.07268560,0.07208527,0.07255829,257.42405865
2022-12-27 00:00:00,0.07259571,0.07268754,0.07208350,0.07255634,275.32756912
2022-12-28 00:00:00,0.07255940,0.07258949,0.07158051,0.07192522,349.40301040
2022-12-29 00:00:00,0.07195247,0.07233249,0.07183795,0.07218045,151.13293339
2022-12-30 00:00:00,0.07216814,0.07246734,0.07197063,0.07225040,282.76561520
2022-12-31 00:00:00,0.07227267,0.07262148,0.07212855,0.07227003,131.80826807
2023-01-01 00:00:00,0.07227003,0.07249242,0.07212021,0.07223065,155.49320646
2023-01-02 00:00:00,0.07222681,0.07294262,0.07207353,0.07282358,416.05909298
2023-01-03 00:00:00,0.07282357,0.07288293,0.07253153,0.07284036,170.68339819
2023-01-04 00:00:00,0.07285456,0.07507277,0.07282286,0.07459370,745.94896995
2023-01-05 00:00:00,0.07457461,0.07457544,0.07406504,0.07433818,193.25305957
2023-01-06 00:00:00,0.07437156,0.07543000,0.07405512,0.07487834,691.47832182
2023-01-07 00:00:00,0.07481307,0.07488009,0.07453600,0.07458556,120.27541027
2023-01-08 00:00:00,0.07459089,0.07556996,0.07440232,0.07529867,227.08954730
2023-01-09 00:00:00,0.07525988,0.07754084,0.07511656,0.07690635,517.34348074
2023-01-10 00:00:00,0.07682744,0.07730276,0.07650536,0.07650536,468.38468548
2023-01-11 00:00:00,0.07657696,0.07795563,0.07620776,0.07743521,524.22812617
2023-01-12 00:00:00,0.07736000,0.07798186,0.07504712,0.07510286,630.50124965
2023-01-13 00:00:00,0.07513603,0.07513603,0.07279720,0.07281000,520.29344398
2023-01-14 00:00:00,0.07279548,0.07584452,0.07200000,0.07399583,1035.56521427
2023-01-15 00:00:00,0.07391999,0.07458788,0.07345000,0.07435009,128.81068997
2023-01-16 00:00:00,0.07437000,0.07507076,0.07365832,0.07441079,274.68383356
2023-01-17 00:00:00,0.07440232,0.07474178,0.07381000,0.07405997,449.24802577
2023-01-18 00:00:00,0.07410809,0.07458105,0.07302302,0.07317823,402.44002930
2023-01-19 00:00:00,0.07310123,0.07392673,0.07310123,0.07361000,183.74947154
2023-01-20 00:00:00,0.07355999,0.07467716,0.07283218,0.07313990,635.84610404
2023-01-21 00:00:00,0.07311163,0.07392568,0.07077843,0.07142073,1283.91953632
2023-01-22 00:00:00,0.07137999,0.07248160,0.07075726,0.07166926,263.39059068
2023-01-23 00:00:00,0.07168163,0.07216060,0.07053546,0.07099133,177.24335048
2023-01-24 00:00:00,0.07096106,0.07111000,0.06771480,0.06875419,399.39028811
2023-01-25 00:00:00,0.06874487,0.06984144,0.06799785,0.06984144,530.54341565
2023-01-26 00:00:00,0.06984720,0.07020996,0.06902016,0.06962369,245.38106279
2023-01-27 00:00:00,0.06958463,0.06958463,0.06834984,0.06924362,958.51872197
2023-01-28 00:00:00,0.06924642,0.06938860,0.06792648,0.06833016,197.14161787
2023-01-29 00:00:00,0.06821501,0.06952392,0.06820559,0.06928880,247.53158660
2023-01-30 00:00:00,0.06924429,0.06931799,0.06772068,0.06862192,254.47463302
2023-01-31 00:00:00,0.06863243,0.06910636,0.06837336,0.06849416,120.69378451
2023-02-01 00:00:00,0.06863489,0.06953394,0.06819108,0.06924978,228.90558490
2023-02-02 00:00:00,0.06921999,0.07109522,0.06917205,0.06996439,440.57649686
2023-02-03 00:00:00,0.06992071,0.07125346,0.06959052,0.07100968,169.35316598
2023-02-04 00:00:00,0.07104103,0.07205560,0.07069300,0.07143000,156.05323416
2023-02-05 00:00:00,0.07140733,0.07152933,0.07053016,0.07106311,408.92855389
2023-02-06 00:00:00,0.07106750,0.07165980,0.07086340,0.07097153,1018.77244684
2023-02-07 00:00:00,0.07094641,0.07197040,0.07091208,0.07187767,166.29963789
2023-02-08 00:00:00,0.07186408,0.07268220,0.07164500,0.07188102,472.06692467
2023-02-09 00:00:00,0.07185045,0.07228202,0.07012530,0.07092474,317.47241022
2023-02-10 00:00:00,0.07090811,0.07106987,0.06957449,0.06997314,144.58301111
2023-02-11 00:00:00,0.06984432,0.07053298,0.06968822,0.07038878,74.84268554
2023-02-12 00:00:00,0.07035630,0.07039131,0.06907308,0.06953884,114.74312129
2023-02-13 00:00:00,0.06954004,0.06970612,0.06830281,0.06915042,247.14624294
2023-02-14 00:00:00,0.06917112,0.07036680,0.06895682,0.07008445,327.58157162
2023-02-15 00:00:00,0.07008222,0.07019475,0.06859726,0.06884114,1283.15674131
2023-02-16 00:00:00,0.06882021,0.06961163,0.06825000,0.06961163,805.95049867
2023-02-17 00:00:00,0.06962000,0.07020001,0.06873000,0.06892917,336.74583697
2023-02-18 00:00:00,0.06898392,0.06915928,0.06839100,0.06866000,162.68392556
2023-02-19 00:00:00,0.06864113,0.06926512,0.06841452,0.06919913,101.19750058
2023-02-20 00:00:00,0.06915001,0.06957684,0.06827057,0.06856132,458.82856842
2023-02-21 00:00:00,0.06857062,0.06864790,0.06769716,0.06782281,290.04736650
2023-02-22 00:00:00,0.06789724,0.06846551,0.06766776,0.06793560,152.70612237
2023-02-23 00:00:00,0.06793522,0.06935966,0.06782096,0.06893489,303.09098978
2023-02-24 00:00:00,0.06900000,0.06967084,0.06836160,0.06930903,179.40659323
2023-02-25 00:00:00,0.06934459,0.06972376,0.06835572,0.06882061,91.33302264
2023-02-26 00:00:00,0.06887700,0.06977664,0.06883824,0.06966057,66.80402694
2023-02-27 00:00:00,0.06965284,0.07032570,0.06942000,0.06950283,286.49245851
2023-02-28 00:00:00,0.06955735,0.07009420,0.06922596,0.06935648,81.26763577
2023-03-01 00:00:00,0.06937498,0.07045608,0.06921421,0.07044570,527.59191820
2023-03-02 00:00:00,0.07044450,0.07061639,0.06968387,0.07024459,117.21545942
2023-03-03 00:00:00,0.07025548,0.07037532,0.06957000,0.07018000,338.11335343
2023-03-04 00:00:00,0.07021321,0.07043040,0.06984600,0.07008999,49.72858350
2023-03-05 00:00:00,0.07008999,0.07046460,0.06961992,0.06973639,90.96324019
2023-03-06 00:00:00,0.06976620,0.07007656,0.06964352,0.06988420,111.67211643
2023-03-07 00:00:00,0.06983972,0.07038220,0.06960228,0.07033529,134.67153054
2023-03-08 00:00:00,0.07039410,0.07109730,0.07035900,0.07066409,287.12365646
2023-03-09 00:00:00,0.07065216,0.07176630,0.07020510,0.07057384,189.26666676
2023-03-10 00:00:00,0.07055631,0.07128880,0.06964932,0.07074593,420.53334117
2023-03-11 00:00:00,0.07078522,0.07227750,0.07065040,0.07186184,956.62583469
2023-03-12 00:00:00,0.07195408,0.07362524,0.07136152,0.07169824,1281.37939924
2023-03-13 00:00:00,0.07172999,0.07218190,0.06884766,0.06943265,3375.05866552
2023-03-14 00:00:00,0.06941607,0.06964227,0.06675001,0.06887000,3189.91580912
2023-03-15 00:00:00,0.06886718,0.06922000,0.06652458,0.06797740,2076.28124398
2023-03-16 00:00:00,0.06797740,0.06808324,0.06656232,0.06695794,666.10583430
2023-03-17 00:00:00,0.06696257,0.06696400,0.06411999,0.06527992,2684.77933472
2023-03-18 00:00:00,0.06526937,0.06673085,0.06502774,0.06525696,677.01435836
2023-03-19 00:00:00,0.06538292,0.06579001,0.06362232,0.06367287,825.52590324
2023-03-20 00:00:00,0.06367111,0.06443001,0.06224640,0.06252659,2201.51237881
2023-03-21 00:00:00,0.06247418,0.06537000,0.06247189,0.06409867,2367.01377687
2023-03-22 00:00:00,0.06407966,0.06437304,0.06242280,0.06366359,1115.55433822
2023-03-23 00:00:00,0.06363000,0.06471927,0.06324012,0.06410199,810.83325743
2023-03-24 00:00:00,0.06411291,0.06432588,0.06266976,0.06374736,794.14958711
2023-03-25 00:00:00,0.06373733,0.06385485,0.06309312,0.06343062,296.49854161
2023-03-26 00:00:00,0.06343387,0.06436116,0.06324834,0.06341911,476.93947758
2023-03-27 00:00:00,0.06345033,0.06386724,0.06295788,0.06316068,308.79607362
2023-03-28 00:00:00,0.06324274,0.06526080,0.06324274,0.06504502,742.27935844
2023-03-29 00:00:00,0.06502000,0.06527848,0.06304000,0.06325752,355.49961175
2023-03-30 00:00:00,0.06326000,0.06409080,0.06249411,0.06397934,1717.10409675
2023-03-31 00:00:00,0.06403010,0.06476692,0.06386340,0.06397775,571.15904182
2023-04-01 00:00:00,0.06397768,0.06434356,0.06379872,0.06396045,100.61659063
2023-04-02 00:00:00,0.06395944,0.06425536,0.06351648,0.06368478,133.26689462
2023-04-03 00:00:00,0.06370706,0.06519028,0.06364527,0.06509027,538.87133821
2023-04-04 00:00:00,0.06512061,0.06661902,0.06465896,0.06640629,674.72399673
2023-04-05 00:00:00,0.06639505,0.06795972,0.06635299,0.06776591,827.29120287
2023-04-06 00:00:00,0.06765198,0.06780329,0.06655056,0.06676199,317.09521330
2023-04-07 00:00:00,0.06678276,0.06700720,0.06629743,0.06678079,137.68753970
2023-04-08 00:00:00,0.06679000,0.06681161,0.06618600,0.06618600,92.35516054
2023-04-09 00:00:00,0.06619000,0.06633688,0.06539473,0.06560834,217.26292945
2023-04-10 00:00:00,0.06558624,0.06587824,0.06419856,0.06446541,676.37508419
2023-04-11 00:00:00,0.06448122,0.06452742,0.06247572,0.06255972,661.72705527
2023-04-12 00:00:00,0.06255819,0.06444820,0.06201708,0.06416531,834.55642046
2023-04-13 00:00:00,0.06417394,0.06653647,0.06326952,0.06622177,1225.36276195
2023-04-14 00:00:00,0.06618588,0.06945916,0.06617837,0.06895546,1465.40611160
2023-04-15 00:00:00,0.06890844,0.06951208,0.06844980,0.06902347,333.74974751
2023-04-16 00:00:00,0.06899076,0.07013760,0.06880546,0.06992002,436.35207764
2023-04-17 00:00:00,0.06990000,0.07086870,0.06960968,0.07050251,474.07563032
2023-04-18 00:00:00,0.07046542,0.07093086,0.06872028,0.06922005,441.01039463
2023-04-19 00:00:00,0.06921306,0.06937092,0.06704624,0.06718522,2029.27399152
2023-04-20 00:00:00,0.06716000,0.06892996,0.06708557,0.06879640,401.27836999
2023-04-21 00:00:00,0.06881058,0.06903576,0.06708666,0.06777072,1071.82641559
2023-04-22 00:00:00,0.06782385,0.06811852,0.06735258,0.06738722,156.18702436
2023-04-23 00:00:00,0.06737625,0.06790684,0.06709152,0.06748698,168.46595112
2023-04-24 00:00:00,0.06751055,0.06770700,0.06680000,0.06696097,393.35123625
2023-04-25 00:00:00,0.06694936,0.06713205,0.06590964,0.06593000,567.62369326
2023-04-26 00:00:00,0.06590376,0.06617232,0.06498648,0.06568780,680.13324746
2023-04-27 00:00:00,0.06561463,0.06617000,0.06457488,0.06479854,528.14785917
2023-04-28 00:00:00,0.06475801,0.06533140,0.06446904,0.06448539,260.37581983
2023-04-29 00:00:00,0.06448746,0.06527848,0.06445728,0.06524000,98.45154813
2023-04-30 00:00:00,0.06521098,0.06527268,0.06391528,0.06391528,499.15836490
2023-05-01 00:00:00,0.06403284,0.06540196,0.06396845,0.06520557,564.65809491
2023-05-02 00:00:00,0.06521973,0.06545895,0.06486888,0.06528502,549.54851113
2023-05-03 00:00:00,0.06522208,0.06648984,0.06506292,0.06566656,438.52824882
2023-05-04 00:00:00,0.06556420,0.06562512,0.06494967,0.06510678,254.06503733
2023-05-05 00:00:00,0.06509394,0.06767172,0.06461604,0.06756000,656.26435893
2023-05-06 00:00:00,0.06756333,0.06786576,0.06490255,0.06574185,646.37323327
2023-05-07 00:00:00,0.06575012,0.06648984,0.06553920,0.06582734,265.35573168
2023-05-08 00:00:00,0.06579204,0.06704248,0.06551568,0.06678260,515.71816229
2023-05-09 00:00:00,0.06679745,0.06713068,0.06654419,0.06683820,132.74340554
2023-05-10 00:00:00,0.06684665,0.06713068,0.06622128,0.06670308,205.51060503
2023-05-11 00:00:00,0.06668689,0.06672150,0.06604488,0.06650992,172.74074618
2023-05-12 00:00:00,0.06652531,0.06785547,0.06607428,0.06752245,608.46045895
2023-05-13 00:00:00,0.06747000,0.06753391,0.06672696,0.06704800,129.14880997
2023-05-14 00:00:00,0.06709633,0.06739528,0.06668580,0.06686027,312.84974662
2023-05-15 00:00:00,0.06682510,0.06732399,0.06655056,0.06686634,135.57102005
2023-05-16 00:00:00,0.06687988,0.06765367,0.06661386,0.06748018,88.63498782
2023-05-17 00:00:00,0.06748489,0.06748489,0.06646824,0.06646824,225.01518472
2023-05-18 00:00:00,0.06646236,0.06744820,0.06640356,0.06716265,81.70962748
2023-05-19 00:00:00,0.06709152,0.06764224,0.06705000,0.06741280,146.88182237
2023-05-20 00:00:00,0.06739599,0.06756595,0.06709440,0.06709440,43.59298772
2023-05-21 00:00:00,0.06709152,0.06750108,0.06685981,0.06746630,81.85576642
2023-05-22 00:00:00,0.06745164,0.06777196,0.06730320,0.06767623,111.13987480
2023-05-23 00:00:00,0.06771450,0.06831475,0.06766045,0.06812886,308.90265115
2023-05-24 00:00:00,0.06813089,0.06842350,0.06785004,0.06838821,440.78828952
2023-05-25 00:00:00,0.06840263,0.06853777,0.06780300,0.06822748,139.11651797
2023-05-26 00:00:00,0.06821465,0.06876540,0.06808977,0.06843048,171.83191244
2023-05-27 00:00:00,0.06844765,0.06861240,0.06812343,0.06812343,75.22654149
2023-05-28 00:00:00,0.06812490,0.06845368,0.06681516,0.06799076,353.86879337
2023-05-29 00:00:00,0.06798395,0.06847128,0.06765600,0.06821267,194.68733676
2023-05-30 00:00:00,0.06821050,0.06882412,0.06820191,0.06858330,127.42535277
2023-05-31 00:00:00,0.06860738,0.06910553,0.06836748,0.06886792,212.73866916
2023-06-01 00:00:00,0.06889852,0.06968848,0.06887969,0.06944803,666.10130959
2023-06-02 00:00:00,0.06939447,0.07030008,0.06939447,0.07000870,240.23896270
2023-06-03 00:00:00,0.07000261,0.07020198,0.06956112,0.06988000,137.90556475
2023-06-04 00:00:00,0.06990694,0.07011184,0.06951996,0.06976703,38.54597372
2023-06-05 00:00:00,0.06969020,0.07090390,0.06914952,0.07032849,356.54023839
2023-06-06 00:00:00,0.07030144,0.07087500,0.06903780,0.06920840,836.70128733
2023-06-07 00:00:00,0.06924801,0.07006863,0.06918775,0.06953606,166.75337820
2023-06-08 00:00:00,0.06955741,0.06998836,0.06942000,0.06964406,66.64888284
2023-06-09 00:00:00,0.06968473,0.06977244,0.06913776,0.06947997,402.17341643
2023-06-10 00:00:00,0.06951030,0.06976921,0.06717972,0.06777816,690.72617769
2023-06-11 00:00:00,0.06779481,0.06820779,0.06758000,0.06758095,96.35212812
2023-06-12 00:00:00,0.06757368,0.06757368,0.06696216,0.06726688,118.41557683
2023-06-13 00:00:00,0.06725728,0.06737184,0.06667212,0.06710573,154.64836577
2023-06-14 00:00:00,0.06705531,0.06733281,0.06520404,0.06570959,248.42286141
2023-06-15 00:00:00,0.06570929,0.06628510,0.06496311,0.06515220,407.04048651
2023-06-16 00:00:00,0.06519413,0.06557857,0.06439826,0.06517259,121.36490536
2023-06-17 00:00:00,0.06521117,0.06608992,0.06509820,0.06518270,48.74557881
2023-06-18 00:00:00,0.06514495,0.06558000,0.06500412,0.06534903,74.77757561
2023-06-19 00:00:00,0.06531129,0.06539760,0.06447492,0.06475695,201.10239128
2023-06-20 00:00:00,0.06473219,0.06473409,0.06304581,0.06328216,445.26098725
2023-06-21 00:00:00,0.06330402,0.06342048,0.06169684,0.06300292,1027.08103218
2023-06-22 00:00:00,0.06301052,0.06369088,0.06245808,0.06263784,123.65463852
2023-06-23 00:00:00,0.06265174,0.06285169,0.06113000,0.06166877,372.15718611
2023-06-24 00:00:00,0.06164386,0.06188156,0.06127620,0.06144000,130.23700385
2023-06-25 00:00:00,0.06139370,0.06271063,0.06131390,0.06232270,305.35744842
2023-06-26 00:00:00,0.06230682,0.06235063,0.06121740,0.06142879,117.91570242
2023-06-27 00:00:00,0.06142050,0.06229000,0.06110000,0.06158592,477.91290100
2023-06-28 00:00:00,0.06155256,0.06159000,0.06067056,0.06083877,273.77565240
2023-06-29 00:00:00,0.06079775,0.06108205,0.06053232,0.06080201,45.96903433
2023-06-30 00:00:00,0.06080719,0.06367969,0.06063740,0.06342794,348.02835587
2023-07-01 00:00:00,0.06350220,0.06366000,0.06271037,0.06285945,117.31632001
2023-07-02 00:00:00,0.06289000,0.06363796,0.06253000,0.06329800,160.83369871
2023-07-03 00:00:00,0.06327396,0.06434356,0.06274620,0.06274620,332.91008892
2023-07-04 00:00:00,0.06274032,0.06329700,0.06242868,0.06293311,121.76784814
2023-07-05 00:00:00,0.06296781,0.06300124,0.06251100,0.06264884,129.49275464
2023-07-06 00:00:00,0.06263003,0.06286997,0.06174660,0.06182443,242.26090602
2023-07-07 00:00:00,0.06176593,0.06189920,0.06137028,0.06151000,70.16574509
2023-07-08 00:00:00,0.06169530,0.06181659,0.06122806,0.06159199,182.08374241
2023-07-09 00:00:00,0.06152551,0.06196976,0.06142908,0.06175120,111.12795336
2023-07-10 00:00:00,0.06173729,0.06211512,0.06129384,0.06184024,55.60750666
2023-07-11 00:00:00,0.06183369,0.06183369,0.06107628,0.06135340,40.34526265
2023-07-12 00:00:00,0.06131962,0.06205036,0.06130560,0.06157120,47.08477989
2023-07-13 00:00:00,0.06163708,0.06437884,0.06147358,0.06374867,468.37963228
2023-07-14 00:00:00,0.06371546,0.06439068,0.06335000,0.06391341,245.80128440
2023-07-15 00:00:00,0.06391350,0.06407210,0.06363630,0.06374831,97.37977663
2023-07-16 00:00:00,0.06375871,0.06395150,0.06356940,0.06361359,37.59330393
2023-07-17 00:00:00,0.06356352,0.06383921,0.06303432,0.06339391,117.41746418
2023-07-18 00:00:00,0.06342892,0.06377328,0.06328611,0.06359000,162.28139055
2023-07-19 00:00:00,0.06351580,0.06379490,0.06304620,0.06315621,95.94260133
2023-07-20 00:00:00,0.06314796,0.06367324,0.06302844,0.06352019,73.72041549
2023-07-21 00:00:00,0.06350930,0.06354367,0.06321830,0.06321830,86.53761488
2023-07-22 00:00:00,0.06329505,0.06342222,0.06242868,0.06257931,32.67630415
2023-07-23 00:00:00,0.06263901,0.06296000,0.06248430,0.06286584,104.81354164
2023-07-24 00:00:00,0.06288890,0.06360000,0.06274454,0.06341710,50.62786242
2023-07-25 00:00:00,0.06342001,0.06374380,0.06342001,0.06355581,53.52720561
2023-07-26 00:00:00,0.06353605,0.06384964,0.06336852,0.06376140,25.13389369
2023-07-27 00:00:00,0.06377904,0.06388253,0.06347761,0.06366657,80.91524468
2023-07-28 00:00:00,0.06368260,0.06404364,0.06358051,0.06394250,38.81051985
2023-07-29 00:00:00,0.06393154,0.06421428,0.06377000,0.06410443,26.33843629
2023-07-30 00:00:00,0.06407573,0.06413472,0.06358116,0.06362011,18.17711736
2023-07-31 00:00:00,0.06357825,0.06377614,0.06338124,0.06350299,39.28124177
2023-08-01 00:00:00,0.06347285,0.06360930,0.06299316,0.06305196,149.67964154
2023-08-02 00:00:00,0.06304020,0.06329370,0.06256392,0.06305852,62.97292648
2023-08-03 00:00:00,0.06304672,0.06328516,0.06276359,0.06287210,22.15794559
2023-08-04 00:00:00,0.06288282,0.06314739,0.06277091,0.06281562,52.87908683
2023-08-05 00:00:00,0.06290635,0.06321460,0.06285485,0.06319740,29.92260047
2023-08-06 00:00:00,0.06314671,0.06322220,0.06284419,0.06294769,37.42599156
2023-08-07 00:00:00,0.06299055,0.06323224,0.06248160,0.06262159,118.95449376
2023-08-08 00:00:00,0.06263470,0.06279291,0.06204060,0.06236043,205.04956422
2023-08-09 00:00:00,0.06233659,0.06291000,0.06213468,0.06270224,54.54076757
2023-08-10 00:00:00,0.06273474,0.06295062,0.06261152,0.06291567,32.24755495
2023-08-11 00:00:00,0.06289450,0.06291566,0.06267580,0.06284647,49.07173707
2023-08-12 00:00:00,0.06283630,0.06297433,0.06277511,0.06286457,13.26463856
2023-08-13 00:00:00,0.06286639,0.06316928,0.06267959,0.06282930,28.52359566
2023-08-14 00:00:00,0.06286239,0.06304580,0.06249336,0.06267220,65.25684791
2023-08-15 00:00:00,0.06273230,0.06280909,0.06234983,0.06264032,201.77143239
2023-08-16 00:00:00,0.06261481,0.06293236,0.06229344,0.06290046,47.93679124
2023-08-17 00:00:00,0.06293996,0.06375564,0.05945000,0.06314604,1008.95242931
2023-08-18 00:00:00,0.06318000,0.06429064,0.06317169,0.06378341,228.95135714
2023-08-19 00:00:00,0.06377730,0.06467868,0.06376765,0.06394419,150.31313263
2023-08-20 00:00:00,0.06399779,0.06446118,0.06378998,0.06431764,89.38450018
2023-08-21 00:00:00,0.06435500,0.06446124,0.06378696,0.06379871,87.15000049
2023-08-22 00:00:00,0.06382807,0.06396570,0.06226476,0.06273264,259.20154294
2023-08-23 00:00:00,0.06270097,0.06384384,0.06262860,0.06353212,351.61100079
2023-08-24 00:00:00,0.06354972,0.06356736,0.06299998,0.06345615,108.59793768
2023-08-25 00:00:00,0.06345164,0.06373800,0.06328716,0.06348380,45.72324326
2023-08-26 00:00:00,0.06343191,0.06348450,0.06319076,0.06329550,18.84804202
2023-08-27 00:00:00,0.06329152,0.06355467,0.06323270,0.06352000,33.08642349
2023-08-28 00:00:00,0.06356736,0.06358433,0.06272856,0.06330745,59.67255522
2023-08-29 00:00:00,0.06331000,0.06351520,0.06191218,0.06231785,668.77652677
2023-08-30 00:00:00,0.06239904,0.06287944,0.06228202,0.06243674,97.57712965
2023-08-31 00:00:00,0.06245980,0.06353212,0.06240544,0.06347019,248.60676549
2023-09-01 00:00:00,0.06344324,0.06351819,0.06284028,0.06315387,78.81094656
2023-09-02 00:00:00,0.06308297,0.06341981,0.06308297,0.06324950,15.80714520
2023-09-03 00:00:00,0.06330720,0.06330720,0.06291084,0.06300001,20.49603812
2023-09-04 00:00:00,0.06297960,0.06320000,0.06283000,0.06310963,279.63597787
2023-09-05 00:00:00,0.06309180,0.06369084,0.06287417,0.06334545,135.40957799
2023-09-06 00:00:00,0.06334013,0.06406132,0.06322836,0.06337892,43.69272376
2023-09-07 00:00:00,0.06336360,0.06358547,0.06261684,0.06285456,67.25659466
2023-09-08 00:00:00,0.06274288,0.06324666,0.06258156,0.06317332,148.17890965
2023-09-09 00:00:00,0.06316279,0.06326417,0.06308680,0.06315667,10.94393339
2023-09-10 00:00:00,0.06312472,0.06312472,0.06235224,0.06261058,80.51553123
2023-09-11 00:00:00,0.06255885,0.06267560,0.06135104,0.06167000,502.17464996
2023-09-12 00:00:00,0.06166050,0.06183868,0.06101748,0.06164980,84.06070372
2023-09-13 00:00:00,0.06163569,0.06168150,0.06101071,0.06131000,262.20845904
2023-09-14 00:00:00,0.06131000,0.06196976,0.06100000,0.06131189,72.71021054
2023-09-15 00:00:00,0.06133779,0.06179336,0.06115783,0.06158365,67.72877201
2023-09-16 00:00:00,0.06171921,0.06180420,0.06151076,0.06157680,81.12381131
2023-09-17 00:00:00,0.06150309,0.06151510,0.06104688,0.06116000,56.73358180
2023-09-18 00:00:00,0.06121330,0.06132348,0.06065880,0.06118354,174.28462382
2023-09-19 00:00:00,0.06115119,0.06118912,0.06026352,0.06040884,1069.88079180
2023-09-20 00:00:00,0.06034812,0.06049799,0.05976100,0.05978160,33.44845806
2023-09-21 00:00:00,0.05982196,0.06022675,0.05938800,0.05965834,68.23253329
2023-09-22 00:00:00,0.05961460,0.06010000,0.05961000,0.05991636,134.06190225
2023-09-23 00:00:00,0.05994429,0.06007030,0.05978860,0.05994251,46.49131253
2023-09-24 00:00:00,0.05993480,0.06022596,0.05965680,0.06020732,23.81166884
2023-09-25 00:00:00,0.06023564,0.06060428,0.06011057,0.06037800,53.65986619
2023-09-26 00:00:00,0.06042180,0.06080830,0.06036390,0.06076506,8.15107886
2023-09-27 00:00:00,0.06080249,0.06122888,0.06059254,0.06060000,49.80919599
2023-09-28 00:00:00,0.06062440,0.06157408,0.06050928,0.06117045,78.14049710
2023-09-29 00:00:00,0.06118543,0.06224440,0.06110530,0.06198850,216.88368825
2023-09-30 00:00:00,0.06195760,0.06250000,0.06182892,0.06190261,163.52225464
2023-10-01 00:00:00,0.06199097,0.06250000,0.06147612,0.06192325,75.20278295
2023-10-02 00:00:00,0.06195581,0.06195581,0.05915000,0.06043356,167.89079352
2023-10-03 00:00:00,0.06044300,0.06064068,0.05998391,0.06037070,100.15881858
2023-10-04 00:00:00,0.06045090,0.06045090,0.05928048,0.05928048,75.31711288
2023-10-05 00:00:00,0.05928959,0.05943999,0.05851632,0.05883684,76.90979703
2023-10-06 00:00:00,0.05885679,0.05933124,0.05865840,0.05887293,85.61086888
2023-10-07 00:00:00,0.05885171,0.05902820,0.05840760,0.05840760,8.33639489
2023-10-08 00:00:00,0.05846549,0.05868580,0.05810448,0.05844212,36.55962150
2023-10-09 00:00:00,0.05850470,0.05853769,0.05677723,0.05725920,95.46549169
2023-10-10 00:00:00,0.05720999,0.05756260,0.05671647,0.05720527,140.46975416
2023-10-11 00:00:00,0.05722158,0.05860000,0.05721026,0.05830309,233.93972156
2023-10-12 00:00:00,0.05828058,0.05832047,0.05722464,0.05752000,345.62603907
2023-10-13 00:00:00,0.05748311,0.05807892,0.05741268,0.05779050,83.64685113
2023-10-14 00:00:00,0.05779902,0.05807689,0.05754531,0.05787371,27.29633913
2023-10-15 00:00:00,0.05797042,0.05797860,0.05728080,0.05736208,29.81700006
2023-10-16 00:00:00,0.05738300,0.05746964,0.05435768,0.05612453,549.53633454
2023-10-17 00:00:00,0.05613099,0.05641000,0.05454040,0.05507831,266.49922981
2023-10-18 00:00:00,0.05509228,0.05580546,0.05456591,0.05519121,89.30912525
2023-10-19 00:00:00,0.05517880,0.05520000,0.05429456,0.05465640,225.75699313
2023-10-20 00:00:00,0.05455000,0.05481552,0.05389968,0.05407082,66.73228967
2023-10-21 00:00:00,0.05410204,0.05448000,0.05382999,0.05448000,62.31617714
2023-10-22 00:00:00,0.05443706,0.05554372,0.05437872,0.05544896,137.36487818
2023-10-23 00:00:00,0.05557528,0.05565000,0.05087966,0.05341430,922.86556459
2023-10-24 00:00:00,0.05336000,0.05354000,0.05183080,0.05271000,1210.29328863
2023-10-25 00:00:00,0.05258000,0.05275958,0.05139650,0.05180558,297.73184320
2023-10-26 00:00:00,0.05182580,0.05369852,0.05154383,0.05282250,787.27978978
2023-10-27 00:00:00,0.05279714,0.05282671,0.05217568,0.05247730,622.34154531
2023-10-28 00:00:00,0.05250000,0.05261570,0.05160062,0.05210000,117.13819866
2023-10-29 00:00:00,0.05215256,0.05237293,0.05172232,0.05195220,74.40580441
2023-10-30 00:00:00,0.05192650,0.05298947,0.05024422,0.05241929,707.57891462
2023-10-31 00:00:00,0.05244319,0.05260060,0.05217568,0.05231119,565.70571655
2023-11-01 00:00:00,0.05239669,0.05344020,0.05189984,0.05208851,893.31527929
2023-11-02 00:00:00,0.05206680,0.05242468,0.05152955,0.05155410,377.65321460
2023-11-03 00:00:00,0.05153648,0.05290000,0.05153648,0.05276174,628.02962559
2023-11-04 00:00:00,0.05281935,0.05308040,0.05120570,0.05298000,457.53168892
2023-11-05 00:00:00,0.05292620,0.05431056,0.05283843,0.05400517,476.79757697
2023-11-06 00:00:00,0.05404496,0.05440524,0.05373769,0.05424281,279.84503128
2023-11-07 00:00:00,0.05422321,0.05431056,0.05311000,0.05327668,198.52003990
2023-11-08 00:00:00,0.05327000,0.05376669,0.05258944,0.05300498,261.82892901
2023-11-09 00:00:00,0.05304532,0.05795572,0.05124473,0.05775392,1252.00940479
2023-11-10 00:00:00,0.05779000,0.05849999,0.05560760,0.05566588,465.33224497
2023-11-11 00:00:00,0.05565570,0.05621559,0.05478900,0.05527076,117.44815348
2023-11-12 00:00:00,0.05531786,0.05553204,0.05478900,0.05519610,59.46975660
2023-11-13 00:00:00,0.05513558,0.05732900,0.05507847,0.05629115,263.37780131
2023-11-14 00:00:00,0.05633350,0.05653270,0.05522785,0.05571000,259.42735463
2023-11-15 00:00:00,0.05570000,0.05589331,0.05421000,0.05434530,453.27806223
2023-11-16 00:00:00,0.05434484,0.05576052,0.05411572,0.05422000,324.17838089
2023-11-17 00:00:00,0.05425931,0.05459460,0.05255496,0.05361440,368.29448110
2023-11-18 00:00:00,0.05354877,0.05376940,0.05300320,0.05364436,91.37614006
2023-11-19 00:00:00,0.05365231,0.05411643,0.05339787,0.05383539,118.78568541
2023-11-20 00:00:00,0.05378501,0.05481784,0.05370356,0.05399000,278.49613880
2023-11-21 00:00:00,0.05395987,0.05440524,0.05321000,0.05408000,313.11596113
2023-11-22 00:00:00,0.05414731,0.05612255,0.05406000,0.05524917,772.40381925
2023-11-23 00:00:00,0.05507595,0.05555870,0.05487316,0.05531299,108.27937534
2023-11-24 00:00:00,0.05527905,0.05612508,0.05476796,0.05516268,413.47849492
2023-11-25 00:00:00,0.05518696,0.05531320,0.05493233,0.05516491,12.55943758
2023-11-26 00:00:00,0.05510707,0.05557173,0.05468380,0.05508756,79.52610018
2023-11-27 00:00:00,0.05506929,0.05516321,0.05396713,0.05443036,141.07505622
2023-11-28 00:00:00,0.05444550,0.05462616,0.05389968,0.05419298,123.28817504
2023-11-29 00:00:00,0.05416987,0.05419923,0.05358937,0.05360421,122.42775842
2023-11-30 00:00:00,0.05358936,0.05444818,0.05354535,0.05440617,157.59090260
2023-12-01 00:00:00,0.05441473,0.05512366,0.05380562,0.05396238,630.12173821
2023-12-02 00:00:00,0.05394795,0.05553204,0.05394100,0.05486000,649.62057687
2023-12-03 00:00:00,0.05486330,0.05548059,0.05427352,0.05487000,230.83868609
2023-12-04 00:00:00,0.05484500,0.05498673,0.05296476,0.05341814,390.16441827
2023-12-05 00:00:00,0.05345908,0.05374221,0.05138264,0.05204620,582.08055006
2023-12-06 00:00:00,0.05205000,0.05243486,0.05089992,0.05100000,763.81267205
2023-12-07 00:00:00,0.05101992,0.05484940,0.05100447,0.05444330,641.31072977
2023-12-08 00:00:00,0.05434675,0.05493448,0.05313731,0.05339499,287.28828802
2023-12-09 00:00:00,0.05337886,0.05439722,0.05323608,0.05356383,253.52727314
2023-12-10 00:00:00,0.05357663,0.05405210,0.05330000,0.05372287,189.91071103
2023-12-11 00:00:00,0.05373804,0.05433000,0.05219948,0.05396000,853.16800020
2023-12-12 00:00:00,0.05396000,0.05400951,0.05279632,0.05312931,430.07465989
2023-12-13 00:00:00,0.05311781,0.05325747,0.05242887,0.05270482,227.20678701
2023-12-14 00:00:00,0.05269933,0.05402828,0.05257000,0.05384821,513.68528814
2023-12-15 00:00:00,0.05382538,0.05383374,0.05245152,0.05291763,574.85044358
2023-12-16 00:00:00,0.05294934,0.05335637,0.05260330,0.05273648,134.49163166
2023-12-17 00:00:00,0.05273492,0.05341465,0.05266827,0.05308336,169.42713746
2023-12-18 00:00:00,0.05308212,0.05326939,0.05189984,0.05203000,352.22550403
2023-12-19 00:00:00,0.05203114,0.05236513,0.05106595,0.05152524,353.75611977
2023-12-20 00:00:00,0.05151315,0.05187164,0.04988362,0.05042348,532.05043249
2023-12-21 00:00:00,0.05039620,0.05166476,0.05028181,0.05102955,321.96713223
2023-12-22 00:00:00,0.05109720,0.05364708,0.05083000,0.05287676,1128.59418766
2023-12-23 00:00:00,0.05294690,0.05295142,0.05215563,0.05279598,479.21080601
2023-12-24 00:00:00,0.05283050,0.05300000,0.05227912,0.05265217,203.81137421
2023-12-25 00:00:00,0.05266943,0.05290604,0.05208269,0.05208269,87.84697796
2023-12-26 00:00:00,0.05212383,0.05266233,0.05200848,0.05251000,173.35409630
2023-12-27 00:00:00,0.05249712,0.05512208,0.05234536,0.05471784,762.04952640
2023-12-28 00:00:00,0.05478842,0.05617065,0.05478000,0.05501519,587.56278769
2023-12-29 00:00:00,0.05504000,0.05553590,0.05436198,0.05466760,404.98136035
2023-12-30 00:00:00,0.05461700,0.05483340,0.05410000,0.05433793,153.77669026
2023-12-31 00:00:00,0.05436029,0.05446108,0.05354964,0.05400223,135.52780306
2024-01-01 00:00:00,0.05396103,0.05419595,0.05310954,0.05327875,118.60508544
2024-01-02 00:00:00,0.05325606,0.05327736,0.05199414,0.05238999,478.40429307
2024-01-03 00:00:00,0.05238835,0.05337888,0.05050000,0.05159912,933.84224905
2024-01-04 00:00:00,0.05155621,0.05207068,0.05104239,0.05139905,304.01088879
2024-01-05 00:00:00,0.05134423,0.05219448,0.05097059,0.05139330,382.38948893
2024-01-06 00:00:00,0.05140849,0.05140849,0.05096888,0.05096889,79.08613644
2024-01-07 00:00:00,0.05096888,0.05118000,0.05040000,0.05060079,226.31326165
2024-01-08 00:00:00,0.05056159,0.05072879,0.04955409,0.04966997,519.15514017
2024-01-09 00:00:00,0.04962236,0.05189227,0.04789491,0.05081813,796.06269876
2024-01-10 00:00:00,0.05087308,0.05562318,0.05085040,0.05535903,1942.80973976
2024-01-11 00:00:00,0.05539480,0.05665000,0.05428075,0.05647661,976.43813084
2024-01-12 00:00:00,0.05657825,0.06117060,0.05615000,0.05895000,1003.67391183
2024-01-13 00:00:00,0.05898204,0.06040000,0.05867760,0.06015527,568.24148733
2024-01-14 00:00:00,0.06004399,0.06009818,0.05851632,0.05917573,278.14298639
2024-01-15 00:00:00,0.05929448,0.05985630,0.05875000,0.05907789,358.55741702
2024-01-16 00:00:00,0.05906513,0.06100000,0.05878896,0.05997000,284.70005238
2024-01-17 00:00:00,0.05994128,0.06009000,0.05905008,0.05915000,174.29102965
2024-01-18 00:00:00,0.05913462,0.06002039,0.05899632,0.05981000,262.41544464
2024-01-19 00:00:00,0.05977853,0.06053328,0.05928568,0.05983000,485.87202423
2024-01-20 00:00:00,0.05980979,0.05982529,0.05905000,0.05924000,83.27550644
2024-01-21 00:00:00,0.05928119,0.05945595,0.05901936,0.05905585,24.19506833
2024-01-22 00:00:00,0.05908780,0.05925852,0.05805768,0.05852597,284.15112351
2024-01-23 00:00:00,0.05851730,0.05870492,0.05572502,0.05631626,309.02237359
2024-01-24 00:00:00,0.05621430,0.05623596,0.05550000,0.05573651,345.35560485
2024-01-25 00:00:00,0.05576000,0.05594280,0.05487316,0.05552576,236.36442187
2024-01-26 00:00:00,0.05552062,0.05572948,0.05358348,0.05421632,283.35275339
2024-01-27 00:00:00,0.05423644,0.05460655,0.05370334,0.05385610,115.27215167
2024-01-28 00:00:00,0.05376065,0.05419104,0.05354964,0.05371300,171.94147079
2024-01-29 00:00:00,0.05369000,0.05500000,0.05306695,0.05353280,346.03570736
2024-01-30 00:00:00,0.05352826,0.05487136,0.05309299,0.05456500,394.70548916
2024-01-31 00:00:00,0.05455682,0.05462181,0.05348299,0.05359873,174.70206248
2024-02-01 00:00:00,0.05361652,0.05414028,0.05330482,0.05347259,143.90204732
2024-02-02 00:00:00,0.05343485,0.05379527,0.05329010,0.05346121,167.10772817
2024-02-03 00:00:00,0.05345992,0.05386443,0.05334660,0.05340096,117.16551616
2024-02-04 00:00:00,0.05341101,0.05388648,0.05324508,0.05377391,105.02940230
2024-02-05 00:00:00,0.05374356,0.05413492,0.05355895,0.05390664,110.22515295
2024-02-06 00:00:00,0.05390370,0.05538592,0.05384000,0.05506076,314.58528954
2024-02-07 00:00:00,0.05511831,0.05589723,0.05468380,0.05469109,193.29899615
2024-02-08 00:00:00,0.05467328,0.05473678,0.05330860,0.05341266,613.21659951
2024-02-09 00:00:00,0.05338973,0.05350459,0.05222803,0.05275429,1253.12058909
2024-02-10 00:00:00,0.05279100,0.05306922,0.05212836,0.05235958,413.34365301
2024-02-11 00:00:00,0.05236017,0.05266288,0.05185764,0.05192987,197.21939784
2024-02-12 00:00:00,0.05191815,0.05327200,0.05114188,0.05327200,383.10156752
2024-02-13 00:00:00,0.05327736,0.05414167,0.05286509,0.05311182,668.60715336
2024-02-14 00:00:00,0.05312075,0.05381024,0.05299128,0.05361000,345.26311870
2024-02-15 00:00:00,0.05358133,0.05491252,0.05324950,0.05438452,847.23055204
2024-02-16 00:00:00,0.05438884,0.05498170,0.05319432,0.05377642,577.12018415
2024-02-17 00:00:00,0.05371216,0.05411480,0.05356386,0.05392649,95.04660973
2024-02-18 00:00:00,0.05394728,0.05531973,0.05389739,0.05525000,569.17375752
2024-02-19 00:00:00,0.05527067,0.05730000,0.05495000,0.05681072,697.91136246
2024-02-20 00:00:00,0.05691827,0.05775916,0.05574431,0.05762000,476.34417866
2024-02-21 00:00:00,0.05767000,0.05788236,0.05650381,0.05729544,840.19511309
2024-02-22 00:00:00,0.05722464,0.05830356,0.05675894,0.05792700,974.35739349
2024-02-23 00:00:00,0.05794560,0.05818681,0.05723400,0.05757757,910.53815038
2024-02-24 00:00:00,0.05762681,0.05827000,0.05739312,0.05799828,410.89412928
2024-02-25 00:00:00,0.05802755,0.06017528,0.05799163,0.06014773,964.10802083
2024-02-26 00:00:00,0.06017988,0.06061000,0.05805740,0.05828907,959.93350128
2024-02-27 00:00:00,0.05823900,0.05826761,0.05662533,0.05684828,1349.47107447
2024-02-28 00:00:00,0.05684841,0.05724105,0.05330000,0.05419000,2557.04027753
2024-02-29 00:00:00,0.05419683,0.05640025,0.05414728,0.05462435,623.54323695
2024-03-01 00:00:00,0.05463401,0.05539040,0.05459789,0.05504940,466.17742251
2024-03-02 00:00:00,0.05503945,0.05554372,0.05499906,0.05517001,154.98443160
2024-03-03 00:00:00,0.05522326,0.05554622,0.05453652,0.05527951,277.50786516
2024-03-04 00:00:00,0.05528019,0.05537306,0.05294232,0.05316143,1190.89713860
2024-03-05 00:00:00,0.05316143,0.05711070,0.05288976,0.05576052,3270.59160227
2024-03-06 00:00:00,0.05576503,0.05821932,0.05562958,0.05776379,1077.05044364
2024-03-07 00:00:00,0.05787487,0.05819948,0.05651900,0.05789956,638.39468653
2024-03-08 00:00:00,0.05791044,0.05893580,0.05680000,0.05697816,667.64279892
2024-03-09 00:00:00,0.05702161,0.05761231,0.05689875,0.05717062,61.62744638
2024-03-10 00:00:00,0.05713254,0.05731579,0.05566836,0.05623240,322.77530546
2024-03-11 00:00:00,0.05624818,0.05886000,0.05548608,0.05637853,873.09447944
2024-03-12 00:00:00,0.05643000,0.05667192,0.05539494,0.05565858,846.39891063
2024-03-13 00:00:00,0.05571432,0.05617753,0.05445237,0.05479488,596.64449655
2024-03-14 00:00:00,0.05478737,0.05485215,0.05387113,0.05436993,548.68324435
2024-03-15 00:00:00,0.05434754,0.05491252,0.05336442,0.05382753,957.12722156
2024-03-16 00:00:00,0.05386137,0.05421877,0.05327892,0.05394199,353.67048961
2024-03-17 00:00:00,0.05392109,0.05406404,0.05278824,0.05323979,264.97824672
2024-03-18 00:00:00,0.05327000,0.05333429,0.05179255,0.05207820,496.67278746
2024-03-19 00:00:00,0.05207546,0.05232138,0.05094603,0.05103267,738.18143176
2024-03-20 00:00:00,0.05101000,0.05287840,0.05021000,0.05177295,566.65857002
2024-03-21 00:00:00,0.05182981,0.05350000,0.05168615,0.05329000,245.88567540
2024-03-22 00:00:00,0.05339356,0.05343167,0.05199300,0.05226785,294.24386366
2024-03-23 00:00:00,0.05231403,0.05241510,0.05179842,0.05209780,168.97172527
2024-03-24 00:00:00,0.05204148,0.05210500,0.05126242,0.05138623,224.84286870
2024-03-25 00:00:00,0.05134380,0.05179626,0.05112660,0.05133000,253.26593709
2024-03-26 00:00:00,0.05137136,0.05172169,0.05097367,0.05126694,203.07746910
2024-03-27 00:00:00,0.05124126,0.05133917,0.05040000,0.05040224,312.75791944
2024-03-28 00:00:00,0.05041385,0.05085022,0.05017584,0.05035848,221.66589948
2024-03-29 00:00:00,0.05029486,0.05078252,0.05013490,0.05023399,88.73460044
2024-03-30 00:00:00,0.05023532,0.05076964,0.04998006,0.05035846,120.43856759
2024-03-31 00:00:00,0.05038909,0.05162301,0.05028933,0.05113914,88.64421013
2024-04-01 00:00:00,0.05114519,0.05120000,0.04991005,0.05025818,879.44142233
2024-04-02 00:00:00,0.05030996,0.05073380,0.04951000,0.05007000,1939.06422478
2024-04-03 00:00:00,0.05014910,0.05068662,0.04959828,0.05018437,3412.63570377
2024-04-04 00:00:00,0.05019966,0.05049759,0.04860520,0.04860520,1840.64824596
2024-04-05 00:00:00,0.04857931,0.04936000,0.04815775,0.04889794,273.34842776
2024-04-06 00:00:00,0.04889548,0.04926167,0.04868470,0.04874075,81.22557991
2024-04-07 00:00:00,0.04869594,0.04980805,0.04841348,0.04975542,92.20504615
2024-04-08 00:00:00,0.04982152,0.05180404,0.04900087,0.05157759,308.39712877
2024-04-09 00:00:00,0.05159244,0.05204220,0.05037630,0.05072573,277.21494522
2024-04-10 00:00:00,0.05069595,0.05115289,0.04998806,0.05018271,150.56273446
2024-04-11 00:00:00,0.05020472,0.05081483,0.04984412,0.05002840,158.45072218
2024-04-12 00:00:00,0.05003231,0.05025000,0.04749028,0.04826742,850.33047822
2024-04-13 00:00:00,0.04822801,0.04867779,0.04633099,0.04707181,628.86780627
2024-04-14 00:00:00,0.04703268,0.04849275,0.04620000,0.04802766,384.23664880
2024-04-15 00:00:00,0.04804000,0.04931722,0.04745524,0.04890000,294.28572208
2024-04-16 00:00:00,0.04888000,0.04908000,0.04828001,0.04838231,152.74208422
2024-04-17 00:00:00,0.04836475,0.04929000,0.04800000,0.04872415,463.72517423
2024-04-18 00:00:00,0.04870539,0.04896320,0.04806245,0.04831620,256.98614899
2024-04-19 00:00:00,0.04828671,0.04857240,0.04757530,0.04788252,158.14407220
2024-04-20 00:00:00,0.04789815,0.04881245,0.04769931,0.04859289,73.65667423
2024-04-21 00:00:00,0.04860000,0.04892625,0.04840630,0.04846327,68.22207804
2024-04-22 00:00:00,0.04850923,0.04878318,0.04783098,0.04789000,67.53792207
2024-04-23 00:00:00,0.04798350,0.04868728,0.04768798,0.04849307,113.11900889
2024-04-24 00:00:00,0.04848815,0.04935167,0.04831182,0.04884121,209.33614804
2024-04-25 00:00:00,0.04884387,0.04942000,0.04852000,0.04893417,107.13705629
2024-04-26 00:00:00,0.04892535,0.04924666,0.04869630,0.04908639,74.99526076
2024-04-27 00:00:00,0.04911554,0.05162438,0.04901042,0.05127147,255.16492099
2024-04-28 00:00:00,0.05126663,0.05250000,0.05113770,0.05167998,119.25455474
2024-04-29 00:00:00,0.05169841,0.05191664,0.05027400,0.05039250,153.01250569
2024-04-30 00:00:00,0.05036507,0.05036507,0.04886035,0.04970936,182.82489427
2024-05-01 00:00:00,0.04969577,0.05139028,0.04942043,0.05097855,318.65937970
2024-05-02 00:00:00,0.05093440,0.05162572,0.05037060,0.05056607,134.51891160
2024-05-03 00:00:00,0.05056300,0.05076964,0.04927259,0.04935342,134.29204163
2024-05-04 00:00:00,0.04934969,0.04967489,0.04875878,0.04878844,63.50754409
2024-05-05 00:00:00,0.04875496,0.04960165,0.04854418,0.04898756,57.60008404
2024-05-06 00:00:00,0.04901238,0.04958015,0.04847392,0.04853919,146.51792076
2024-05-07 00:00:00,0.04848939,0.04863510,0.04808749,0.04822801,133.37404716
2024-05-08 00:00:00,0.04830000,0.04867000,0.04777132,0.04861126,121.94294493
2024-05-09 00:00:00,0.04863174,0.04886206,0.04812262,0.04812637,354.23110512
2024-05-10 00:00:00,0.04815480,0.04836828,0.04769824,0.04777654,95.81380570
2024-05-11 00:00:00,0.04786426,0.04804878,0.04772370,0.04785130,41.79064682
2024-05-12 00:00:00,0.04786537,0.04813250,0.04765000,0.04765002,172.99841450
2024-05-13 00:00:00,0.04765479,0.04767827,0.04678084,0.04687824,470.88867288
2024-05-14 00:00:00,0.04688226,0.04723190,0.04676234,0.04680451,123.39499254
2024-05-15 00:00:00,0.04682808,0.04698588,0.04550000,0.04581792,480.80112378
2024-05-16 00:00:00,0.04576806,0.04583226,0.04475014,0.04507443,349.16501706
2024-05-17 00:00:00,0.04512930,0.04659434,0.04477536,0.04614532,298.84742224
2024-05-18 00:00:00,0.04611856,0.04678077,0.04611856,0.04667489,36.46851283
2024-05-19 00:00:00,0.04660896,0.04671725,0.04590140,0.04636152,62.91012787
2024-05-20 00:00:00,0.04634244,0.05266824,0.04575408,0.05130659,703.42261628
2024-05-21 00:00:00,0.05132301,0.05500000,0.05114128,0.05404163,1936.77509001
2024-05-22 00:00:00,0.05405912,0.05447012,0.05255136,0.05405605,632.01161703
2024-05-23 00:00:00,0.05404000,0.05708205,0.05300000,0.05561346,1267.63183004
2024-05-24 00:00:00,0.05561649,0.05639850,0.05354964,0.05442952,152.83117409
2024-05-25 00:00:00,0.05426448,0.05491252,0.05392188,0.05413769,38.49639548
2024-05-26 00:00:00,0.05411297,0.05630483,0.05407650,0.05584127,128.67562885
2024-05-27 00:00:00,0.05591882,0.05741541,0.05571393,0.05607272,413.28579846
2024-05-28 00:00:00,0.05604000,0.05712762,0.05585064,0.05621000,255.69782050
2024-05-29 00:00:00,0.05622256,0.05644344,0.05556203,0.05566517,114.25781944
2024-05-30 00:00:00,0.05573247,0.05573328,0.05457860,0.05485010,163.42929079
2024-05-31 00:00:00,0.05483759,0.05621622,0.05466823,0.05574000,108.35831278
2024-06-01 00:00:00,0.05568150,0.05646896,0.05559000,0.05633069,50.32898283
2024-06-02 00:00:00,0.05632028,0.05859999,0.05548608,0.05574689,147.77152401
2024-06-03 00:00:00,0.05576231,0.05579482,0.05442419,0.05475450,120.78771986
2024-06-04 00:00:00,0.05466627,0.05474013,0.05380332,0.05401119,131.45876586
2024-06-05 00:00:00,0.05407000,0.05452191,0.05316662,0.05438820,352.15482775
2024-06-06 00:00:00,0.05430688,0.05445526,0.05360040,0.05386608,90.51995822
2024-06-07 00:00:00,0.05382234,0.05382234,0.05207760,0.05306544,338.86844659
2024-06-08 00:00:00,0.05302512,0.05334146,0.05294052,0.05310547,25.33124267
2024-06-09 00:00:00,0.05309421,0.05331833,0.05090000,0.05321390,208.17013203
2024-06-10 00:00:00,0.05320461,0.05323136,0.05263596,0.05275716,69.31704895
2024-06-11 00:00:00,0.05274470,0.05287128,0.05177304,0.05192398,271.37397487
2024-06-12 00:00:00,0.05197710,0.05256672,0.05173216,0.05215399,295.28393027
2024-06-13 00:00:00,0.05215645,0.05229600,0.05150000,0.05193000,135.06474328
2024-06-14 00:00:00,0.05195602,0.05297280,0.05159987,0.05269760,305.32303928
2024-06-15 00:00:00,0.05279228,0.05408416,0.05260000,0.05389340,148.58340080
2024-06-16 00:00:00,0.05389349,0.05471356,0.05343120,0.05433330,141.92483821
2024-06-17 00:00:00,0.05430295,0.05447317,0.05273000,0.05278826,228.24192455
2024-06-18 00:00:00,0.05278720,0.05349589,0.05184918,0.05345659,402.67072328
2024-06-19 00:00:00,0.05344541,0.05496891,0.05341786,0.05478183,122.16721740
2024-06-20 00:00:00,0.05478605,0.05494176,0.05397000,0.05415431,108.01741901
2024-06-21 00:00:00,0.05415795,0.05506072,0.05390496,0.05487549,74.97026527
2024-06-22 00:00:00,0.05482938,0.05482938,0.05404796,0.05438039,30.10906495
2024-06-23 00:00:00,0.05439293,0.05467587,0.05361732,0.05411406,63.16737393
2024-06-24 00:00:00,0.05413492,0.05600001,0.05312664,0.05563000,354.91301445
2024-06-25 00:00:00,0.05561000,0.05568549,0.05483108,0.05496683,119.76120473
2024-06-26 00:00:00,0.05491429,0.05593313,0.05457177,0.05540060,92.90333032
2024-06-27 00:00:00,0.05536769,0.05617065,0.05527618,0.05592016,946.27431162
2024-06-28 00:00:00,0.05597006,0.05630482,0.05560760,0.05596174,317.56424609
2024-06-29 00:00:00,0.05593089,0.05598216,0.05536746,0.05538984,170.97498041
2024-06-30 00:00:00,0.05542130,0.05548581,0.05474986,0.05476886,120.92961675
2024-07-01 00:00:00,0.05477547,0.05541747,0.05452600,0.05473795,96.33678769
2024-07-02 00:00:00,0.05470414,0.05525008,0.05468762,0.05510870,307.60114596
2024-07-03 00:00:00,0.05506993,0.05529124,0.05445236,0.05471466,133.90710839
2024-07-04 00:00:00,0.05477116,0.05502793,0.05346504,0.05369367,276.79374065
2024-07-05 00:00:00,0.05366253,0.05416556,0.05212836,0.05262298,479.11708453
2024-07-06 00:00:00,0.05263000,0.05520000,0.05260212,0.05264324,127.86415446
2024-07-07 00:00:00,0.05265729,0.05271668,0.05200992,0.05246520,98.14699554
2024-07-08 00:00:00,0.05251060,0.05351524,0.05186610,0.05322411,235.41507393
2024-07-09 00:00:00,0.05344672,0.05378496,0.05277132,0.05282742,101.31380370
2024-07-10 00:00:00,0.05286951,0.05440053,0.05244984,0.05368500,143.00842911
2024-07-11 00:00:00,0.05380172,0.05452420,0.05338044,0.05402773,144.83001774
2024-07-12 00:00:00,0.05407558,0.05432091,0.05354964,0.05417008,86.25515943
2024-07-13 00:00:00,0.05415840,0.05426708,0.05351580,0.05351580,70.36858327
2024-07-14 00:00:00,0.05355338,0.05355338,0.05299128,0.05334000,68.31113561
2024-07-15 00:00:00,0.05329280,0.05437210,0.05304204,0.05381000,185.45940857
2024-07-16 00:00:00,0.05390391,0.05403876,0.05285592,0.05286927,94.44731673
2024-07-17 00:00:00,0.05296171,0.05350568,0.05273748,0.05284000,60.64358228
2024-07-18 00:00:00,0.05289156,0.05378496,0.05282788,0.05355265,144.09886503
2024-07-19 00:00:00,0.05354666,0.05362597,0.05219604,0.05256067,122.06056344
2024-07-20 00:00:00,0.05255381,0.05264957,0.05206068,0.05240083,70.11812130
2024-07-21 00:00:00,0.05242356,0.05242356,0.05156033,0.05188963,151.46971639
2024-07-22 00:00:00,0.05187221,0.05208009,0.05087970,0.05092000,228.61746011
2024-07-23 00:00:00,0.05096260,0.05304884,0.05096260,0.05285162,185.94308320
2024-07-24 00:00:00,0.05279904,0.05279904,0.05027528,0.05103640,205.81748010
2024-07-25 00:00:00,0.05098580,0.05101160,0.04791184,0.04824333,353.38526004
2024-07-26 00:00:00,0.04821979,0.04883000,0.04781141,0.04827515,357.89143598
2024-07-27 00:00:00,0.04816509,0.04818369,0.04731463,0.04781080,370.40716592
2024-07-28 00:00:00,0.04791000,0.04850670,0.04765637,0.04796034,73.45113278
2024-07-29 00:00:00,0.04793410,0.04985817,0.04768666,0.04967281,403.90856384
2024-07-30 00:00:00,0.04969342,0.05035788,0.04938563,0.04944944,576.30002453
2024-07-31 00:00:00,0.04954489,0.05027288,0.04940684,0.05000084,115.57252402
2024-08-01 00:00:00,0.05001967,0.05009541,0.04875496,0.04900087,238.37477398
2024-08-02 00:00:00,0.04897922,0.04931000,0.04770000,0.04859675,194.93545037
2024-08-03 00:00:00,0.04858226,0.04870213,0.04773619,0.04784702,110.19249833
2024-08-04 00:00:00,0.04783536,0.04817519,0.04594287,0.04626000,186.26568851
2024-08-05 00:00:00,0.04626260,0.04630768,0.03989166,0.04475213,1521.11369863
2024-08-06 00:00:00,0.04471724,0.04547365,0.04373137,0.04390097,239.20837684
2024-08-07 00:00:00,0.04392567,0.04438115,0.04225591,0.04243156,426.53652893
2024-08-08 00:00:00,0.04247000,0.04369543,0.04202138,0.04351060,415.84724461
2024-08-09 00:00:00,0.04347000,0.04422238,0.04261070,0.04269961,178.05654005
2024-08-10 00:00:00,0.04267791,0.04343264,0.04260721,0.04282865,43.60765022
2024-08-11 00:00:00,0.04280365,0.04407164,0.04279839,0.04348514,91.33237868
2024-08-12 00:00:00,0.04363101,0.04606739,0.04299364,0.04597971,255.67824195
2024-08-13 00:00:00,0.04581778,0.04581778,0.04415293,0.04464127,201.18732882
2024-08-14 00:00:00,0.04460741,0.04535508,0.04443397,0.04535508,201.79252687
2024-08-15 00:00:00,0.04529456,0.04554044,0.04395000,0.04465421,240.30655308
2024-08-16 00:00:00,0.04467428,0.04488643,0.04383676,0.04402619,111.84461974
2024-08-17 00:00:00,0.04400055,0.04404349,0.04381469,0.04396801,126.37285706
2024-08-18 00:00:00,0.04393867,0.04474624,0.04368535,0.04472000,86.84756976
2024-08-19 00:00:00,0.04475220,0.04506550,0.04399884,0.04428600,209.90668475
2024-08-20 00:00:00,0.04432117,0.04432117,0.04330026,0.04358842,136.33673469
2024-08-21 00:00:00,0.04356345,0.04383923,0.04292338,0.04303588,491.64378076
2024-08-22 00:00:00,0.04298973,0.04345052,0.04295764,0.04342606,110.21364976
2024-08-23 00:00:00,0.04343443,0.04402827,0.04288825,0.04312818,212.61561009
2024-08-24 00:00:00,0.04314076,0.04380853,0.04288328,0.04319751,263.90884297
2024-08-25 00:00:00,0.04314868,0.04330290,0.04266669,0.04275042,528.89317518
2024-08-26 00:00:00,0.04283194,0.04298673,0.04225591,0.04265834,101.59274175
2024-08-27 00:00:00,0.04266681,0.04275716,0.04032922,0.04127302,674.05823752
2024-08-28 00:00:00,0.04135749,0.04295339,0.04107336,0.04282000,328.79673370
2024-08-29 00:00:00,0.04285123,0.04288134,0.04223444,0.04257724,365.91259817
2024-08-30 00:00:00,0.04257328,0.04288134,0.04201000,0.04270629,266.42052598
2024-08-31 00:00:00,0.04271734,0.04276284,0.04238847,0.04263528,25.46972961
2024-09-01 00:00:00,0.04260343,0.04290393,0.04189056,0.04236716,177.21870880
2024-09-02 00:00:00,0.04234506,0.04340122,0.04234016,0.04296536,189.18104948
2024-09-03 00:00:00,0.04285312,0.04287270,0.04204513,0.04225424,110.41807375
2024-09-04 00:00:00,0.04221690,0.04271902,0.04129128,0.04238819,84.12385461
2024-09-05 00:00:00,0.04226035,0.04242815,0.04184652,0.04224104,109.05315427
2024-09-06 00:00:00,0.04218447,0.04256517,0.04088268,0.04125914,326.20420106
2024-09-07 00:00:00,0.04133064,0.04223949,0.04133064,0.04195611,43.57911897
2024-09-08 00:00:00,0.04195543,0.04227616,0.04178160,0.04190569,60.42386832
2024-09-09 00:00:00,0.04183833,0.04212375,0.04085260,0.04134328,119.82322129
2024-09-10 00:00:00,0.04138812,0.04142953,0.04098425,0.04142660,98.94067471
2024-09-11 00:00:00,0.04139941,0.04142599,0.04055580,0.04082427,119.23319138
2024-09-12 00:00:00,0.04072493,0.04092824,0.04020168,0.04068308,113.52151121
2024-09-13 00:00:00,0.04062957,0.04080071,0.04025616,0.04031897,194.86778721
2024-09-14 00:00:00,0.04032037,0.04052422,0.04003824,0.04026214,250.84397091
2024-09-15 00:00:00,0.04032059,0.04033557,0.03895152,0.03919758,132.50544586
2024-09-16 00:00:00,0.03916358,0.03970244,0.03871674,0.03941519,191.98051171
2024-09-17 00:00:00,0.03943144,0.03943498,0.03871674,0.03880987,234.64912289
2024-09-18 00:00:00,0.03882620,0.03882620,0.03834780,0.03841380,634.57950879
2024-09-19 00:00:00,0.03843522,0.03929201,0.03832372,0.03915047,1070.05205007
2024-09-20 00:00:00,0.03915134,0.04070883,0.03886345,0.04051964,511.12887972
2024-09-21 00:00:00,0.04052666,0.04129552,0.04024040,0.04121909,155.46660349
2024-09-22 00:00:00,0.04129552,0.04145896,0.04047408,0.04062927,86.81412546
2024-09-23 00:00:00,0.04064000,0.04241687,0.04056788,0.04179966,98.36937368
2024-09-24 00:00:00,0.04179966,0.04183760,0.04112784,0.04125930,198.10892483
2024-09-25 00:00:00,0.04127025,0.04127470,0.04052856,0.04085567,241.18930969
2024-09-26 00:00:00,0.04085516,0.04124892,0.04031158,0.04037929,374.68102703
2024-09-27 00:00:00,0.04038101,0.04117340,0.04029806,0.04101530,217.39184141
2024-09-28 00:00:00,0.04101315,0.04101315,0.04050132,0.04064362,140.40667860
2024-09-29 00:00:00,0.04063512,0.04065900,0.04028030,0.04043318,42.94317917
2024-09-30 00:00:00,0.04051561,0.04124892,0.04034920,0.04109168,176.05809532
2024-10-01 00:00:00,0.04110020,0.04144000,0.03972990,0.04019420,192.13640316
2024-10-02 00:00:00,0.04024676,0.04046593,0.03891798,0.03899211,197.51729957
2024-10-03 00:00:00,0.03895000,0.03911698,0.03841304,0.03867633,154.67388208
2024-10-04 00:00:00,0.03869228,0.03931822,0.03860451,0.03891866,192.93812732
2024-10-05 00:00:00,0.03888239,0.03901074,0.03869441,0.03891387,81.57226245
2024-10-06 00:00:00,0.03889431,0.03914990,0.03874663,0.03880544,34.34768806
2024-10-07 00:00:00,0.03883046,0.03941884,0.03851550,0.03893067,107.49668465
2024-10-08 00:00:00,0.03892633,0.03935468,0.03875028,0.03927005,112.83605424
2024-10-09 00:00:00,0.03926139,0.03968282,0.03897057,0.03911383,198.21754527
2024-10-10 00:00:00,0.03908675,0.03986588,0.03906525,0.03956843,151.70780962
2024-10-11 00:00:00,0.03955118,0.03978610,0.03885090,0.03901761,136.95094763
2024-10-12 00:00:00,0.03900255,0.03931822,0.03884733,0.03919408,97.20425409
2024-10-13 00:00:00,0.03917478,0.03935114,0.03911311,0.03925591,52.39577916
2024-10-14 00:00:00,0.03926154,0.04011726,0.03906891,0.03977390,272.72386531
2024-10-15 00:00:00,0.03978626,0.04000573,0.03855098,0.03886243,411.01579804
2024-10-16 00:00:00,0.03885672,0.03903510,0.03840863,0.03862199,236.57911114
2024-10-17 00:00:00,0.03865459,0.03917000,0.03860920,0.03864097,224.23353583
2024-10-18 00:00:00,0.03866773,0.03894866,0.03844226,0.03859678,402.87667446
2024-10-19 00:00:00,0.03859580,0.03885428,0.03856415,0.03874306,92.15979212
2024-10-20 00:00:00,0.03874430,0.03980597,0.03867497,0.03979526,189.18016063
2024-10-21 00:00:00,0.03978488,0.03988207,0.03944695,0.03954929,362.89681807
2024-10-22 00:00:00,0.03962443,0.03964834,0.03890128,0.03890170,167.78089833
2024-10-23 00:00:00,0.03890149,0.03904500,0.03752093,0.03785381,317.40794518
2024-10-24 00:00:00,0.03784391,0.03798708,0.03709724,0.03717265,227.31949033
2024-10-25 00:00:00,0.03715620,0.03749000,0.03623478,0.03660488,411.66801029
2024-10-26 00:00:00,0.03651333,0.03720520,0.03648979,0.03699647,162.17545854
2024-10-27 00:00:00,0.03700180,0.03700580,0.03668834,0.03688651,74.30073024
2024-10-28 00:00:00,0.03685003,0.03703688,0.03591440,0.03668532,408.92639032
2024-10-29 00:00:00,0.03669115,0.03706670,0.03610211,0.03626369,488.26884059
2024-10-30 00:00:00,0.03628898,0.03777104,0.03611180,0.03674674,173.50205161
2024-10-31 00:00:00,0.03676622,0.03687058,0.03567991,0.03580801,174.31220278
2024-11-01 00:00:00,0.03585510,0.03639748,0.03584542,0.03613661,187.20611426
2024-11-02 00:00:00,0.03614835,0.03616200,0.03556997,0.03595181,86.59213753
2024-11-03 00:00:00,0.03594998,0.03603340,0.03560900,0.03572173,276.06848062
2024-11-04 00:00:00,0.03573082,0.03593980,0.03527910,0.03534274,296.82855555
2024-11-05 00:00:00,0.03538000,0.03552148,0.03482974,0.03492663,325.70985973
2024-11-06 00:00:00,0.03488773,0.03623260,0.03465823,0.03599951,1029.43798188
2024-11-07 00:00:00,0.03594489,0.03824432,0.03594060,0.03811694,381.06264735
2024-11-08 00:00:00,0.03827414,0.03882065,0.03810776,0.03870267,249.66857892
2024-11-09 00:00:00,0.03870617,0.04110000,0.03870617,0.04079982,1185.43911281
2024-11-10 00:00:00,0.04070883,0.04220000,0.03910526,0.03965396,454.62020444
2024-11-11 00:00:00,0.03962000,0.03966236,0.03752093,0.03810000,1978.15696683
2024-11-12 00:00:00,0.03796692,0.03862062,0.03659898,0.03686503,1050.08657031
2024-11-13 00:00:00,0.03690766,0.03724081,0.03497010,0.03524051,868.96432763
2024-11-14 00:00:00,0.03530296,0.03595435,0.03465000,0.03504144,558.84656978
2024-11-15 00:00:00,0.03501270,0.03503636,0.03358465,0.03395979,461.59744399
2024-11-16 00:00:00,0.03389144,0.03527465,0.03379990,0.03458785,524.44538881
2024-11-17 00:00:00,0.03460734,0.03482034,0.03396603,0.03425210,232.82279148
2024-11-18 00:00:00,0.03426330,0.03562054,0.03379185,0.03542000,556.83898054
2024-11-19 00:00:00,0.03544788,0.03554565,0.03328355,0.03366451,592.90232484
2024-11-20 00:00:00,0.03365727,0.03384819,0.03235140,0.03261678,552.84823950
2024-11-21 00:00:00,0.03254864,0.03457920,0.03189405,0.03412214,1624.90033144
2024-11-22 00:00:00,0.03412630,0.03462452,0.03290824,0.03364382,1172.81186651
2024-11-23 00:00:00,0.03364386,0.03544749,0.03361838,0.03476362,444.99252270
2024-11-24 00:00:00,0.03474354,0.03505583,0.03401409,0.03432717,321.15883916
2024-11-25 00:00:00,0.03431998,0.03690000,0.03405703,0.03667872,813.05419891
2024-11-26 00:00:00,0.03672945,0.03673505,0.03524412,0.03617141,525.14221493
2024-11-27 00:00:00,0.03614665,0.03864656,0.03594685,0.03810640,837.49604429
2024-11-28 00:00:00,0.03814734,0.03815258,0.03716142,0.03742490,1050.21186002
2024-11-29 00:00:00,0.03742694,0.03746454,0.03662574,0.03690400,482.60080406
2024-11-30 00:00:00,0.03686786,0.03866600,0.03684645,0.03843885,334.03859393
2024-12-01 00:00:00,0.03845519,0.03868564,0.03796617,0.03814249,477.20164461
2024-12-02 00:00:00,0.03819046,0.03856590,0.03759986,0.03800813,723.40429058
2024-12-03 00:00:00,0.03801423,0.03823610,0.03720000,0.03770413,385.44654726
2024-12-04 00:00:00,0.03770599,0.04012082,0.03770599,0.03892054,1170.85638531
2024-12-05 00:00:00,0.03891991,0.04036585,0.03703000,0.03907379,1285.33557683
2024-12-06 00:00:00,0.03901106,0.04075784,0.03901106,0.04015250,1708.12466469
2024-12-07 00:00:00,0.04008701,0.04033357,0.03986239,0.04007419,168.27871346
2024-12-08 00:00:00,0.04004911,0.04009311,0.03956490,0.03956490,749.82099225
2024-12-09 00:00:00,0.03960144,0.03988312,0.03707176,0.03816686,1436.60865985
2024-12-10 00:00:00,0.03815148,0.03859195,0.03700000,0.03755631,767.03766398
2024-12-11 00:00:00,0.03755734,0.03799240,0.03722120,0.03785735,467.85974264
2024-12-12 00:00:00,0.03788733,0.03927581,0.03778217,0.03874118,829.65932386
2024-12-13 00:00:00,0.03881140,0.03952098,0.03844602,0.03854543,535.06334614
2024-12-14 00:00:00,0.03851735,0.03870483,0.03795183,0.03812727,315.09901359
2024-12-15 00:00:00,0.03815321,0.03818591,0.03746251,0.03787925,338.23493900
2024-12-16 00:00:00,0.03788835,0.03830827,0.03695000,0.03760034,1041.27526703
2024-12-17 00:00:00,0.03758899,0.03781330,0.03642809,0.03668434,787.51865685
2024-12-18 00:00:00,0.03667358,0.03727917,0.03609911,0.03618648,993.81713521
2024-12-19 00:00:00,0.03619651,0.03642934,0.03474099,0.03512257,566.45983361
2024-12-20 00:00:00,0.03505052,0.03593777,0.03339196,0.03548440,939.04915477
2024-12-21 00:00:00,0.03548842,0.03588410,0.03406276,0.03426529,354.69722783
2024-12-22 00:00:00,0.03431109,0.03496881,0.03415020,0.03445116,129.73450108
2024-12-23 00:00:00,0.03447317,0.03670251,0.03430630,0.03607475,530.53021568
2024-12-24 00:00:00,0.03606140,0.03629228,0.03525695,0.03544276,208.11417174
2024-12-25 00:00:00,0.03540473,0.03576394,0.03494213,0.03515040,218.36301186
2024-12-26 00:00:00,0.03516183,0.03532795,0.03462580,0.03468000,127.62320226
2024-12-27 00:00:00,0.03482066,0.03555885,0.03482066,0.03536047,419.89913064
2024-12-28 00:00:00,0.03534593,0.03581653,0.03525632,0.03569330,228.20555559
2024-12-29 00:00:00,0.03571601,0.03595238,0.03553679,0.03582139,234.04821367
2024-12-30 00:00:00,0.03580387,0.03657553,0.03579577,0.03624451,935.74153043
2024-12-31 00:00:00,0.03619834,0.03622592,0.03564627,0.03565255,588.89596760
2025-01-01 00:00:00,0.03571617,0.03577000,0.03540581,0.03545502,87.27873645
2025-01-02 00:00:00,0.03552460,0.03603772,0.03542941,0.03561129,399.25827862
2025-01-03 00:00:00,0.03561340,0.03680000,0.03559462,0.03675526,471.31184787
2025-01-04 00:00:00,0.03674957,0.03727739,0.03651101,0.03726993,418.08079345
2025-01-05 00:00:00,0.03720807,0.03735000,0.03690813,0.03695039,474.39285313
2025-01-06 00:00:00,0.03695860,0.03717852,0.03593514,0.03602497,829.81864243
2025-01-07 00:00:00,0.03601850,0.03621220,0.03482910,0.03488030,292.67639010
2025-01-08 00:00:00,0.03489327,0.03535000,0.03459481,0.03500675,323.67182412
2025-01-09 00:00:00,0.03500604,0.03561000,0.03451900,0.03483722,226.09237937
2025-01-10 00:00:00,0.03479434,0.03490940,0.03442165,0.03450942,298.92799733
2025-01-11 00:00:00,0.03449424,0.03495530,0.03424565,0.03470717,74.28938792
2025-01-12 00:00:00,0.03470642,0.03476524,0.03438330,0.03453314,93.84005919
2025-01-13 00:00:00,0.03462879,0.03474051,0.03263419,0.03322479,356.12575751
2025-01-14 00:00:00,0.03319744,0.03356829,0.03308578,0.03339460,237.23298488
2025-01-15 00:00:00,0.03334140,0.03455500,0.03302566,0.03433230,183.53309755
2025-01-16 00:00:00,0.03433568,0.03433568,0.03294863,0.03297580,628.81036289
2025-01-17 00:00:00,0.03308747,0.03365580,0.03241106,0.03336489,469.67894955
2025-01-18 00:00:00,0.03338927,0.03338927,0.03130930,0.03170010,494.96682103
2025-01-19 00:00:00,0.03163161,0.03279440,0.02996244,0.03162780,600.32020921
2025-01-20 00:00:00,0.03173548,0.03243190,0.03086537,0.03209843,789.83877973
2025-01-21 00:00:00,0.03209465,0.03209786,0.03103323,0.03130556,389.63722533
2025-01-22 00:00:00,0.03140311,0.03168411,0.03108135,0.03123620,318.64500918
2025-01-23 00:00:00,0.03130710,0.03209300,0.03022231,0.03209300,704.86125271
2025-01-24 00:00:00,0.03220000,0.03244950,0.03158874,0.03158874,204.47731232
2025-01-25 00:00:00,0.03153408,0.03194574,0.03137855,0.03168606,198.31621654
2025-01-26 00:00:00,0.03168397,0.03185810,0.03143933,0.03155993,120.77295006
2025-01-27 00:00:00,0.03145450,0.03164493,0.03073582,0.03113550,375.07324146
2025-01-28 00:00:00,0.03116662,0.03134068,0.03032040,0.03038691,500.16311659
2025-01-29 00:00:00,0.03035967,0.03073633,0.03000000,0.03001289,343.03013135
2025-01-30 00:00:00,0.02995797,0.03115318,0.02994002,0.03099733,628.65011943
2025-01-31 00:00:00,0.03104846,0.03266838,0.03094092,0.03223309,352.34750788
2025-02-01 00:00:00,0.03222743,0.03240848,0.03097897,0.03097897,177.15578550
2025-02-02 00:00:00,0.03100333,0.03126099,0.02866768,0.02933978,494.59633923
2025-02-03 00:00:00,0.02931691,0.02946027,0.02340426,0.02837604,958.17376753
2025-02-04 00:00:00,0.02834935,0.02940000,0.02710592,0.02788229,624.70708571
2025-02-05 00:00:00,0.02790709,0.02890319,0.02770210,0.02885187,285.05025889
2025-02-06 00:00:00,0.02889129,0.02911537,0.02760457,0.02781762,424.79963430
2025-02-07 00:00:00,0.02787901,0.02832675,0.02681151,0.02717347,427.81548846
2025-02-08 00:00:00,0.02716039,0.02753880,0.02708739,0.02732538,169.61276468
2025-02-09 00:00:00,0.02730861,0.02765284,0.02664707,0.02727566,227.31732945
2025-02-10 00:00:00,0.02727646,0.02760000,0.02681571,0.02730509,352.96117941
2025-02-11 00:00:00,0.02733850,0.02775000,0.02686845,0.02718159,451.77600072
2025-02-12 00:00:00,0.02714876,0.02852243,0.02699385,0.02795308,493.77285815
2025-02-13 00:00:00,0.02799119,0.02817602,0.02740281,0.02769429,724.30362396
2025-02-14 00:00:00,0.02760870,0.02831231,0.02759890,0.02794811,165.06584352
2025-02-15 00:00:00,0.02796006,0.02797852,0.02735381,0.02763029,142.92303481
2025-02-16 00:00:00,0.02759692,0.02790291,0.02755077,0.02766720,130.89475648
2025-02-17 00:00:00,0.02771275,0.02940000,0.02753244,0.02860625,432.63869802
2025-02-18 00:00:00,0.02864906,0.02865740,0.02769473,0.02794970,446.36981242
2025-02-19 00:00:00,0.02792453,0.02846106,0.02792174,0.02810430,317.26479805
2025-02-20 00:00:00,0.02809837,0.02834448,0.02777780,0.02786358,256.74975982
2025-02-21 00:00:00,0.02785142,0.02865056,0.02741002,0.02765734,362.98702755
2025-02-22 00:00:00,0.02766878,0.02894528,0.02766878,0.02861569,361.30633250
2025-02-23 00:00:00,0.02862296,0.02965879,0.02849156,0.02935449,370.85756325
2025-02-24 00:00:00,0.02931913,0.02942141,0.02680316,0.02747327,282.79227273
2025-02-25 00:00:00,0.02749281,0.02835300,0.02606471,0.02813515,450.94323790
2025-02-26 00:00:00,0.02819750,0.02819750,0.02706643,0.02770603,356.13074827
2025-02-27 00:00:00,0.02769794,0.02775736,0.02684000,0.02719130,392.40313336
2025-02-28 00:00:00,0.02722731,0.02731622,0.02622280,0.02645346,392.80017948
2025-03-01 00:00:00,0.02654175,0.02667411,0.02541733,0.02575822,256.14624446
2025-03-02 00:00:00,0.02574709,0.02732739,0.02529391,0.02672368,605.59057045
2025-03-03 00:00:00,0.02668618,0.02668619,0.02450000,0.02492575,822.21379564
2025-03-04 00:00:00,0.02492840,0.02532629,0.02430367,0.02489238,350.14932916
2025-03-05 00:00:00,0.02488389,0.02545823,0.02439139,0.02474389,230.06024201
2025-03-06 00:00:00,0.02473905,0.02519282,0.02441530,0.02447862,235.21342447
2025-03-07 00:00:00,0.02451184,0.02494000,0.02438938,0.02465968,309.68951308
2025-03-08 00:00:00,0.02469178,0.02582160,0.02469178,0.02555655,208.00062871
2025-03-09 00:00:00,0.02555248,0.02557926,0.02424854,0.02502172,177.94759826
2025-03-10 00:00:00,0.02502194,0.02580000,0.02338180,0.02372658,491.68675956
2025-03-11 00:00:00,0.02374440,0.02385449,0.02294710,0.02317980,746.40722152
2025-03-12 00:00:00,0.02317658,0.02357881,0.02263000,0.02277706,763.61626367
2025-03-13 00:00:00,0.02279988,0.02313421,0.02240000,0.02299679,708.75619863
2025-03-14 00:00:00,0.02299620,0.02314651,0.02263402,0.02274396,354.52606351
2025-03-15 00:00:00,0.02273921,0.02314128,0.02260000,0.02298487,188.18874852
2025-03-16 00:00:00,0.02296698,0.02301123,0.02253454,0.02286115,251.08128228
2025-03-17 00:00:00,0.02286084,0.02314061,0.02273814,0.02294028,803.19248201
2025-03-18 00:00:00,0.02293529,0.02339463,0.02285350,0.02335162,276.82032919
2025-03-19 00:00:00,0.02336917,0.02423128,0.02321847,0.02368899,779.17640439
2025-03-20 00:00:00,0.02367150,0.02368769,0.02313783,0.02355630,377.02144525
2025-03-21 00:00:00,0.02355893,0.02361621,0.02315733,0.02337223,441.26768105
2025-03-22 00:00:00,0.02338918,0.02378512,0.02338918,0.02361938,261.19904913
2025-03-23 00:00:00,0.02362801,0.02394423,0.02322728,0.02329479,158.68665169
2025-03-24 00:00:00,0.02331197,0.02405280,0.02312899,0.02379096,546.89225092
2025-03-25 00:00:00,0.02379151,0.02394894,0.02345858,0.02363842,556.43412230
2025-03-26 00:00:00,0.02363441,0.02367590,0.02299404,0.02311590,496.93099706
2025-03-27 00:00:00,0.02312143,0.02327016,0.02294217,0.02296980,598.37640936
2025-03-28 00:00:00,0.02295660,0.02308335,0.02191302,0.02249300,1038.08470791
2025-03-29 00:00:00,0.02246574,0.02266029,0.02200417,0.02212539,460.92291784
2025-03-30 00:00:00,0.02207244,0.02217136,0.02166501,0.02192659,414.81224346
2025-03-31 00:00:00,0.02195137,0.02221160,0.02185235,0.02209285,743.75275617
2025-04-01 00:00:00,0.02208203,0.02260596,0.02203580,0.02236704,809.86120170
2025-04-02 00:00:00,0.02236202,0.02237851,0.02162097,0.02175522,674.92316021
2025-04-03 00:00:00,0.02178119,0.02199019,0.02139766,0.02184973,447.17242715
2025-04-04 00:00:00,0.02183710,0.02187648,0.02150753,0.02163962,261.67809563
2025-04-05 00:00:00,0.02170411,0.02176287,0.02132238,0.02164250,268.27277306
2025-04-06 00:00:00,0.02166332,0.02171622,0.01978473,0.02015658,601.96934948
2025-04-07 00:00:00,0.02025660,0.02039726,0.01896322,0.01963511,1032.66383394
2025-04-08 00:00:00,0.01962107,0.01998405,0.01888884,0.01930462,919.29590519
2025-04-09 00:00:00,0.01929699,0.02025619,0.01860000,0.02022250,2874.03193378
2025-04-10 00:00:00,0.02018970,0.02018970,0.01876150,0.01916277,720.18456440
2025-04-11 00:00:00,0.01910701,0.01935622,0.01865690,0.01878689,691.27874878
2025-04-12 00:00:00,0.01875847,0.01961196,0.01859607,0.01929006,492.86874410
2025-04-13 00:00:00,0.01926788,0.01936278,0.01879723,0.01908430,548.35543264
2025-04-14 00:00:00,0.01912070,0.01988803,0.01901561,0.01917194,1051.44842529
2025-04-15 00:00:00,0.01919865,0.01926334,0.01890609,0.01897980,799.96773110
2025-04-16 00:00:00,0.01897740,0.01911683,0.01850141,0.01877730,726.90771816
2025-04-17 00:00:00,0.01877378,0.01900669,0.01861025,0.01863510,655.19331541
2025-04-18 00:00:00,0.01862032,0.01889741,0.01861073,0.01881459,253.77864239
2025-04-19 00:00:00,0.01880100,0.01914979,0.01871550,0.01896861,225.23415026
2025-04-20 00:00:00,0.01895346,0.01897143,0.01860301,0.01862540,376.84136737
2025-04-21 00:00:00,0.01868258,0.01889108,0.01800000,0.01804063,654.28433697
2025-04-22 00:00:00,0.01800427,0.01903763,0.01767877,0.01882931,1199.36738748
2025-04-23 00:00:00,0.01877589,0.01947558,0.01873419,0.01916405,3261.77238760
2025-04-24 00:00:00,0.01916269,0.01925401,0.01876554,0.01883908,1171.11043700
2025-04-25 00:00:00,0.01883360,0.01913162,0.01871991,0.01886230,589.28197136
2025-04-26 00:00:00,0.01888341,0.01942244,0.01887573,0.01926088,453.76839056
2025-04-27 00:00:00,0.01925268,0.02004300,0.01905224,0.01911946,400.45606171
2025-04-28 00:00:00,0.01911279,0.01915384,0.01868559,0.01893096,690.75326186
2025-04-29 00:00:00,0.01894543,0.01938190,0.01890711,0.01908277,530.79187100
2025-04-30 00:00:00,0.01908500,0.01915332,0.01864608,0.01903674,580.12369372
2025-05-01 00:00:00,0.01905730,0.01930677,0.01901114,0.01906406,528.80443651
2025-05-02 00:00:00,0.01904365,0.01913566,0.01882169,0.01901902,340.55147571
2025-05-03 00:00:00,0.01901175,0.01916972,0.01887003,0.01912724,163.40901406
2025-05-04 00:00:00,0.01912521,0.01928840,0.01909554,0.01917104,298.73524604
2025-05-05 00:00:00,0.01918796,0.01933612,0.01902677,0.01919174,334.46144770
2025-05-06 00:00:00,0.01918536,0.01919394,0.01867338,0.01875886,494.98985784
2025-05-07 00:00:00,0.01876626,0.01904490,0.01853616,0.01866526,577.42037915
2025-05-08 00:00:00,0.01866252,0.02150000,0.01862000,0.02138928,1676.09349330
2025-05-09 00:00:00,0.02137922,0.02396336,0.02121216,0.02273543,1679.13163393
2025-05-10 00:00:00,0.02276896,0.02497000,0.02254741,0.02464616,1567.97307465
2025-05-11 00:00:00,0.02464597,0.02483275,0.02346646,0.02411588,1202.41682249
2025-05-12 00:00:00,0.02414407,0.02488196,0.02391894,0.02425871,1094.20789786
2025-05-13 00:00:00,0.02427014,0.02600000,0.02376502,0.02571374,1712.24342311
2025-05-14 00:00:00,0.02574318,0.02613864,0.02479840,0.02521286,1497.98662682
2025-05-15 00:00:00,0.02521412,0.02546569,0.02438578,0.02452514,1289.91047623
2025-05-16 00:00:00,0.02456156,0.02543135,0.02447764,0.02449615,1324.17067634
2025-05-17 00:00:00,0.02451484,0.02451484,0.02383458,0.02397580,871.92970640
2025-05-18 00:00:00,0.02402674,0.02449355,0.02252630,0.02342427,950.98979988
2025-05-19 00:00:00,0.02344357,0.02411057,0.02285537,0.02394618,1280.41396767
2025-05-20 00:00:00,0.02394384,0.02432974,0.02320286,0.02362713,718.37669431
2025-05-21 00:00:00,0.02362350,0.02417565,0.02307603,0.02329925,1096.34197751
2025-05-22 00:00:00,0.02327377,0.02432133,0.02326237,0.02383213,790.70494303
2025-05-23 00:00:00,0.02386767,0.02454800,0.02330470,0.02350031,884.13246785
2025-05-24 00:00:00,0.02366795,0.02368090,0.02322951,0.02347637,223.64717079
2025-05-25 00:00:00,0.02347775,0.02350654,0.02307280,0.02341817,340.11777378
2025-05-26 00:00:00,0.02340819,0.02356769,0.02320424,0.02342870,556.45283200
2025-05-27 00:00:00,0.02342396,0.02452824,0.02329169,0.02443574,1633.39266780
2025-05-28 00:00:00,0.02442597,0.02489381,0.02408000,0.02489381,481.33497823
2025-05-29 00:00:00,0.02488120,0.02575138,0.02451514,0.02490738,727.48208347
2025-05-30 00:00:00,0.02492411,0.02503224,0.02418966,0.02432556,480.16110764
2025-05-31 00:00:00,0.02432804,0.02449730,0.02394182,0.02417000,466.52961915
2025-06-01 00:00:00,0.02414593,0.02419985,0.02384268,0.02402548,284.79469134
2025-06-02 00:00:00,0.02402782,0.02466398,0.02364898,0.02462535,950.60321127
2025-06-03 00:00:00,0.02462690,0.02494165,0.02449811,0.02459597,1020.81003422
2025-06-04 00:00:00,0.02461214,0.02539389,0.02458475,0.02490514,491.13285066
2025-06-05 00:00:00,0.02490502,0.02504630,0.02376637,0.02378793,532.69294080
2025-06-06 00:00:00,0.02378058,0.02411300,0.02359725,0.02373088,949.18542158
2025-06-07 00:00:00,0.02373798,0.02400318,0.02364336,0.02390622,326.06692117
2025-06-08 00:00:00,0.02390093,0.02390093,0.02365000,0.02373318,270.10844075
2025-06-09 00:00:00,0.02373111,0.02441565,0.02347289,0.02430320,810.11229785
2025-06-10 00:00:00,0.02430773,0.02568691,0.02430773,0.02550642,1634.96519486
2025-06-11 00:00:00,0.02554283,0.02621751,0.02523703,0.02551689,528.38865462
2025-06-12 00:00:00,0.02551096,0.02573575,0.02476757,0.02499540,803.75255038
2025-06-13 00:00:00,0.02503018,0.02503018,0.02370000,0.02431396,846.19791911
2025-06-14 00:00:00,0.02427875,0.02429321,0.02386584,0.02406845,232.03902801
2025-06-15 00:00:00,0.02401230,0.02421514,0.02380914,0.02413550,225.03612021
2025-06-16 00:00:00,0.02411866,0.02471226,0.02375495,0.02379769,795.68901035
2025-06-17 00:00:00,0.02375412,0.02433293,0.02373317,0.02400580,489.47677510
2025-06-18 00:00:00,0.02400481,0.02417995,0.02376205,0.02407123,261.44582431
2025-06-19 00:00:00,0.02407009,0.02421606,0.02391148,0.02408545,241.15866055
2025-06-20 00:00:00,0.02409185,0.02416865,0.02314691,0.02330651,641.44299619
2025-06-21 00:00:00,0.02328743,0.02355534,0.02197890,0.02249729,912.40481950
2025-06-22 00:00:00,0.02249935,0.02253475,0.02140336,0.02206911,652.35792343
2025-06-23 00:00:00,0.02206381,0.02301693,0.02194706,0.02290305,556.10370265
2025-06-24 00:00:00,0.02289337,0.02338181,0.02272732,0.02308568,856.80979822
2025-06-25 00:00:00,0.02307036,0.02315181,0.02230440,0.02253535,575.01121370
2025-06-26 00:00:00,0.02251885,0.02323788,0.02243592,0.02257264,488.64273589
2025-06-27 00:00:00,0.02258192,0.02297821,0.02236765,0.02263299,339.94818437
2025-06-28 00:00:00,0.02263727,0.02276070,0.02252693,0.02270235,140.36876654
2025-06-29 00:00:00,0.02270421,0.02329801,0.02247451,0.02309800,426.88157402
2025-06-30 00:00:00,0.02307640,0.02343054,0.02277374,0.02319788,1414.58380440
2025-07-01 00:00:00,0.02320287,0.02324590,0.02265318,0.02277006,370.47086325
2025-07-02 00:00:00,0.02274613,0.02388602,0.02261014,0.02362190,964.27775728
2025-07-03 00:00:00,0.02362333,0.02389793,0.02350074,0.02364110,723.29304607
2025-07-04 00:00:00,0.02364006,0.02370726,0.02305208,0.02321767,512.97210676
2025-07-05 00:00:00,0.02321860,0.02336770,0.02304976,0.02325554,517.38797414
2025-07-06 00:00:00,0.02325554,0.02373895,0.02322633,0.02354233,197.20125619
2025-07-07 00:00:00,0.02352626,0.02371720,0.02330241,0.02348340,474.15331763
2025-07-08 00:00:00,0.02348732,0.02408327,0.02343480,0.02399992,340.31072457
2025-07-09 00:00:00,0.02400741,0.02498017,0.02390897,0.02488880,746.88968980
2025-07-10 00:00:00,0.02488880,0.02571512,0.02457045,0.02546599,892.20137457
2025-07-11 00:00:00,0.02541720,0.02559616,0.02494196,0.02517580,621.50876447
2025-07-12 00:00:00,0.02516500,0.02524586,0.02483845,0.02505442,257.94458348
2025-07-13 00:00:00,0.02506129,0.02529580,0.02485795,0.02498405,275.87215664
2025-07-14 00:00:00,0.02495744,0.02528717,0.02469670,0.02514899,507.31357316
2025-07-15 00:00:00,0.02511659,0.02674870,0.02495960,0.02669243,1227.44522916
2025-07-16 00:00:00,0.02664826,0.02900000,0.02638050,0.02839640,1859.66295131
2025-07-17 00:00:00,0.02842784,0.02945736,0.02815270,0.02915147,1688.28029553
2025-07-18 00:00:00,0.02914657,0.03079355,0.02905352,0.03006392,1035.15061004
2025-07-19 00:00:00,0.03008060,0.03052889,0.02985681,0.03049270,267.54454905
2025-07-20 00:00:00,0.03048070,0.03220000,0.03042311,0.03210418,705.46719681
2025-07-21 00:00:00,0.03204203,0.03333334,0.03162957,0.03203983,686.27583812
2025-07-22 00:00:00,0.03204565,0.03220620,0.03040423,0.03124679,750.48255486
2025-07-23 00:00:00,0.03122598,0.03159297,0.03004874,0.03056944,774.98173162
2025-07-24 00:00:00,0.03055087,0.03158876,0.02993753,0.03131821,465.67077348
2025-07-25 00:00:00,0.03131061,0.03221636,0.03098659,0.03167828,856.10911313
2025-07-26 00:00:00,0.03167170,0.03213072,0.03154841,0.03171618,417.02760621
2025-07-27 00:00:00,0.03173666,0.03293742,0.03167765,0.03244187,439.52056094
2025-07-28 00:00:00,0.03238613,0.03300000,0.03196731,0.03217037,732.96405442
2025-07-29 00:00:00,0.03217089,0.03266401,0.03176689,0.03216515,730.23680748
2025-07-30 00:00:00,0.03211135,0.03237270,0.03174129,0.03232640,350.27940565
2025-07-31 00:00:00,0.03232204,0.03265071,0.03187177,0.03194302,315.17319720
2025-08-01 00:00:00,0.03194721,0.03210914,0.03045413,0.03079464,432.02295515
2025-08-02 00:00:00,0.03080853,0.03105249,0.03000000,0.03014945,928.29668885
2025-08-03 00:00:00,0.03014565,0.03075078,0.03003354,0.03063973,351.32337003
2025-08-04 00:00:00,0.03061938,0.03236860,0.03059540,0.03229032,753.22645620
2025-08-05 00:00:00,0.03233385,0.03233385,0.03128745,0.03171868,495.10997317
2025-08-06 00:00:00,0.03166077,0.03203314,0.03138305,0.03202564,350.64515880
2025-08-07 00:00:00,0.03201528,0.03337088,0.03189394,0.03329112,688.75904379
2025-08-08 00:00:00,0.03329405,0.03493145,0.03315857,0.03435702,1071.17179867
2025-08-09 00:00:00,0.03436379,0.03701494,0.03435024,0.03660123,1495.24977609
2025-08-10 00:00:00,0.03659742,0.03708494,0.03516681,0.03565852,885.52474456
2025-08-11 00:00:00,0.03563070,0.03624411,0.03467375,0.03560287,1427.87320915
2025-08-12 00:00:00,0.03557282,0.03853560,0.03557282,0.03816855,1397.97190200
2025-08-13 00:00:00,0.03834039,0.03924196,0.03821498,0.03854776,2572.05768450
2025-08-14 00:00:00,0.03848714,0.03945000,0.03782505,0.03844595,562.35097000
2025-08-15 00:00:00,0.03841699,0.03916994,0.03738820,0.03785562,724.54151859
2025-08-16 00:00:00,0.03784348,0.03807203,0.03731051,0.03765222,430.62846736
2025-08-17 00:00:00,0.03767290,0.03864658,0.03747707,0.03807865,440.33168682
2025-08-18 00:00:00,0.03805414,0.03813308,0.03680856,0.03709061,998.18587103
2025-08-19 00:00:00,0.03710274,0.03742202,0.03609465,0.03611750,928.84259979
2025-08-20 00:00:00,0.03621878,0.03825114,0.03607275,0.03794104,796.26666004
2025-08-21 00:00:00,0.03794159,0.03802155,0.03750237,0.03752804,523.78382805
2025-08-22 00:00:00,0.03756541,0.04177156,0.03754395,0.04130000,1034.62743639
2025-08-23 00:00:00,0.04126018,0.04158673,0.04035047,0.04136237,1121.15558592
2025-08-24 00:00:00,0.04148465,0.04323774,0.04119821,0.04214418,1232.86603431
2025-08-25 00:00:00,0.04213306,0.04228977,0.03964017,0.03975049,820.05476469
2025-08-26 00:00:00,0.03974313,0.04142909,0.03971772,0.04113556,739.89561814
2025-08-27 00:00:00,0.04116231,0.04161620,0.04035920,0.04048422,624.18348994
2025-08-28 00:00:00,0.04052010,0.04084242,0.03819531,0.04005233,741.57226177
2025-08-29 00:00:00,0.04010000,0.04037841,0.03936911,0.04025287,548.49169519
2025-08-30 00:00:00,0.04019243,0.04068178,0.03964115,0.04020371,450.99162573
2025-08-31 00:00:00,0.04026337,0.04150000,0.04025141,0.04055279,387.77836189
2025-09-01 00:00:00,0.04054952,0.04095820,0.03904691,0.03948871,498.23930557
2025-09-02 00:00:00,0.03953474,0.03998494,0.03840001,0.03886526,584.45358931
2025-09-03 00:00:00,0.03887373,0.03994829,0.03861515,0.03983878,504.63033734
2025-09-04 00:00:00,0.03996787,0.03996787,0.03883741,0.03890664,330.33562109
2025-09-05 00:00:00,0.03889078,0.03957010,0.03857545,0.03891599,476.34626487
2025-09-06 00:00:00,0.03893253,0.03905118,0.03856747,0.03881624,267.00816520
2025-09-07 00:00:00,0.03879703,0.03891781,0.03849345,0.03873716,204.61137692
2025-09-08 00:00:00,0.03874294,0.03886669,0.03824249,0.03836576,275.91839272
2025-09-09 00:00:00,0.03842441,0.03873018,0.03700000,0.03865839,422.71743371
2025-09-10 00:00:00,0.03867342,0.03896224,0.03800000,0.03816410,509.60551870
2025-09-11 00:00:00,0.03813982,0.03913975,0.03810246,0.03862255,431.65752525
2025-09-12 00:00:00,0.03861011,0.04073909,0.03852709,0.04061024,446.70869923
2025-09-13 00:00:00,0.04062470,0.04107392,0.03999553,0.04025314,271.69423984
2025-09-14 00:00:00,0.04025368,0.04044033,0.03972305,0.03995959,227.48185903
2025-09-15 00:00:00,0.03994034,0.04027030,0.03893332,0.03921060,299.73705637
2025-09-16 00:00:00,0.03920479,0.03932765,0.03840777,0.03854308,233.96772522
2025-09-17 00:00:00,0.03856107,0.03947847,0.03820807,0.03943096,454.09490790
2025-09-18 00:00:00,0.03942498,0.03970215,0.03896501,0.03917387,403.12614755
2025-09-19 00:00:00,0.03918820,0.03934257,0.03843008,0.03865985,196.55939253
2025-09-20 00:00:00,0.03864726,0.03883011,0.03851530,0.03875825,114.30288246
2025-09-21 00:00:00,0.03872767,0.03898880,0.03852864,0.03859756,271.91130319
2025-09-22 00:00:00,0.03855219,0.03861410,0.03630000,0.03727295,730.34810228
2025-09-23 00:00:00,0.03726923,0.03737334,0.03692919,0.03719000,232.47980488
2025-09-24 00:00:00,0.03717914,0.03729366,0.03650056,0.03661018,393.73803070
2025-09-25 00:00:00,0.03665168,0.03665168,0.03518830,0.03550381,586.09525735
2025-09-26 00:00:00,0.03564613,0.03690005,0.03555669,0.03677892,427.60606656
2025-09-27 00:00:00,0.03668987,0.03686342,0.03642000,0.03666482,249.51201450
2025-09-28 00:00:00,0.03665069,0.03692398,0.03631570,0.03689475,147.19648257
2025-09-29 00:00:00,0.03691367,0.03704575,0.03640100,0.03689459,397.47694930
2025-09-30 00:00:00,0.03687088,0.03692293,0.03615232,0.03632068,423.66383133
2025-10-01 00:00:00,0.03634634,0.03712106,0.03602490,0.03665572,322.09917418
2025-10-02 00:00:00,0.03662066,0.03741557,0.03659091,0.03719008,301.11334801
2025-10-03 00:00:00,0.03722227,0.03783051,0.03660154,0.03696146,265.73733655
2025-10-04 00:00:00,0.03689619,0.03693799,0.03649296,0.03666267,164.81416343
2025-10-05 00:00:00,0.03666796,0.03701096,0.03641388,0.03656831,105.57862737
2025-10-06 00:00:00,0.03653058,0.03774295,0.03643653,0.03756553,268.27130480
2025-10-07 00:00:00,0.03757697,0.03810735,0.03655145,0.03664043,423.29447035
2025-10-08 00:00:00,0.03664215,0.03682092,0.03628828,0.03669180,334.19917520
2025-10-09 00:00:00,0.03669493,0.03674375,0.03543666,0.03589406,357.87804410
2025-10-10 00:00:00,0.03589586,0.03612516,0.03201367,0.03392607,856.29768428
2025-10-11 00:00:00,0.03400563,0.03445795,0.03329758,0.03381303,594.85152435
2025-10-12 00:00:00,0.03386298,0.03639107,0.03369583,0.03616945,2074.31258255
2025-10-13 00:00:00,0.03605351,0.03770000,0.03564527,0.03684991,1659.01903561
2025-10-14 00:00:00,0.03683417,0.03693057,0.03530000,0.03648827,789.24115755
2025-10-15 00:00:00,0.03649214,0.03708511,0.03558591,0.03598000,374.86993674
2025-10-16 00:00:00,0.03599272,0.03649993,0.03559259,0.03600100,980.88887890
2025-10-17 00:00:00,0.03599418,0.03615519,0.03438000,0.03599330,1089.43178048
2025-10-18 00:00:00,0.03599994,0.03660000,0.03592297,0.03629151,130.95973243
2025-10-19 00:00:00,0.03628090,0.03691471,0.03602000,0.03667084,407.07539581
2025-10-20 00:00:00,0.03665316,0.03671147,0.03557281,0.03599223,362.54964699
2025-10-21 00:00:00,0.03600043,0.03612117,0.03536708,0.03573989,292.18280216
2025-10-22 00:00:00,0.03575453,0.03581325,0.03482569,0.03536808,325.76366684
2025-10-23 00:00:00,0.03536182,0.03560823,0.03438000,0.03502488,175.52879828
2025-10-24 00:00:00,0.03504023,0.03586518,0.03493095,0.03543913,186.70887237
2025-10-25 00:00:00,0.03543420,0.03550854,0.03522534,0.03540969,88.77907569
2025-10-26 00:00:00,0.03539954,0.03642810,0.03516282,0.03634716,123.77903045
2025-10-27 00:00:00,0.03631298,0.03678155,0.03588530,0.03610259,638.70059939
2025-10-28 00:00:00,0.03608180,0.03617321,0.03504228,0.03525505,234.99312926
2025-10-29 00:00:00,0.03525855,0.03587602,0.03515244,0.03541614,264.38325117
2025-10-30 00:00:00,0.03549625,0.03582524,0.03466114,0.03507917,494.37387001
2025-10-31 00:00:00,0.03507510,0.03650000,0.03486850,0.03511880,594.25092472
2025-11-01 00:00:00,0.03507750,0.03533610,0.03501211,0.03518180,83.27591082
2025-11-02 00:00:00,0.03518648,0.03538028,0.03484591,0.03536582,98.14727477
2025-11-03 00:00:00,0.03533657,0.03536040,0.03358091,0.03377497,737.64823180
2025-11-04 00:00:00,0.03380079,0.03423668,0.03018888,0.03239783,1526.24511019
2025-11-05 00:00:00,0.03236618,0.03333687,0.03196209,0.03296122,557.53271449
2025-11-06 00:00:00,0.03293486,0.03321758,0.03226491,0.03266576,303.95012169
2025-11-07 00:00:00,0.03273356,0.03347924,0.03210000,0.03322051,311.22799347
2025-11-08 00:00:00,0.03324873,0.03382639,0.03304222,0.03323763,263.54041655
2025-11-09 00:00:00,0.03321348,0.03433698,0.03311339,0.03422806,185.83704613
2025-11-10 00:00:00,0.03421010,0.03440000,0.03344152,0.03364975,240.80842553
2025-11-11 00:00:00,0.03375493,0.03412733,0.03318178,0.03318178,389.94149401
2025-11-12 00:00:00,0.03318881,0.03409784,0.03318881,0.03354801,374.33381530
2025-11-13 00:00:00,0.03363803,0.03433698,0.03214661,0.03243113,717.57222432
2025-11-14 00:00:00,0.03240067,0.03400000,0.03213749,0.03288126,571.12746580
2025-11-15 00:00:00,0.03300281,0.03355004,0.03275916,0.03316658,91.08440331
2025-11-16 00:00:00,0.03308184,0.03360674,0.03226820,0.03283357,153.90765463
2025-11-17 00:00:00,0.03282882,0.03358416,0.03236589,0.03284063,344.74815115
2025-11-18 00:00:00,0.03286865,0.03385894,0.03261129,0.03356556,277.42007294
2025-11-19 00:00:00,0.03353474,0.03389614,0.03236589,0.03304054,306.30027945
2025-11-20 00:00:00,0.03298993,0.03310272,0.03237819,0.03269886,284.93807851
2025-11-21 00:00:00,0.03282451,0.03300228,0.03216599,0.03251444,361.12624971
2025-11-22 00:00:00,0.03250867,0.03279750,0.03237585,0.03269621,139.25386955
2025-11-23 00:00:00,0.03270108,0.03282173,0.03218798,0.03227774,172.22769073
2025-11-24 00:00:00,0.03219679,0.03362837,0.03210000,0.03348667,392.05176655
2025-11-25 00:00:00,0.03344244,0.03395414,0.03300876,0.03387979,225.98069020
2025-11-26 00:00:00,0.03384876,0.03385744,0.03331508,0.03344788,410.93765462
2025-11-27 00:00:00,0.03344788,0.03363162,0.03285918,0.03301975,147.48070601
2025-11-28 00:00:00,0.03303366,0.03356353,0.03295627,0.03335572,314.93464160
2025-11-29 00:00:00,0.03335009,0.03349748,0.03282727,0.03294030,126.42902797
2025-11-30 00:00:00,0.03291986,0.03325495,0.03288963,0.03309955,176.22051704
2025-12-01 00:00:00,0.03313181,0.03327583,0.03216418,0.03244039,555.86752830
2025-12-02 00:00:00,0.03235623,0.03323436,0.03218706,0.03282239,381.29880948
2025-12-03 00:00:00,0.03282013,0.03414980,0.03261120,0.03414980,408.27585373
2025-12-04 00:00:00,0.03413404,0.03459431,0.03379133,0.03402348,206.98778835
2025-12-05 00:00:00,0.03406031,0.03450098,0.03359685,0.03383603,136.87980298
2025-12-06 00:00:00,0.03382682,0.03410919,0.03376654,0.03404751,134.63261012
2025-12-07 00:00:00,0.03401393,0.03437066,0.03310000,0.03385780,274.55467247
2025-12-08 00:00:00,0.03389008,0.03464157,0.03387424,0.03443447,197.58069007
2025-12-09 00:00:00,0.03453897,0.03597684,0.03439530,0.03582661,275.43592218
2025-12-10 00:00:00,0.03583195,0.03684294,0.03502991,0.03613372,320.04646438
2025-12-11 00:00:00,0.03611086,0.03613268,0.03493540,0.03499520,443.20942821
2025-12-12 00:00:00,0.03498878,0.03522513,0.03391415,0.03416652,291.29118976
2025-12-13 00:00:00,0.03419850,0.03458645,0.03415224,0.03453511,177.02613018
2025-12-14 00:00:00,0.03450930,0.03492702,0.03447000,0.03474844,129.44773288
2025-12-15 00:00:00,0.03476610,0.03528749,0.03399502,0.03430022,259.07399216
2025-12-16 00:00:00,0.03431142,0.03480000,0.03345120,0.03374855,322.23247117
2025-12-17 00:00:00,0.03370579,0.03390887,0.03271262,0.03287324,321.11993937
2025-12-18 00:00:00,0.03287012,0.03358140,0.03264111,0.03308925,467.97774652
2025-12-19 00:00:00,0.03309983,0.03406096,0.03300603,0.03380346,661.78884571
2025-12-20 00:00:00,0.03380850,0.03389768,0.03369276,0.03370088,130.19773944
2025-12-21 00:00:00,0.03371025,0.03391390,0.03360882,0.03386378,137.44981096
2025-12-22 00:00:00,0.03385206,0.03417355,0.03372317,0.03397663,275.28403433
2025-12-23 00:00:00,0.03404624,0.03411058,0.03339819,0.03392613,274.14139386
2025-12-24 00:00:00,0.03391330,0.03391770,0.03344866,0.03360622,178.38216157
2025-12-25 00:00:00,0.03360126,0.03361556,0.03325202,0.03328681,98.62129282
2025-12-26 00:00:00,0.03332046,0.03363054,0.03329996,0.03350190,198.29982931
2025-12-27 00:00:00,0.03353680,0.03364768,0.03340166,0.03356450,46.51574806
2025-12-28 00:00:00,0.03355675,0.03362422,0.03341804,0.03356934,103.58112514
2025-12-29 00:00:00,0.03355112,0.03388930,0.03335373,0.03367882,320.63634795
2025-12-30 00:00:00,0.03368520,0.03411530,0.03346957,0.03358903,232.53668126
2025-12-31 00:00:00,0.03358484,0.03398632,0.03353793,0.03390365,131.23035198
2026-01-01 00:00:00,0.03394762,0.03402522,0.03377374,0.03382270,126.86429947
2026-01-02 00:00:00,0.03381744,0.03480729,0.03380903,0.03472251,339.79934827
2026-01-03 00:00:00,0.03473104,0.03475700,0.03440943,0.03449425,88.12208774
2026-01-04 00:00:00,0.03450122,0.03460660,0.03423912,0.03439911,88.74035273
2026-01-05 00:00:00,0.03434861,0.03447400,0.03383894,0.03439310,272.77675440
2026-01-06 00:00:00,0.03432369,0.03523519,0.03424667,0.03517001,319.78981246
2026-01-07 00:00:00,0.03514696,0.03522254,0.03443590,0.03472171,230.92734323
2026-01-08 00:00:00,0.03467811,0.03478031,0.03410774,0.03410774,202.19667587
2026-01-09 00:00:00,0.03410936,0.03434534,0.03391710,0.03409236,253.21716460
2026-01-10 00:00:00,0.03407056,0.03416132,0.03402061,0.03410059,5715.23058901
2026-01-11 00:00:00,0.03410616,0.03447454,0.03410616,0.03430260,491.03381516
2026-01-12 00:00:00,0.03425576,0.03438786,0.03388224,0.03391595,262.84258752
2026-01-13 00:00:00,0.03395945,0.03499175,0.03387846,0.03487266,562.52536092
2026-01-14 00:00:00,0.03484910,0.03516037,0.03442915,0.03459177,532.88942114
2026-01-15 00:00:00,0.03454755,0.03488027,0.03414498,0.03470834,406.21377751
2026-01-16 00:00:00,0.03468984,0.03470786,0.03444838,0.03451352,147.07729832
2026-01-17 00:00:00,0.03449239,0.03484149,0.03448372,0.03470885,70.55509615
2026-01-18 00:00:00,0.03475761,0.03529000,0.03475761,0.03501848,114.34984331
2026-01-19 00:00:00,0.03505881,0.03505881,0.03433582,0.03443641,284.70581120
2026-01-20 00:00:00,0.03442945,0.03462555,0.03288528,0.03325731,588.25423666
2026-01-21 00:00:00,0.03325708,0.03394720,0.03276785,0.03325801,458.43295563
2026-01-22 00:00:00,0.03335666,0.03360375,0.03275433,0.03296597,409.00141738
2026-01-23 00:00:00,0.03297626,0.03314603,0.03262063,0.03302317,441.74443703
2026-01-24 00:00:00,0.03299467,0.03316545,0.03296068,0.03306940,164.33306181
2026-01-25 00:00:00,0.03311605,0.03325314,0.03231222,0.03249892,438.66513676
2026-01-26 00:00:00,0.03244610,0.03333779,0.03244610,0.03316409,584.35447825
2026-01-27 00:00:00,0.03314766,0.03393480,0.03302275,0.03390635,348.57837625
2026-01-28 00:00:00,0.03390755,0.03390755,0.03341478,0.03373566,125.04193838
2026-01-29 00:00:00,0.03371892,0.03383171,0.03287325,0.03333268,358.77839986
2026-01-30 00:00:00,0.03336811,0.03353009,0.03188966,0.03212530,854.75774192
2026-01-31 00:00:00,0.03212942,0.03222442,0.02957787,0.03112383,1293.29113202
2026-02-01 00:00:00,0.03111354,0.03119706,0.02928076,0.02946756,1275.50769582
2026-02-02 00:00:00,0.02950750,0.03023174,0.02881584,0.02979262,1171.56481910
2026-02-03 00:00:00,0.02972000,0.03134303,0.02866914,0.02948508,973.86540783
2026-02-04 00:00:00,0.02947290,0.02995034,0.02854883,0.02937744,873.94463269
2026-02-05 00:00:00,0.02936232,0.02986067,0.02889326,0.02898891,1083.17835139
2026-02-06 00:00:00,0.02904474,0.02977237,0.02880105,0.02923771,1037.06857478
2026-02-07 00:00:00,0.02925922,0.03030426,0.02912994,0.03017503,1193.41035687
2026-02-08 00:00:00,0.03012711,0.03023674,0.02953640,0.02974727,449.88600877
2026-02-09 00:00:00,0.02967630,0.03029000,0.02925000,0.03000077,630.75541174
2026-02-10 00:00:00,0.03000776,0.03009949,0.02900194,0.02937956,460.19720257
2026-02-11 00:00:00,0.02935568,0.02946729,0.02880000,0.02895974,526.10381164
2026-02-12 00:00:00,0.02898518,0.02945272,0.02875926,0.02939748,383.73020237
2026-02-13 00:00:00,0.02939019,0.02992500,0.02915079,0.02976118,348.68656854
2026-02-14 00:00:00,0.02975492,0.02994198,0.02964083,0.02989870,216.11153652
2026-02-15 00:00:00,0.02988263,0.02988349,0.02831660,0.02857634,488.51071872
2026-02-16 00:00:00,0.02858260,0.02920832,0.02858260,0.02905525,319.59667052
2026-02-17 00:00:00,0.02903395,0.02960000,0.02893426,0.02951891,401.95867024
2026-02-18 00:00:00,0.02950680,0.02977440,0.02923892,0.02942147,338.93558034
2026-02-19 00:00:00,0.02944604,0.02957362,0.02889000,0.02909090,252.44980372
2026-02-20 00:00:00,0.02910750,0.02915735,0.02875667,0.02894848,573.06290060
2026-02-21 00:00:00,0.02893430,0.02911109,0.02890315,0.02902812,281.27728702
2026-02-22 00:00:00,0.02903491,0.02907008,0.02877472,0.02889524,208.84218496
2026-02-23 00:00:00,0.02889480,0.02911974,0.02855737,0.02871487,412.90189965
2026-02-24 00:00:00,0.02869294,0.02899713,0.02858455,0.02890936,276.30962777
2026-02-25 00:00:00,0.02890427,0.03068213,0.02884235,0.03023571,610.54537450
2026-02-26 00:00:00,0.03026083,0.03040985,0.02967272,0.03000729,306.66567863
2026-02-27 00:00:00,0.03008295,0.03035025,0.02908128,0.02929338,290.15804779
2026-02-28 00:00:00,0.02930065,0.02943188,0.02908294,0.02931000,310.00251625
2026-03-01 00:00:00,0.02930921,0.03017292,0.02928387,0.02949923,336.03906955
2026-03-02 00:00:00,0.02946778,0.02978436,0.02927232,0.02947023,380.53820760
2026-03-03 00:00:00,0.02945302,0.02950363,0.02888137,0.02905994,189.85342217
2026-03-04 00:00:00,0.02904106,0.02967300,0.02880000,0.02925194,442.45363271
2026-03-05 00:00:00,0.02926350,0.02939409,0.02905545,0.02924148,321.25095058
2026-03-06 00:00:00,0.02920400,0.02938897,0.02879456,0.02904410,102.52448316
2026-03-07 00:00:00,0.02900869,0.02927573,0.02896139,0.02927573,114.00460864
2026-03-08 00:00:00,0.02928431,0.02934844,0.02882211,0.02933195,162.30705732
2026-03-09 00:00:00,0.02936628,0.02963533,0.02909121,0.02909121,221.53944958
2026-03-10 00:00:00,0.02923047,0.02929393,0.02897000,0.02912750,479.70590742
2026-03-11 00:00:00,0.02910779,0.02938975,0.02891158,0.02918551,452.57059304
2026-03-12 00:00:00,0.02924042,0.02966324,0.02911459,0.02940929,698.53315534
2026-03-13 00:00:00,0.02950451,0.03004824,0.02924920,0.02949030,492.37367399
2026-03-14 00:00:00,0.02948583,0.02957654,0.02928502,0.02946590,372.67076012
2026-03-15 00:00:00,0.02944360,0.03012550,0.02923826,0.02991000,497.88659051
2026-03-16 00:00:00,0.02991073,0.03185537,0.02985144,0.03141374,1405.30774505
2026-03-17 00:00:00,0.03138980,0.03166547,0.03105217,0.03135390,902.12327860
2026-03-18 00:00:00,0.03136573,0.03147034,0.03049294,0.03093298,503.73204828
2026-03-19 00:00:00,0.03093070,0.03119144,0.03036229,0.03058215,744.96794049
2026-03-20 00:00:00,0.03059046,0.03059737,0.03025473,0.03045510,300.00508023
2026-03-21 00:00:00,0.03044399,0.03063409,0.03019562,0.03026325,248.40215600
2026-03-22 00:00:00,0.03003726,0.03059528,0.03003726,0.03024706,252.51070063
2026-03-23 00:00:00,0.03027036,0.03075353,0.02985976,0.03040755,639.94654946
2026-03-24 00:00:00,0.03033717,0.03068953,0.03023615,0.03051584,377.78446297
2026-03-25 00:00:00,0.03056964,0.03067422,0.03039786,0.03039786,97.04095352
2026-03-26 00:00:00,0.03040032,0.03041807,0.02978178,0.02993261,355.44912504
2026-03-27 00:00:00,0.02999893,0.03023860,0.02980584,0.03002344,234.94833932
2026-03-28 00:00:00,0.02999776,0.03041715,0.02999105,0.03005097,234.97833647
2026-03-29 00:00:00,0.03004410,0.03013203,0.02985670,0.03005169,92.41948576
2026-03-30 00:00:00,0.03008852,0.03069543,0.03008852,0.03034277,1361.61385920
2026-03-31 00:00:00,0.03030830,0.03111178,0.03030830,0.03083399,861.85146760
2026-04-01 00:00:00,0.03087399,0.03156673,0.03078999,0.03143388,230.92109335
2026-04-02 00:00:00,0.03137671,0.03144806,0.03059125,0.03074992,316.92734706
2026-04-03 00:00:00,0.03075420,0.03092676,0.03062283,0.03066932,67.90776132
2026-04-04 00:00:00,0.03066936,0.03079222,0.03050035,0.03065574,80.05619581
2026-04-05 00:00:00,0.03069236,0.03069626,0.03032100,0.03061255,121.80409862
2026-04-06 00:00:00,0.03057353,0.03108273,0.03055495,0.03060939,258.40274211
2026-04-07 00:00:00,0.03066741,0.03126790,0.03038973,0.03124601,162.77437910
2026-04-08 00:00:00,0.03120099,0.03145986,0.03076569,0.03078857,170.54719183
2026-04-09 00:00:00,0.03085549,0.03085549,0.03050458,0.03050479,153.13949325
2026-04-10 00:00:00,0.03047009,0.03086310,0.03038527,0.03077667,229.18281283
2026-04-11 00:00:00,0.03077068,0.03157459,0.03069134,0.03127266,146.56944260
2026-04-12 00:00:00,0.03129950,0.03132031,0.03080149,0.03097264,129.07136705
2026-04-13 00:00:00,0.03092235,0.03198424,0.03068577,0.03184609,334.21208113
2026-04-14 00:00:00,0.03184888,0.03203029,0.03114780,0.03132533,405.43389757
2026-04-15 00:00:00,0.03130107,0.03176220,0.03125646,0.03149926,189.16511967
2026-04-16 00:00:00,0.03156002,0.03156002,0.03113607,0.03133471,171.85204643
2026-04-17 00:00:00,0.03126729,0.03156490,0.03106610,0.03139177,272.68717147
2026-04-18 00:00:00,0.03135846,0.03139381,0.03091340,0.03104961,72.53503928
2026-04-19 00:00:00,0.03104062,0.03107459,0.03045736,0.03066638,129.29026922
2026-04-20 00:00:00,0.03064385,0.03084639,0.03050398,0.03050484,495.02052417
2026-04-21 00:00:00,0.03051479,0.03073296,0.03029971,0.03048626,190.87268099
2026-04-22 00:00:00,0.03041434,0.03083084,0.03029933,0.03038938,431.28892789
2026-04-23 00:00:00,0.03030599,0.03031173,0.02966001,0.02977690,320.07296654
2026-04-24 00:00:00,0.02977689,0.02992264,0.02963988,0.02989776,191.14196089
2026-04-25 00:00:00,0.02989674,0.02991414,0.02978953,0.02987060,60.76504774
2026-04-26 00:00:00,0.02986387,0.03028050,0.02981446,0.03008404,142.51248222
2026-04-27 00:00:00,0.03010950,0.03025089,0.02959909,0.02978808,78.08244073
2026-04-28 00:00:00,0.02980092,0.03018810,0.02965414,0.02997599,404.57212104
2026-04-29 00:00:00,0.02998450,0.03021208,0.02952903,0.02971720,1496.91217774
2026-04-30 00:00:00,0.02973300,0.02980589,0.02952754,0.02956758,347.28225677
2026-05-01 00:00:00,0.02956820,0.02964969,0.02929853,0.02934767,300.23527739
2026-05-02 00:00:00,0.02934186,0.02959240,0.02932151,0.02945143,92.38254025
2026-05-03 00:00:00,0.02940954,0.02964872,0.02940954,0.02955921,82.91506892
2026-05-04 00:00:00,0.02955054,0.02977213,0.02934057,0.02939963,108.18984836
2026-05-05 00:00:00,0.02941449,0.02947893,0.02822432,0.02918379,353.74735240
2026-05-06 00:00:00,0.02917619,0.02947031,0.02879515,0.02885882,178.18472943
2026-05-07 00:00:00,0.02886931,0.02893290,0.02860485,0.02862413,169.58906000
2026-05-08 00:00:00,0.02863168,0.02897023,0.02840000,0.02878453,323.98746412
2026-05-09 00:00:00,0.02880352,0.02886871,0.02824045,0.02884948,91.55166732
2026-05-10 00:00:00,0.02884360,0.02908792,0.02871925,0.02883285,131.19325743
2026-05-11 00:00:00,0.02883593,0.02894888,0.02852304,0.02863574,136.09399488
2026-05-12 00:00:00,0.02863016,0.02863016,0.02814602,0.02826861,268.09620489
2026-05-13 00:00:00,0.02826122,0.02862771,0.02826002,0.02847874,250.63773745
2026-05-14 00:00:00,0.02847874,0.02850677,0.02814847,0.02815800,307.29234208
2026-05-15 00:00:00,0.02816807,0.02817060,0.02787625,0.02811975,197.10655954
2026-05-16 00:00:00,0.02811713,0.02818120,0.02779084,0.02788458,118.07693721
2026-05-17 00:00:00,0.02794045,0.02802166,0.02729580,0.02747350,73.70358797
2026-05-18 00:00:00,0.02752701,0.02775086,0.02729366,0.02767349,237.17656331
2026-05-19 00:00:00,0.02765780,0.02777076,0.02745752,0.02749024,261.82576695
2026-05-20 00:00:00,0.02748692,0.02766333,0.02743630,0.02745065,151.54030572
2026-05-21 00:00:00,0.02747967,0.02764270,0.02733943,0.02745172,99.91287030
2026-05-22 00:00:00,0.02751303,0.02762563,0.02721051,0.02734751,171.89028547
2026-05-23 00:00:00,0.02738572,0.02778950,0.02704496,0.02762289,339.70937186
2026-05-24 00:00:00,0.02760888,0.02764762,0.02713262,0.02726161,159.02412392
2026-05-25 00:00:00,0.02724446,0.02751268,0.02718081,0.02727890,169.61651862
2026-05-26 00:00:00,0.02732567,0.02755530,0.02711564,0.02731460,257.80227265
2026-05-27 00:00:00,0.02735489,0.02754919,0.02713051,0.02718681,360.32036167
2026-05-28 00:00:00,0.02718519,0.02752002,0.02680280,0.02728833,855.63170702
2026-05-29 00:00:00,0.02729544,0.02757186,0.02723306,0.02740004,348.10950262
2026-05-30 00:00:00,0.02741993,0.02745155,0.02735894,0.02738331,147.29086569
2026-05-31 00:00:00,0.02736922,0.02746227,0.02716251,0.02720839,117.13975086
2026-06-01 00:00:00,0.02727094,0.02811703,0.02713323,0.02804658,269.07504336
2026-06-02 00:00:00,0.02809719,0.02872536,0.02777056,0.02784140,1374.23678279
2026-06-03 00:00:00,0.02787220,0.02827548,0.02735203,0.02827548,931.69445517
2026-06-04 00:00:00,0.02825865,0.02838092,0.02767405,0.02771752,580.68018997
2026-06-05 00:00:00,0.02771753,0.02774886,0.02578507,0.02594172,1893.06360019
2026-06-06 00:00:00,0.02604273,0.02605216,0.02527046,0.02576518,442.98119795
2026-06-07 00:00:00,0.02579133,0.02681933,0.02576337,0.02662459,305.78743736
2026-06-08 00:00:00,0.02668367,0.02690224,0.02626224,0.02680156,282.37565929
2026-06-09 00:00:00,0.02672633,0.02682133,0.02650178,0.02657134,268.45792671
2026-06-10 00:00:00,0.02657844,0.02671423,0.02622138,0.02637202,415.31451087
2026-06-11 00:00:00,0.02637277,0.02660325,0.02614101,0.02632424,349.34380685
2026-06-12 00:00:00,0.02631758,0.02637877,0.02612889,0.02620167,152.26616244
2026-06-13 00:00:00,0.02620293,0.02630317,0.02603327,0.02606630,284.97471640
2026-06-14 00:00:00,0.02608360,0.02641965,0.02590143,0.02633023,212.69359494
2026-06-15 00:00:00,0.02624786,0.02746129,0.02610962,0.02703774,484.01170576
2026-06-16 00:00:00,0.02707807,0.02748304,0.02664223,0.02729826,235.86574361
2026-06-17 00:00:00,0.02731074,0.02733829,0.02688494,0.02713150,138.92973144
2026-06-18 00:00:00,0.02713451,0.02730011,0.02677690,0.02718347,253.75836726
2026-06-19 00:00:00,0.02721058,0.02722471,0.02692972,0.02694001,150.86972909
2026-06-20 00:00:00,0.02691656,0.02721214,0.02688294,0.02708646,115.78514838
2026-06-21 00:00:00,0.02703853,0.02705842,0.02682076,0.02695582,122.42382570
2026-06-22 00:00:00,0.02697260,0.02737773,0.02684880,0.02698919,206.63521204
2026-06-23 00:00:00,0.02699187,0.02702755,0.02631643,0.02656722,209.14429638
2026-06-24 00:00:00,0.02658142,0.02701665,0.02627110,0.02655932,292.19943926
2026-06-25 00:00:00,0.02657256,0.02683316,0.02619560,0.02619560,187.06264808
2026-06-26 00:00:00,0.02624084,0.02640808,0.02587414,0.02627230,318.27328887
2026-06-27 00:00:00,0.02627991,0.02643006,0.02616757,0.02621209,76.67590132
2026-06-28 00:00:00,0.02621047,0.02641791,0.02612648,0.02637039,92.65503004
2026-06-29 00:00:00,0.02636957,0.02697462,0.02622780,0.02677561,99.42906243
2026-06-30 00:00:00,0.02678670,0.02694094,0.02652867,0.02680319,71.72546629
2026-07-01 00:00:00,0.02682091,0.02698496,0.02676015,0.02679213,89.97776228
2026-07-02 00:00:00,0.02680377,0.02773487,0.02676761,0.02760582,171.43979000
2026-07-03 00:00:00,0.02771277,0.02820000,0.02766506,0.02809754,141.03957035
2026-07-04 00:00:00,0.02803196,0.02857288,0.02796325,0.02818213,65.09471696
2026-07-05 00:00:00,0.02817956,0.02843859,0.02803449,0.02808867,49.50779626
2026-07-06 00:00:00,0.02806102,0.02829851,0.02803228,0.02809638,87.49224793
2026-07-07 00:00:00,0.02811125,0.02819787,0.02792843,0.02794118,62.87173830
2026-07-08 00:00:00,0.02794280,0.02809022,0.02779452,0.02799235,83.22327294
2026-07-09 00:00:00,0.02798972,0.02801180,0.02760944,0.02761241,86.32399370
2026-07-10 00:00:00,0.02761039,0.02806561,0.02761039,0.02799819,93.65619202
2026-07-11 00:00:00,0.02799733,0.02841669,0.02795624,0.02807477,68.74757727
2026-07-12 00:00:00,0.02800093,0.02840825,0.02799933,0.02832730,52.62566069
2026-07-13 00:00:00,0.02852540,0.02857473,0.02825060,0.02843841,68.97464569
2026-07-14 00:00:00,0.02849927,0.02938101,0.02845150,0.02910473,123.86226708
2026-07-15 00:00:00,0.02908513,0.02967930,0.02890047,0.02963208,262.82977309
2026-07-16 00:00:00,0.02967841,0.02977995,0.02907712,0.02918641,86.80988830
2026-07-17 00:00:00,0.02921666,0.02922725,0.02869277,0.02880426,89.39125913
2026-07-18 00:00:00,0.02880014,0.02889054,0.02868884,0.02872279,68.91947323
2026-07-19 00:00:00,0.02872342,0.02909834,0.02869909,0.02890295,61.10378025
2026-07-20 00:00:00,0.02896577,0.02917937,0.02889607,0.02910872,36.00765776
2026-07-21 00:00:00,0.02924503,0.02942573,0.02892662,0.02899588,38.84935506
2026-07-22 00:00:00,0.02912448,0.02954401,0.02906435,0.02929142,61.87703697
2026-07-23 00:00:00,0.02924723,0.02937866,0.02885283,0.02891180,48.21113713
2026-07-24 00:00:00,0.02888035,0.02914651,0.02872832,0.02900985,124.82114736
2026-07-25 00:00:00,0.02903491,0.02915513,0.02898902,0.02912590,37.97369593
2026-07-26 00:00:00,0.02914328,0.02992628,0.02914328,0.02989370,58.30528813
2026-07-27 00:00:00,0.02989762,0.03015959,0.02965538,0.02965538,102.84488633
2026-07-28 00:00:00,0.02961956,0.03009880,0.02955805,0.03006379,91.84599449
2026-07-29 00:00:00,0.03002703,0.03002703,0.02951922,0.02982660,73.04433892
2026-07-30 00:00:00,0.02986252,0.02990726,0.02959601,0.02969063,64.66805214
2026-07-31 00:00:00,0.02961048,0.02982944,0.02945481,0.02961977,127.36162986
2026-08-01 00:00:00,0.02963547,0.02973138,0.02927386,0.02938936,48.68150316
2026-08-02 00:00:00,0.02936879,0.02979741,0.02936879,0.02965955,52.62754440
2026-08-03 00:00:00,0.02964571,0.02964571,0.02921381,0.02924871,84.39294614
2026-08-04 00:00:00,0.02930606,0.02938360,0.02913258,0.02919025,61.47601384
2026-08-05 00:00:00,0.02919147,0.02967279,0.02906372,0.02953532,143.07864567
2026-08-06 00:00:00,0.02953117,0.02963269,0.02939712,0.02958945,67.13989931
2026-08-07 00:00:00,0.02958859,0.02969583,0.02943343,0.02949526,99.24230715
2026-08-08 00:00:00,0.02947978,0.02957385,0.02946718,0.02952964,29.41367250
2026-08-09 00:00:00,0.02951736,0.02962423,0.02943847,0.02943847,50.86177532
2026-08-10 00:00:00,0.02944324,0.02955721,0.02905735,0.02928730,110.51052892
2026-08-11 00:00:00,0.02931754,0.02962378,0.02925308,0.02957737,76.80413451
2026-08-12 00:00:00,0.02957267,0.02985206,0.02952798,0.02962719,112.00024280
2026-08-13 00:00:00,0.02960996,0.02979244,0.02955899,0.02973320,57.29852988
2026-08-14 00:00:00,0.02971890,0.02990075,0.02970314,0.02984821,76.62190992
2026-08-15 00:00:00,0.02986809,0.02988720,0.02947140,0.02982212,273.33302273
2026-08-16 00:00:00,0.02984666,0.02988051,0.02977224,0.02982534,139.74454648
2026-08-17 00:00:00,0.02982364,0.03004064,0.02959348,0.02964683,408.44521760
2026-08-18 00:00:00,0.02964701,0.02966441,0.02946273,0.02962964,71.46880773
2026-08-19 00:00:00,0.02966951,0.03065000,0.02960889,0.03048673,273.89802451
