date,close
2011-08-05,2532.409912109375
2011-08-08,2357.68994140625
2011-08-09,2482.52001953125
2011-08-10,2381.050048828125
2011-08-11,2492.679931640625
2011-08-12,2507.97998046875
2011-08-15,2555.199951171875
2011-08-16,2523.449951171875
2011-08-17,2511.47998046875
2011-08-18,2380.429931640625
2011-08-19,2341.840087890625
2011-08-22,2345.3798828125
2011-08-23,2446.06005859375
2011-08-24,2467.68994140625
2011-08-25,2419.6298828125
2011-08-26,2479.85009765625
2011-08-29,2562.110107421875
2011-08-30,2576.110107421875
2011-08-31,2579.4599609375
2011-09-01,2546.0400390625
2011-09-02,2480.330078125
2011-09-06,2473.830078125
2011-09-07,2548.93994140625
2011-09-08,2529.139892578125
2011-09-09,2467.989990234375
2011-09-12,2495.090087890625
2011-09-13,2532.14990234375
2011-09-14,2572.550048828125
2011-09-15,2607.070068359375
2011-09-16,2622.31005859375
2011-09-19,2612.830078125
2011-09-20,2590.239990234375
2011-09-21,2538.18994140625
2011-09-22,2455.669921875
2011-09-23,2483.22998046875
2011-09-26,2516.68994140625
2011-09-27,2546.830078125
2011-09-28,2491.580078125
2011-09-29,2480.760009765625
2011-09-30,2415.39990234375
2011-10-03,2335.830078125
2011-10-04,2404.820068359375
2011-10-05,2460.510009765625
2011-10-06,2506.820068359375
2011-10-07,2479.35009765625
2011-10-10,2566.050048828125
2011-10-11,2583.030029296875
2011-10-12,2604.72998046875
2011-10-13,2620.239990234375
2011-10-14,2667.85009765625
2011-10-17,2614.919921875
2011-10-18,2657.429931640625
2011-10-19,2604.0400390625
2011-10-20,2598.6201171875
2011-10-21,2637.4599609375
2011-10-24,2699.43994140625
2011-10-25,2638.419921875
2011-10-26,2650.669921875
2011-10-27,2738.6298828125
2011-10-28,2737.14990234375
2011-10-31,2684.409912109375
2011-11-01,2606.9599609375
2011-11-02,2639.97998046875
2011-11-03,2697.969970703125
2011-11-04,2686.14990234375
2011-11-07,2695.25
2011-11-08,2727.489990234375
2011-11-09,2621.64990234375
2011-11-10,2625.14990234375
2011-11-11,2678.75
2011-11-14,2657.219970703125
2011-11-15,2686.199951171875
2011-11-16,2639.610107421875
2011-11-17,2587.989990234375
2011-11-18,2572.5
2011-11-21,2523.139892578125
2011-11-22,2521.280029296875
2011-11-23,2460.080078125
2011-11-25,2441.510009765625
2011-11-28,2527.340087890625
2011-11-29,2515.510009765625
2011-11-30,2620.340087890625
2011-12-01,2626.199951171875
2011-12-02,2626.929931640625
2011-12-05,2655.760009765625
2011-12-06,2649.56005859375
2011-12-07,2649.2099609375
2011-12-08,2596.3798828125
2011-12-09,2646.85009765625
2011-12-12,2612.260009765625
2011-12-13,2579.27001953125
2011-12-14,2539.31005859375
2011-12-15,2541.010009765625
2011-12-16,2555.330078125
2011-12-19,2523.139892578125
2011-12-20,2603.72998046875
2011-12-21,2577.969970703125
2011-12-22,2599.449951171875
2011-12-23,2618.639892578125
2011-12-27,2625.199951171875
2011-12-28,2589.97998046875
2011-12-29,2613.739990234375
2011-12-30,2605.14990234375
2012-01-03,2648.719970703125
2012-01-04,2648.360107421875
2012-01-05,2669.860107421875
2012-01-06,2674.219970703125
2012-01-09,2676.56005859375
2012-01-10,2702.5
2012-01-11,2710.760009765625
2012-01-12,2724.699951171875
2012-01-13,2710.669921875
2012-01-17,2728.080078125
2012-01-18,2769.7099609375
2012-01-19,2788.330078125
2012-01-20,2786.699951171875
2012-01-23,2784.169921875
2012-01-24,2786.639892578125
2012-01-25,2818.31005859375
2012-01-26,2805.280029296875
2012-01-27,2816.550048828125
2012-01-30,2811.93994140625
2012-01-31,2813.840087890625
2012-02-01,2848.27001953125
2012-02-02,2859.679931640625
2012-02-03,2905.659912109375
2012-02-06,2901.989990234375
2012-02-07,2904.080078125
2012-02-08,2915.860107421875
2012-02-09,2927.22998046875
2012-02-10,2903.8798828125
2012-02-13,2931.389892578125
2012-02-14,2931.830078125
2012-02-15,2915.830078125
2012-02-16,2959.85009765625
2012-02-17,2951.780029296875
2012-02-21,2948.570068359375
2012-02-22,2933.169921875
2012-02-23,2956.97998046875
2012-02-24,2963.75
2012-02-27,2966.159912109375
2012-02-28,2986.760009765625
2012-02-29,2966.889892578125
2012-03-01,2988.969970703125
2012-03-02,2976.18994140625
2012-03-05,2950.47998046875
2012-03-06,2910.320068359375
2012-03-07,2935.68994140625
2012-03-08,2970.419921875
2012-03-09,2988.340087890625
2012-03-12,2983.659912109375
2012-03-13,3039.8798828125
2012-03-14,3040.72998046875
2012-03-15,3056.3701171875
2012-03-16,3055.260009765625
2012-03-19,3078.320068359375
2012-03-20,3074.14990234375
2012-03-21,3075.320068359375
2012-03-22,3063.320068359375
2012-03-23,3067.919921875
2012-03-26,3122.570068359375
2012-03-27,3120.35009765625
2012-03-28,3104.9599609375
2012-03-29,3095.360107421875
2012-03-30,3091.570068359375
2012-04-02,3119.699951171875
2012-04-03,3113.570068359375
2012-04-04,3068.090087890625
2012-04-05,3080.5
2012-04-09,3047.080078125
2012-04-10,2991.219970703125
2012-04-11,3016.4599609375
2012-04-12,3055.550048828125
2012-04-13,3011.330078125
2012-04-16,2988.39990234375
2012-04-17,3042.820068359375
2012-04-18,3031.449951171875
2012-04-19,3007.56005859375
2012-04-20,3000.449951171875
2012-04-23,2970.449951171875
2012-04-24,2961.60009765625
2012-04-25,3029.6298828125
2012-04-26,3050.610107421875
2012-04-27,3069.199951171875
2012-04-30,3046.360107421875
2012-05-01,3050.43994140625
2012-05-02,3059.85009765625
2012-05-03,3024.300048828125
2012-05-04,2956.340087890625
2012-05-07,2957.760009765625
2012-05-08,2946.27001953125
2012-05-09,2934.7099609375
2012-05-10,2933.639892578125
2012-05-11,2933.820068359375
2012-05-14,2902.580078125
2012-05-15,2893.760009765625
2012-05-16,2874.0400390625
2012-05-17,2813.68994140625
2012-05-18,2778.7900390625
2012-05-21,2847.2099609375
2012-05-22,2839.080078125
2012-05-23,2850.1201171875
2012-05-24,2839.3798828125
2012-05-25,2837.530029296875
2012-05-29,2870.989990234375
2012-05-30,2837.360107421875
2012-05-31,2827.340087890625
2012-06-01,2747.47998046875
2012-06-04,2760.010009765625
2012-06-05,2778.110107421875
2012-06-06,2844.719970703125
2012-06-07,2831.02001953125
2012-06-08,2858.419921875
2012-06-11,2809.72998046875
2012-06-12,2843.070068359375
2012-06-13,2818.610107421875
2012-06-14,2836.330078125
2012-06-15,2872.800048828125
2012-06-18,2895.330078125
2012-06-19,2929.760009765625
2012-06-20,2930.449951171875
2012-06-21,2859.090087890625
2012-06-22,2892.419921875
2012-06-25,2836.159912109375
2012-06-26,2854.06005859375
2012-06-27,2875.320068359375
2012-06-28,2849.489990234375
2012-06-29,2935.050048828125
2012-07-02,2951.22998046875
2012-07-03,2976.080078125
2012-07-05,2976.1201171875
2012-07-06,2937.330078125
2012-07-09,2931.77001953125
2012-07-10,2902.330078125
2012-07-11,2887.97998046875
2012-07-12,2866.18994140625
2012-07-13,2908.469970703125
2012-07-16,2896.93994140625
2012-07-17,2910.0400390625
2012-07-18,2942.60009765625
2012-07-19,2965.89990234375
2012-07-20,2925.300048828125
2012-07-23,2890.14990234375
2012-07-24,2862.989990234375
2012-07-25,2854.239990234375
2012-07-26,2893.25
2012-07-27,2958.090087890625
2012-07-30,2945.840087890625
2012-07-31,2939.52001953125
2012-08-01,2920.2099609375
2012-08-02,2909.77001953125
2012-08-03,2967.89990234375
2012-08-06,2989.909912109375
2012-08-07,3015.860107421875
2012-08-08,3011.25
2012-08-09,3018.639892578125
2012-08-10,3020.860107421875
2012-08-13,3022.52001953125
2012-08-14,3016.97998046875
2012-08-15,3030.929931640625
2012-08-16,3062.389892578125
2012-08-17,3076.590087890625
2012-08-20,3076.2099609375
2012-08-21,3067.260009765625
2012-08-22,3073.669921875
2012-08-23,3053.39990234375
2012-08-24,3069.7900390625
2012-08-27,3073.18994140625
2012-08-28,3077.139892578125
2012-08-29,3081.18994140625
2012-08-30,3048.7099609375
2012-08-31,3066.9599609375
2012-09-04,3075.06005859375
2012-09-05,3069.27001953125
2012-09-06,3135.81005859375
2012-09-07,3136.419921875
2012-09-10,3104.02001953125
2012-09-11,3104.530029296875
2012-09-12,3114.31005859375
2012-09-13,3155.830078125
2012-09-14,3183.949951171875
2012-09-17,3178.669921875
2012-09-18,3177.800048828125
2012-09-19,3182.6201171875
2012-09-20,3175.9599609375
2012-09-21,3179.9599609375
2012-09-24,3160.780029296875
2012-09-25,3117.72998046875
2012-09-26,3093.699951171875
2012-09-27,3136.60009765625
2012-09-28,3116.22998046875
2012-10-01,3113.530029296875
2012-10-02,3120.0400390625
2012-10-03,3135.22998046875
2012-10-04,3149.4599609375
2012-10-05,3136.18994140625
2012-10-08,3112.35009765625
2012-10-09,3065.02001953125
2012-10-10,3051.780029296875
2012-10-11,3049.409912109375
2012-10-12,3044.110107421875
2012-10-15,3064.179931640625
2012-10-16,3101.169921875
2012-10-17,3104.1201171875
2012-10-18,3072.8701171875
2012-10-19,3005.6201171875
2012-10-22,3016.9599609375
2012-10-23,2990.4599609375
2012-10-24,2981.699951171875
2012-10-25,2986.1201171875
2012-10-26,2987.949951171875
2012-10-31,2977.22998046875
2012-11-01,3020.06005859375
2012-11-02,2982.1298828125
2012-11-05,2999.659912109375
2012-11-06,3011.929931640625
2012-11-07,2937.2900390625
2012-11-08,2895.580078125
2012-11-09,2904.8701171875
2012-11-12,2904.25
2012-11-13,2883.889892578125
2012-11-14,2846.81005859375
2012-11-15,2836.93994140625
2012-11-16,2853.1298828125
2012-11-19,2916.070068359375
2012-11-20,2916.679931640625
2012-11-21,2926.550048828125
2012-11-23,2966.85009765625
2012-11-26,2976.780029296875
2012-11-27,2967.7900390625
2012-11-28,2991.780029296875
2012-11-29,3012.030029296875
2012-11-30,3010.239990234375
2012-12-03,3002.199951171875
2012-12-04,2996.68994140625
2012-12-05,2973.699951171875
2012-12-06,2989.27001953125
2012-12-07,2978.0400390625
2012-12-10,2986.9599609375
2012-12-11,3022.300048828125
2012-12-12,3013.81005859375
2012-12-13,2992.159912109375
2012-12-14,2971.330078125
2012-12-17,3010.60009765625
2012-12-18,3054.530029296875
2012-12-19,3044.360107421875
2012-12-20,3050.389892578125
2012-12-21,3021.010009765625
2012-12-24,3012.60009765625
2012-12-26,2990.159912109375
2012-12-27,2985.909912109375
2012-12-28,2960.31005859375
2012-12-31,3019.510009765625
2013-01-02,3112.260009765625
2013-01-03,3100.570068359375
2013-01-04,3101.659912109375
2013-01-07,3098.81005859375
2013-01-08,3091.81005859375
2013-01-09,3105.81005859375
2013-01-10,3121.760009765625
2013-01-11,3125.6298828125
2013-01-14,3117.5
2013-01-15,3110.780029296875
2013-01-16,3117.5400390625
2013-01-17,3136.0
2013-01-18,3134.7099609375
2013-01-22,3143.179931640625
2013-01-23,3153.669921875
2013-01-24,3130.3798828125
2013-01-25,3149.7099609375
2013-01-28,3154.300048828125
2013-01-29,3153.659912109375
2013-01-30,3142.31005859375
2013-01-31,3142.1298828125
2013-02-01,3179.10009765625
2013-02-04,3131.169921875
2013-02-05,3171.580078125
2013-02-06,3168.47998046875
2013-02-07,3165.1298828125
2013-02-08,3193.8701171875
2013-02-11,3192.0
2013-02-12,3186.489990234375
2013-02-13,3196.8798828125
2013-02-14,3198.659912109375
2013-02-15,3192.030029296875
2013-02-19,3213.590087890625
2013-02-20,3164.409912109375
2013-02-21,3131.489990234375
2013-02-22,3161.820068359375
2013-02-25,3116.25
2013-02-26,3129.64990234375
2013-02-27,3162.260009765625
2013-02-28,3160.18994140625
2013-03-01,3169.739990234375
2013-03-04,3182.030029296875
2013-03-05,3224.1298828125
2013-03-06,3222.3701171875
2013-03-07,3232.090087890625
2013-03-08,3244.3701171875
2013-03-11,3252.8701171875
2013-03-12,3242.320068359375
2013-03-13,3245.1201171875
2013-03-14,3258.929931640625
2013-03-15,3249.070068359375
2013-03-18,3237.590087890625
2013-03-19,3229.10009765625
2013-03-20,3254.18994140625
2013-03-21,3222.60009765625
2013-03-22,3245.0
2013-03-25,3235.300048828125
2013-03-26,3252.47998046875
2013-03-27,3256.52001953125
2013-03-28,3267.52001953125
2013-04-01,3239.169921875
2013-04-02,3254.860107421875
2013-04-03,3218.60009765625
2013-04-04,3224.97998046875
2013-04-05,3203.860107421875
2013-04-08,3222.25
2013-04-09,3237.860107421875
2013-04-10,3297.25
2013-04-11,3300.159912109375
2013-04-12,3294.949951171875
2013-04-15,3216.489990234375
2013-04-16,3264.6298828125
2013-04-17,3204.669921875
2013-04-18,3166.360107421875
2013-04-19,3206.06005859375
2013-04-22,3233.550048828125
2013-04-23,3269.330078125
2013-04-24,3269.64990234375
2013-04-25,3289.989990234375
2013-04-26,3279.260009765625
2013-04-29,3307.02001953125
2013-04-30,3328.7900390625
2013-05-01,3299.1298828125
2013-05-02,3340.6201171875
2013-05-03,3378.6298828125
2013-05-06,3392.969970703125
2013-05-07,3396.6298828125
2013-05-08,3413.27001953125
2013-05-09,3409.169921875
2013-05-10,3436.580078125
2013-05-13,3438.7900390625
2013-05-14,3462.610107421875
2013-05-15,3471.6201171875
2013-05-16,3465.239990234375
2013-05-17,3498.969970703125
2013-05-20,3496.429931640625
2013-05-21,3502.1201171875
2013-05-22,3463.300048828125
2013-05-23,3459.419921875
2013-05-24,3459.139892578125
2013-05-28,3488.889892578125
2013-05-29,3467.52001953125
2013-05-30,3491.300048828125
2013-05-31,3455.909912109375
2013-06-03,3465.3701171875
2013-06-04,3445.260009765625
2013-06-05,3401.47998046875
2013-06-06,3424.050048828125
2013-06-07,3469.219970703125
2013-06-10,3473.77001953125
2013-06-11,3436.949951171875
2013-06-12,3400.429931640625
2013-06-13,3445.360107421875
2013-06-14,3423.56005859375
2013-06-17,3452.1298828125
2013-06-18,3482.179931640625
2013-06-19,3443.199951171875
2013-06-20,3364.639892578125
2013-06-21,3357.25
2013-06-24,3320.760009765625
2013-06-25,3347.889892578125
2013-06-26,3376.219970703125
2013-06-27,3401.860107421875
2013-06-28,3403.25
2013-07-01,3434.489990234375
2013-07-02,3433.39990234375
2013-07-03,3443.669921875
2013-07-05,3479.3798828125
2013-07-08,3484.830078125
2013-07-09,3504.260009765625
2013-07-10,3520.760009765625
2013-07-11,3578.300048828125
2013-07-12,3600.080078125
2013-07-15,3607.489990234375
2013-07-16,3598.5
2013-07-17,3610.0
2013-07-18,3611.280029296875
2013-07-19,3587.610107421875
2013-07-22,3600.389892578125
2013-07-23,3579.27001953125
2013-07-24,3579.60009765625
2013-07-25,3605.18994140625
2013-07-26,3613.159912109375
2013-07-29,3599.139892578125
2013-07-30,3616.469970703125
2013-07-31,3626.3701171875
2013-08-01,3675.739990234375
2013-08-02,3689.590087890625
2013-08-05,3692.949951171875
2013-08-06,3665.77001953125
2013-08-07,3654.010009765625
2013-08-08,3669.1201171875
2013-08-09,3660.110107421875
2013-08-12,3669.949951171875
2013-08-13,3684.43994140625
2013-08-14,3669.27001953125
2013-08-15,3606.1201171875
2013-08-16,3602.780029296875
2013-08-19,3589.090087890625
2013-08-20,3613.590087890625
2013-08-21,3599.7900390625
2013-08-22,3638.7099609375
2013-08-23,3657.7900390625
2013-08-26,3657.570068359375
2013-08-27,3578.52001953125
2013-08-28,3593.35009765625
2013-08-29,3620.300048828125
2013-08-30,3589.8701171875
2013-09-03,3612.610107421875
2013-09-04,3649.0400390625
2013-09-05,3658.780029296875
2013-09-06,3660.010009765625
2013-09-09,3706.179931640625
2013-09-10,3729.02001953125
2013-09-11,3725.010009765625
2013-09-12,3715.969970703125
2013-09-13,3722.179931640625
2013-09-16,3717.85009765625
2013-09-17,3745.699951171875
2013-09-18,3783.639892578125
2013-09-19,3789.3798828125
2013-09-20,3774.72998046875
2013-09-23,3765.2900390625
2013-09-24,3768.25
2013-09-25,3761.10009765625
2013-09-26,3787.429931640625
2013-09-27,3781.590087890625
2013-09-30,3771.47998046875
2013-10-01,3817.97998046875
2013-10-02,3815.02001953125
2013-10-03,3774.340087890625
2013-10-04,3807.75
2013-10-07,3770.3798828125
2013-10-08,3694.830078125
2013-10-09,3677.780029296875
2013-10-10,3760.75
2013-10-11,3791.8701171875
2013-10-14,3815.280029296875
2013-10-15,3794.010009765625
2013-10-16,3839.429931640625
2013-10-17,3863.14990234375
2013-10-18,3914.280029296875
2013-10-21,3920.050048828125
2013-10-22,3929.570068359375
2013-10-23,3907.070068359375
2013-10-24,3928.9599609375
2013-10-25,3943.360107421875
2013-10-28,3940.1298828125
2013-10-29,3952.340087890625
2013-10-30,3930.6201171875
2013-10-31,3919.7099609375
2013-11-01,3922.0400390625
2013-11-04,3936.590087890625
2013-11-05,3939.860107421875
2013-11-06,3931.949951171875
2013-11-07,3857.330078125
2013-11-08,3919.22998046875
2013-11-11,3919.7900390625
2013-11-12,3919.919921875
2013-11-13,3965.580078125
2013-11-14,3972.739990234375
2013-11-15,3985.969970703125
2013-11-18,3949.070068359375
2013-11-19,3931.550048828125
2013-11-20,3921.27001953125
2013-11-21,3969.159912109375
2013-11-22,3991.64990234375
2013-11-25,3994.570068359375
2013-11-26,4017.75
2013-11-27,4044.75
2013-11-29,4059.889892578125
2013-12-02,4045.260009765625
2013-12-03,4037.199951171875
2013-12-04,4038.0
2013-12-05,4033.169921875
2013-12-06,4062.52001953125
2013-12-09,4068.75
2013-12-10,4060.489990234375
2013-12-11,4003.81005859375
2013-12-12,3998.39990234375
2013-12-13,4000.97998046875
2013-12-16,4029.52001953125
2013-12-17,4023.679931640625
2013-12-18,4070.06005859375
2013-12-19,4058.139892578125
2013-12-20,4104.740234375
2013-12-23,4148.89990234375
2013-12-24,4155.419921875
2013-12-26,4167.18017578125
2013-12-27,4156.58984375
2013-12-30,4154.2001953125
2013-12-31,4176.58984375
2014-01-02,4143.06982421875
2014-01-03,4131.91015625
2014-01-06,4113.68017578125
2014-01-07,4153.18017578125
2014-01-08,4165.60986328125
2014-01-09,4156.18994140625
2014-01-10,4174.669921875
2014-01-13,4113.2998046875
2014-01-14,4183.02001953125
2014-01-15,4214.8798828125
2014-01-16,4218.68994140625
2014-01-17,4197.580078125
2014-01-21,4225.759765625
2014-01-22,4243.0
2014-01-23,4218.8798828125
2014-01-24,4128.169921875
2014-01-27,4083.610107421875
2014-01-28,4097.9599609375
2014-01-29,4051.429931640625
2014-01-30,4123.1298828125
2014-01-31,4103.8798828125
2014-02-03,3996.9599609375
2014-02-04,4031.52001953125
2014-02-05,4011.550048828125
2014-02-06,4057.1201171875
2014-02-07,4125.85986328125
2014-02-10,4148.169921875
2014-02-11,4191.0498046875
2014-02-12,4201.2900390625
2014-02-13,4240.669921875
2014-02-14,4244.02001953125
2014-02-18,4272.77978515625
2014-02-19,4237.9501953125
2014-02-20,4267.5498046875
2014-02-21,4263.41015625
2014-02-24,4292.97021484375
2014-02-25,4287.58984375
2014-02-26,4292.06005859375
2014-02-27,4318.93017578125
2014-02-28,4308.1201171875
2014-03-03,4277.2998046875
2014-03-04,4351.97021484375
2014-03-05,4357.97021484375
2014-03-06,4352.1298828125
2014-03-07,4336.22021484375
2014-03-10,4334.4501953125
2014-03-11,4307.18994140625
2014-03-12,4323.330078125
2014-03-13,4260.419921875
2014-03-14,4245.39990234375
2014-03-17,4279.9501953125
2014-03-18,4333.31005859375
2014-03-19,4307.60009765625
2014-03-20,4319.2900390625
2014-03-21,4276.7900390625
2014-03-24,4226.39013671875
2014-03-25,4234.27001953125
2014-03-26,4173.580078125
2014-03-27,4151.22998046875
2014-03-28,4155.759765625
2014-03-31,4198.990234375
2014-04-01,4268.0400390625
2014-04-02,4276.4599609375
2014-04-03,4237.740234375
2014-04-04,4127.72998046875
2014-04-07,4079.75
2014-04-08,4112.990234375
2014-04-09,4183.89990234375
2014-04-10,4054.110107421875
2014-04-11,3999.72998046875
2014-04-14,4022.68994140625
2014-04-15,4034.159912109375
2014-04-16,4086.22998046875
2014-04-17,4095.52001953125
2014-04-21,4121.5498046875
2014-04-22,4161.4599609375
2014-04-23,4126.97021484375
2014-04-24,4148.33984375
2014-04-25,4075.56005859375
2014-04-28,4074.39990234375
2014-04-29,4103.5400390625
2014-04-30,4114.56005859375
2014-05-01,4127.4501953125
2014-05-02,4123.89990234375
2014-05-05,4138.06005859375
2014-05-06,4080.760009765625
2014-05-07,4067.669921875
2014-05-08,4051.5
2014-05-09,4071.8701171875
2014-05-12,4143.85986328125
2014-05-13,4130.169921875
2014-05-14,4100.6298828125
2014-05-15,4069.2900390625
2014-05-16,4090.590087890625
2014-05-19,4125.81005859375
2014-05-20,4096.89013671875
2014-05-21,4131.5400390625
2014-05-22,4154.33984375
2014-05-23,4185.81005859375
2014-05-27,4237.06982421875
2014-05-28,4225.080078125
2014-05-29,4247.9501953125
2014-05-30,4242.6201171875
2014-06-02,4237.2001953125
2014-06-03,4234.080078125
2014-06-04,4251.64013671875
2014-06-05,4296.22998046875
2014-06-06,4321.39990234375
2014-06-09,4336.240234375
2014-06-10,4338.0
2014-06-11,4331.93017578125
2014-06-12,4297.6298828125
2014-06-13,4310.64990234375
2014-06-16,4321.10009765625
2014-06-17,4337.22998046875
2014-06-18,4362.83984375
2014-06-19,4359.330078125
2014-06-20,4368.0400390625
2014-06-23,4368.68017578125
2014-06-24,4350.35009765625
2014-06-25,4379.759765625
2014-06-26,4379.0498046875
2014-06-27,4397.93017578125
2014-06-30,4408.18017578125
2014-07-01,4458.64990234375
2014-07-02,4457.72998046875
2014-07-03,4485.93017578125
2014-07-07,4451.52978515625
2014-07-08,4391.4599609375
2014-07-09,4419.02978515625
2014-07-10,4396.2001953125
2014-07-11,4415.490234375
2014-07-14,4440.419921875
2014-07-15,4416.39013671875
2014-07-16,4425.97021484375
2014-07-17,4363.4501953125
2014-07-18,4432.14990234375
2014-07-21,4424.7001953125
2014-07-22,4456.02001953125
2014-07-23,4473.7001953125
2014-07-24,4472.10986328125
2014-07-25,4449.56005859375
2014-07-28,4444.91015625
2014-07-29,4442.7001953125
2014-07-30,4462.89990234375
2014-07-31,4369.77001953125
2014-08-01,4352.64013671875
2014-08-04,4383.89013671875
2014-08-05,4352.83984375
2014-08-06,4355.0498046875
2014-08-07,4334.97021484375
2014-08-08,4370.89990234375
2014-08-11,4401.330078125
2014-08-12,4389.25
2014-08-13,4434.1298828125
2014-08-14,4453.0
2014-08-15,4464.93017578125
2014-08-18,4508.31005859375
2014-08-19,4527.509765625
2014-08-20,4526.47998046875
2014-08-21,4532.10009765625
2014-08-22,4538.5498046875
2014-08-25,4557.35009765625
2014-08-26,4570.64013671875
2014-08-27,4569.6201171875
2014-08-28,4557.7001953125
2014-08-29,4580.27001953125
2014-09-02,4598.18994140625
2014-09-03,4572.56005859375
2014-09-04,4562.2900390625
2014-09-05,4582.89990234375
2014-09-08,4592.2900390625
2014-09-09,4552.2900390625
2014-09-10,4586.52001953125
2014-09-11,4591.81005859375
2014-09-12,4567.60009765625
2014-09-15,4518.89990234375
2014-09-16,4552.759765625
2014-09-17,4562.18994140625
2014-09-18,4593.43017578125
2014-09-19,4579.7900390625
2014-09-22,4527.68994140625
2014-09-23,4508.68994140625
2014-09-24,4555.22021484375
2014-09-25,4466.75
2014-09-26,4512.18994140625
2014-09-29,4505.85009765625
2014-09-30,4493.39013671875
2014-10-01,4422.08984375
2014-10-02,4430.2001953125
2014-10-03,4475.6201171875
2014-10-06,4454.7998046875
2014-10-07,4385.2001953125
2014-10-08,4468.58984375
2014-10-09,4378.33984375
2014-10-10,4276.240234375
2014-10-13,4213.66015625
2014-10-14,4227.169921875
2014-10-15,4215.31982421875
2014-10-16,4217.39013671875
2014-10-17,4258.43994140625
2014-10-20,4316.06982421875
2014-10-21,4419.47998046875
2014-10-22,4382.85009765625
2014-10-23,4452.7900390625
2014-10-24,4483.72021484375
2014-10-27,4485.93017578125
2014-10-28,4564.2900390625
2014-10-29,4549.22998046875
2014-10-30,4566.14013671875
2014-10-31,4630.740234375
2014-11-03,4638.91015625
2014-11-04,4623.64013671875
2014-11-05,4620.72021484375
2014-11-06,4638.47021484375
2014-11-07,4632.52978515625
2014-11-10,4651.6201171875
2014-11-11,4660.56005859375
2014-11-12,4675.14013671875
2014-11-13,4680.14013671875
2014-11-14,4688.5400390625
2014-11-17,4671.0
2014-11-18,4702.43994140625
2014-11-19,4675.7099609375
2014-11-20,4701.8701171875
2014-11-21,4712.97021484375
2014-11-24,4754.89013671875
2014-11-25,4758.25
2014-11-26,4787.31982421875
2014-11-28,4791.6298828125
2014-12-01,4727.35009765625
2014-12-02,4755.81005859375
2014-12-03,4774.47021484375
2014-12-04,4769.43994140625
2014-12-05,4780.759765625
2014-12-08,4740.68994140625
2014-12-09,4766.47021484375
2014-12-10,4684.02001953125
2014-12-11,4708.16015625
2014-12-12,4653.60009765625
2014-12-15,4605.16015625
2014-12-16,4547.830078125
2014-12-17,4644.31005859375
2014-12-18,4748.39990234375
2014-12-19,4765.3798828125
2014-12-22,4781.419921875
2014-12-23,4765.419921875
2014-12-24,4773.47021484375
2014-12-26,4806.85986328125
2014-12-29,4806.91015625
2014-12-30,4777.43994140625
2014-12-31,4736.0498046875
2015-01-02,4726.81005859375
2015-01-05,4652.56982421875
2015-01-06,4592.740234375
2015-01-07,4650.47021484375
2015-01-08,4736.18994140625
2015-01-09,4704.06982421875
2015-01-12,4664.7099609375
2015-01-13,4661.5
2015-01-14,4639.31982421875
2015-01-15,4570.81982421875
2015-01-16,4634.3798828125
2015-01-20,4654.85009765625
2015-01-21,4667.419921875
2015-01-22,4750.39990234375
2015-01-23,4757.8798828125
2015-01-26,4771.759765625
2015-01-27,4681.5
2015-01-28,4637.990234375
2015-01-29,4683.41015625
2015-01-30,4635.240234375
2015-02-02,4676.68994140625
2015-02-03,4727.740234375
2015-02-04,4716.7001953125
2015-02-05,4765.10009765625
2015-02-06,4744.39990234375
2015-02-09,4726.009765625
2015-02-10,4787.64013671875
2015-02-11,4801.18017578125
2015-02-12,4857.60986328125
2015-02-13,4893.83984375
2015-02-17,4899.27001953125
2015-02-18,4906.35986328125
2015-02-19,4924.7001953125
2015-02-20,4955.97021484375
2015-02-23,4960.97021484375
2015-02-24,4968.1201171875
2015-02-25,4967.14013671875
2015-02-26,4987.89013671875
2015-02-27,4963.52978515625
2015-03-02,5008.10009765625
2015-03-03,4979.89990234375
2015-03-04,4967.14013671875
2015-03-05,4982.81005859375
2015-03-06,4927.3701171875
2015-03-09,4942.43994140625
2015-03-10,4859.7900390625
2015-03-11,4849.93994140625
2015-03-12,4893.2900390625
2015-03-13,4871.759765625
2015-03-16,4929.509765625
2015-03-17,4937.43017578125
2015-03-18,4982.830078125
2015-03-19,4992.3798828125
2015-03-20,5026.419921875
2015-03-23,5010.97021484375
2015-03-24,4994.72998046875
2015-03-25,4876.52001953125
2015-03-26,4863.35986328125
2015-03-27,4891.22021484375
2015-03-30,4947.43994140625
2015-03-31,4900.8798828125
2015-04-01,4880.22998046875
2015-04-02,4886.93994140625
2015-04-06,4917.31982421875
2015-04-07,4910.22998046875
2015-04-08,4950.81982421875
2015-04-09,4974.56005859375
2015-04-10,4995.97998046875
2015-04-13,4988.25
2015-04-14,4977.2900390625
2015-04-15,5011.02001953125
2015-04-16,5007.7900390625
2015-04-17,4931.81005859375
2015-04-20,4994.60009765625
2015-04-21,5014.10009765625
2015-04-22,5035.169921875
2015-04-23,5056.06005859375
2015-04-24,5092.080078125
2015-04-27,5060.25
2015-04-28,5055.419921875
2015-04-29,5023.64013671875
2015-04-30,4941.419921875
2015-05-01,5005.39013671875
2015-05-04,5016.93017578125
2015-05-05,4939.330078125
2015-05-06,4919.64013671875
2015-05-07,4945.5400390625
2015-05-08,5003.5498046875
2015-05-11,4993.56982421875
2015-05-12,4976.18994140625
2015-05-13,4981.68994140625
2015-05-14,5050.7998046875
2015-05-15,5048.2900390625
2015-05-18,5078.43994140625
2015-05-19,5070.02978515625
2015-05-20,5071.740234375
2015-05-21,5090.7900390625
2015-05-22,5089.35986328125
2015-05-26,5032.75
2015-05-27,5106.58984375
2015-05-28,5097.97998046875
2015-05-29,5070.02978515625
2015-06-01,5082.93017578125
2015-06-02,5076.52001953125
2015-06-03,5099.22998046875
2015-06-04,5059.1201171875
2015-06-05,5068.4599609375
2015-06-08,5021.6298828125
2015-06-09,5013.8701171875
2015-06-10,5076.68994140625
2015-06-11,5082.509765625
2015-06-12,5051.10009765625
2015-06-15,5029.97021484375
2015-06-16,5055.5498046875
2015-06-17,5064.8798828125
2015-06-18,5132.9501953125
2015-06-19,5117.0
2015-06-22,5153.97021484375
2015-06-23,5160.08984375
2015-06-24,5122.41015625
2015-06-25,5112.18994140625
2015-06-26,5080.509765625
2015-06-29,4958.47021484375
2015-06-30,4986.8701171875
2015-07-01,5013.1201171875
2015-07-02,5009.2099609375
2015-07-06,4991.93994140625
2015-07-07,4997.4599609375
2015-07-08,4909.759765625
2015-07-09,4922.39990234375
2015-07-10,4997.7001953125
2015-07-13,5071.509765625
2015-07-14,5104.89013671875
2015-07-15,5098.93994140625
2015-07-16,5163.18017578125
2015-07-17,5210.14013671875
2015-07-20,5218.85986328125
2015-07-21,5208.1201171875
2015-07-22,5171.77001953125
2015-07-23,5146.41015625
2015-07-24,5088.6298828125
2015-07-27,5039.77978515625
2015-07-28,5089.2099609375
2015-07-29,5111.72998046875
2015-07-30,5128.77978515625
2015-07-31,5128.27978515625
2015-08-03,5115.3798828125
2015-08-04,5105.5498046875
2015-08-05,5139.93994140625
2015-08-06,5056.43994140625
2015-08-07,5043.5400390625
2015-08-10,5101.7998046875
2015-08-11,5036.7900390625
2015-08-12,5044.39013671875
2015-08-13,5033.56005859375
2015-08-14,5048.240234375
2015-08-17,5091.7001953125
2015-08-18,5059.35009765625
2015-08-19,5019.0498046875
2015-08-20,4877.490234375
2015-08-21,4706.0400390625
2015-08-24,4526.25
2015-08-25,4506.490234375
2015-08-26,4697.5400390625
2015-08-27,4812.7099609375
2015-08-28,4828.31982421875
2015-08-31,4776.509765625
2015-09-01,4636.10009765625
2015-09-02,4749.97998046875
2015-09-03,4733.5
2015-09-04,4683.919921875
2015-09-08,4811.93017578125
2015-09-09,4756.52978515625
2015-09-10,4796.25
2015-09-11,4822.33984375
2015-09-14,4805.759765625
2015-09-15,4860.52001953125
2015-09-16,4889.240234375
2015-09-17,4893.9501953125
2015-09-18,4827.22998046875
2015-09-21,4828.9501953125
2015-09-22,4756.72021484375
2015-09-23,4752.740234375
2015-09-24,4734.47998046875
2015-09-25,4686.5
2015-09-28,4543.97021484375
2015-09-29,4517.31982421875
2015-09-30,4620.16015625
2015-10-01,4627.080078125
2015-10-02,4707.77978515625
2015-10-05,4781.259765625
2015-10-06,4748.35986328125
2015-10-07,4791.14990234375
2015-10-08,4810.7900390625
2015-10-09,4830.47021484375
2015-10-12,4838.64013671875
2015-10-13,4796.60986328125
2015-10-14,4782.85009765625
2015-10-15,4870.10009765625
2015-10-16,4886.68994140625
2015-10-19,4905.47021484375
2015-10-20,4880.97021484375
2015-10-21,4840.1201171875
2015-10-22,4920.0498046875
2015-10-23,5031.85986328125
2015-10-26,5034.7001953125
2015-10-27,5030.14990234375
2015-10-28,5095.68994140625
2015-10-29,5074.27001953125
2015-10-30,5053.75
2015-11-02,5127.14990234375
2015-11-03,5145.1298828125
2015-11-04,5142.47998046875
2015-11-05,5127.740234375
2015-11-06,5147.1201171875
2015-11-09,5095.2998046875
2015-11-10,5083.240234375
2015-11-11,5067.02001953125
2015-11-12,5005.080078125
2015-11-13,4927.8798828125
2015-11-16,4984.6201171875
2015-11-17,4986.02001953125
2015-11-18,5075.2001953125
2015-11-19,5073.64013671875
2015-11-20,5104.919921875
2015-11-23,5102.47998046875
2015-11-24,5102.81005859375
2015-11-25,5116.14013671875
2015-11-27,5127.52001953125
2015-11-30,5108.669921875
2015-12-01,5156.31005859375
2015-12-02,5123.22021484375
2015-12-03,5037.52978515625
2015-12-04,5142.27001953125
2015-12-07,5101.81005859375
2015-12-08,5098.240234375
2015-12-09,5022.8701171875
2015-12-10,5045.169921875
2015-12-11,4933.47021484375
2015-12-14,4952.22998046875
2015-12-15,4995.35986328125
2015-12-16,5071.1298828125
2015-12-17,5002.5498046875
2015-12-18,4923.080078125
2015-12-21,4968.919921875
2015-12-22,5001.10986328125
2015-12-23,5045.93017578125
2015-12-24,5048.490234375
2015-12-28,5040.990234375
2015-12-29,5107.93994140625
2015-12-30,5065.85009765625
2015-12-31,5007.41015625
2016-01-04,4903.08984375
2016-01-05,4891.43017578125
2016-01-06,4835.759765625
2016-01-07,4689.43017578125
2016-01-08,4643.6298828125
2016-01-11,4637.990234375
2016-01-12,4685.919921875
2016-01-13,4526.06005859375
2016-01-14,4615.0
2016-01-15,4488.419921875
2016-01-19,4476.9501953125
2016-01-20,4471.68994140625
2016-01-21,4472.06005859375
2016-01-22,4591.18017578125
2016-01-25,4518.490234375
2016-01-26,4567.669921875
2016-01-27,4468.169921875
2016-01-28,4506.68017578125
2016-01-29,4613.9501953125
2016-02-01,4620.3701171875
2016-02-02,4516.9501953125
2016-02-03,4504.240234375
2016-02-04,4509.56005859375
2016-02-05,4363.14013671875
2016-02-08,4283.75
2016-02-09,4268.759765625
2016-02-10,4283.58984375
2016-02-11,4266.83984375
2016-02-12,4337.509765625
2016-02-16,4435.9599609375
2016-02-17,4534.06005859375
2016-02-18,4487.5400390625
2016-02-19,4504.43017578125
2016-02-22,4570.60986328125
2016-02-23,4503.580078125
2016-02-24,4542.60986328125
2016-02-25,4582.2001953125
2016-02-26,4590.47021484375
2016-02-29,4557.9501953125
2016-03-01,4689.60009765625
2016-03-02,4703.419921875
2016-03-03,4707.419921875
2016-03-04,4717.02001953125
2016-03-07,4708.25
2016-03-08,4648.81982421875
2016-03-09,4674.3798828125
2016-03-10,4662.16015625
2016-03-11,4748.47021484375
2016-03-14,4750.27978515625
2016-03-15,4728.669921875
2016-03-16,4763.97021484375
2016-03-17,4774.990234375
2016-03-18,4795.64990234375
2016-03-21,4808.8701171875
2016-03-22,4821.66015625
2016-03-23,4768.85986328125
2016-03-24,4773.5
2016-03-28,4766.7900390625
2016-03-29,4846.6201171875
2016-03-30,4869.2900390625
2016-03-31,4869.85009765625
2016-04-01,4914.5400390625
2016-04-04,4891.7998046875
2016-04-05,4843.93017578125
2016-04-06,4920.72021484375
2016-04-07,4848.3701171875
2016-04-08,4850.68994140625
2016-04-11,4833.39990234375
2016-04-12,4872.08984375
2016-04-13,4947.419921875
2016-04-14,4945.89013671875
2016-04-15,4938.22021484375
2016-04-18,4960.02001953125
2016-04-19,4940.330078125
2016-04-20,4948.1298828125
2016-04-21,4945.89013671875
2016-04-22,4906.22998046875
2016-04-25,4895.7900390625
2016-04-26,4888.27978515625
2016-04-27,4863.14013671875
2016-04-28,4805.2900390625
2016-04-29,4775.35986328125
2016-05-02,4817.58984375
2016-05-03,4763.22021484375
2016-05-04,4725.64013671875
2016-05-05,4717.08984375
2016-05-06,4736.16015625
2016-05-09,4750.2099609375
2016-05-10,4809.8798828125
2016-05-11,4760.68994140625
2016-05-12,4737.330078125
2016-05-13,4717.68017578125
2016-05-16,4775.4599609375
2016-05-17,4715.72998046875
2016-05-18,4739.1201171875
2016-05-19,4712.52978515625
2016-05-20,4769.56005859375
2016-05-23,4765.77978515625
2016-05-24,4861.06005859375
2016-05-25,4894.89013671875
2016-05-26,4901.77001953125
2016-05-27,4933.5
2016-05-31,4948.0498046875
2016-06-01,4952.25
2016-06-02,4971.35986328125
2016-06-03,4942.52001953125
2016-06-06,4968.7099609375
2016-06-07,4961.75
2016-06-08,4974.64013671875
2016-06-09,4958.6201171875
2016-06-10,4894.5498046875
2016-06-13,4848.43994140625
2016-06-14,4843.5498046875
2016-06-15,4834.93017578125
2016-06-16,4844.919921875
2016-06-17,4800.33984375
2016-06-20,4837.2099609375
2016-06-21,4843.759765625
2016-06-22,4833.31982421875
2016-06-23,4910.0400390625
2016-06-24,4707.97998046875
2016-06-27,4594.43994140625
2016-06-28,4691.8701171875
2016-06-29,4779.25
2016-06-30,4842.669921875
2016-07-01,4862.56982421875
2016-07-05,4822.89990234375
2016-07-06,4859.16015625
2016-07-07,4876.81005859375
2016-07-08,4956.759765625
2016-07-11,4988.64013671875
2016-07-12,5022.81982421875
2016-07-13,5005.72998046875
2016-07-14,5034.06005859375
2016-07-15,5029.58984375
2016-07-18,5055.77978515625
2016-07-19,5036.3701171875
2016-07-20,5089.93017578125
2016-07-21,5073.89990234375
2016-07-22,5100.16015625
2016-07-25,5097.6298828125
2016-07-26,5110.0498046875
2016-07-27,5139.81005859375
2016-07-28,5154.97998046875
2016-07-29,5162.1298828125
2016-08-01,5184.2001953125
2016-08-02,5137.72998046875
2016-08-03,5159.740234375
2016-08-04,5166.25
2016-08-05,5221.1201171875
2016-08-08,5213.14013671875
2016-08-09,5225.47998046875
2016-08-10,5204.580078125
2016-08-11,5228.39990234375
2016-08-12,5232.89013671875
2016-08-15,5262.02001953125
2016-08-16,5227.10986328125
2016-08-17,5228.66015625
2016-08-18,5240.14990234375
2016-08-19,5238.3798828125
2016-08-22,5244.60009765625
2016-08-23,5260.080078125
2016-08-24,5217.68994140625
2016-08-25,5212.2001953125
2016-08-26,5218.919921875
2016-08-29,5232.330078125
2016-08-30,5222.990234375
2016-08-31,5213.22021484375
2016-09-01,5227.2099609375
2016-09-02,5249.89990234375
2016-09-06,5275.91015625
2016-09-07,5283.93017578125
2016-09-08,5259.47998046875
2016-09-09,5125.91015625
2016-09-12,5211.89013671875
2016-09-13,5155.25
2016-09-14,5173.77001953125
2016-09-15,5249.68994140625
2016-09-16,5244.56982421875
2016-09-19,5235.02978515625
2016-09-20,5241.35009765625
2016-09-21,5295.18017578125
2016-09-22,5339.52001953125
2016-09-23,5305.75
2016-09-26,5257.490234375
2016-09-27,5305.7099609375
2016-09-28,5318.5498046875
2016-09-29,5269.14990234375
2016-09-30,5312.0
2016-10-03,5300.8701171875
2016-10-04,5289.66015625
2016-10-05,5316.02001953125
2016-10-06,5306.85009765625
2016-10-07,5292.39990234375
2016-10-10,5328.669921875
2016-10-11,5246.7900390625
2016-10-12,5239.02001953125
2016-10-13,5213.330078125
2016-10-14,5214.16015625
2016-10-17,5199.81982421875
2016-10-18,5243.83984375
2016-10-19,5246.41015625
2016-10-20,5241.830078125
2016-10-21,5257.39990234375
2016-10-24,5309.830078125
2016-10-25,5283.39990234375
2016-10-26,5250.27001953125
2016-10-27,5215.97021484375
2016-10-28,5190.10009765625
2016-10-31,5189.14013671875
2016-11-01,5153.580078125
2016-11-02,5105.56982421875
2016-11-03,5058.41015625
2016-11-04,5046.3701171875
2016-11-07,5166.169921875
2016-11-08,5193.490234375
2016-11-09,5251.06982421875
2016-11-10,5208.7998046875
2016-11-11,5237.10986328125
2016-11-14,5218.39990234375
2016-11-15,5275.6201171875
2016-11-16,5294.580078125
2016-11-17,5333.97021484375
2016-11-18,5321.509765625
2016-11-21,5368.85986328125
2016-11-22,5386.35009765625
2016-11-23,5380.68017578125
2016-11-25,5398.919921875
2016-11-28,5368.81005859375
2016-11-29,5379.919921875
2016-11-30,5323.68017578125
2016-12-01,5251.10986328125
2016-12-02,5255.64990234375
2016-12-05,5308.89013671875
2016-12-06,5333.0
2016-12-07,5393.759765625
2016-12-08,5417.35986328125
2016-12-09,5444.5
2016-12-12,5412.5400390625
2016-12-13,5463.830078125
2016-12-14,5436.669921875
2016-12-15,5456.85009765625
2016-12-16,5437.16015625
2016-12-19,5457.43994140625
2016-12-20,5483.93994140625
2016-12-21,5471.43017578125
2016-12-22,5447.419921875
2016-12-23,5462.68994140625
2016-12-27,5487.43994140625
2016-12-28,5438.56005859375
2016-12-29,5432.08984375
2016-12-30,5383.1201171875
2017-01-03,5429.080078125
2017-01-04,5477.0
2017-01-05,5487.93994140625
2017-01-06,5521.06005859375
2017-01-09,5531.81982421875
2017-01-10,5551.81982421875
2017-01-11,5563.64990234375
2017-01-12,5547.490234375
2017-01-13,5574.1201171875
2017-01-17,5538.72998046875
2017-01-18,5555.64990234375
2017-01-19,5540.080078125
2017-01-20,5555.330078125
2017-01-23,5552.93994140625
2017-01-24,5600.9599609375
2017-01-25,5656.33984375
2017-01-26,5655.18017578125
2017-01-27,5660.77978515625
2017-01-30,5613.7099609375
2017-01-31,5614.7900390625
2017-02-01,5642.64990234375
2017-02-02,5636.2001953125
2017-02-03,5666.77001953125
2017-02-06,5663.5498046875
2017-02-07,5674.22021484375
2017-02-08,5682.4501953125
2017-02-09,5715.18017578125
2017-02-10,5734.1298828125
2017-02-13,5763.9599609375
2017-02-14,5782.56982421875
2017-02-15,5819.43994140625
2017-02-16,5814.89990234375
2017-02-17,5838.580078125
2017-02-21,5865.9501953125
2017-02-22,5860.6298828125
2017-02-23,5835.509765625
2017-02-24,5845.31005859375
2017-02-27,5861.89990234375
2017-02-28,5825.43994140625
2017-03-01,5904.02978515625
2017-03-02,5861.22021484375
2017-03-03,5870.75
2017-03-06,5849.18017578125
2017-03-07,5833.93017578125
2017-03-08,5837.5498046875
2017-03-09,5838.81005859375
2017-03-10,5861.72998046875
2017-03-13,5875.77978515625
2017-03-14,5856.81982421875
2017-03-15,5900.0498046875
2017-03-16,5900.759765625
2017-03-17,5901.0
2017-03-20,5901.52978515625
2017-03-21,5793.830078125
2017-03-22,5821.64013671875
2017-03-23,5817.68994140625
2017-03-24,5828.740234375
2017-03-27,5840.3701171875
2017-03-28,5875.14013671875
2017-03-29,5897.5498046875
2017-03-30,5914.33984375
2017-03-31,5911.740234375
2017-04-03,5894.68017578125
2017-04-04,5898.60986328125
2017-04-05,5864.47998046875
2017-04-06,5878.9501953125
2017-04-07,5877.81005859375
2017-04-10,5880.93017578125
2017-04-11,5866.77001953125
2017-04-12,5836.16015625
2017-04-13,5805.14990234375
2017-04-17,5856.7900390625
2017-04-18,5849.47021484375
2017-04-19,5863.02978515625
2017-04-20,5916.77978515625
2017-04-21,5910.52001953125
2017-04-24,5983.81982421875
2017-04-25,6025.490234375
2017-04-26,6025.22998046875
2017-04-27,6048.93994140625
2017-04-28,6047.60986328125
2017-05-01,6091.60009765625
2017-05-02,6095.3701171875
2017-05-03,6072.5498046875
2017-05-04,6075.33984375
2017-05-05,6100.759765625
2017-05-08,6102.66015625
2017-05-09,6120.58984375
2017-05-10,6129.14013671875
2017-05-11,6115.9599609375
2017-05-12,6121.22998046875
2017-05-15,6149.669921875
2017-05-16,6169.8701171875
2017-05-17,6011.240234375
2017-05-18,6055.1298828125
2017-05-19,6083.7001953125
2017-05-22,6133.6201171875
2017-05-23,6138.7099609375
2017-05-24,6163.02001953125
2017-05-25,6205.259765625
2017-05-26,6210.18994140625
2017-05-30,6203.18994140625
2017-05-31,6198.52001953125
2017-06-01,6246.830078125
2017-06-02,6305.7998046875
2017-06-05,6295.68017578125
2017-06-06,6275.06005859375
2017-06-07,6297.3798828125
2017-06-08,6321.759765625
2017-06-09,6207.919921875
2017-06-12,6175.4599609375
2017-06-13,6220.3701171875
2017-06-14,6194.89013671875
2017-06-15,6165.5
2017-06-16,6151.759765625
2017-06-19,6239.009765625
2017-06-20,6188.02978515625
2017-06-21,6233.9501953125
2017-06-22,6236.68994140625
2017-06-23,6265.25
2017-06-26,6247.14990234375
2017-06-27,6146.6201171875
2017-06-28,6234.41015625
2017-06-29,6144.35009765625
2017-06-30,6140.419921875
2017-07-03,6110.06005859375
2017-07-05,6150.85986328125
2017-07-06,6089.4599609375
2017-07-07,6153.080078125
2017-07-10,6176.39013671875
2017-07-11,6193.2998046875
2017-07-12,6261.169921875
2017-07-13,6274.43994140625
2017-07-14,6312.47021484375
2017-07-17,6314.43017578125
2017-07-18,6344.31005859375
2017-07-19,6385.0400390625
2017-07-20,6390.0
2017-07-21,6387.75
2017-07-24,6410.81005859375
2017-07-25,6412.169921875
2017-07-26,6422.75
2017-07-27,6382.18994140625
2017-07-28,6374.68017578125
2017-07-31,6348.1201171875
2017-08-01,6362.93994140625
2017-08-02,6362.64990234375
2017-08-03,6340.33984375
2017-08-04,6351.56005859375
2017-08-07,6383.77001953125
2017-08-08,6370.4599609375
2017-08-09,6352.330078125
2017-08-10,6216.8701171875
2017-08-11,6256.56005859375
2017-08-14,6340.22998046875
2017-08-15,6333.009765625
2017-08-16,6345.10986328125
2017-08-17,6221.91015625
2017-08-18,6216.52978515625
2017-08-21,6213.1298828125
2017-08-22,6297.47998046875
2017-08-23,6278.41015625
2017-08-24,6271.330078125
2017-08-25,6265.64013671875
2017-08-28,6283.02001953125
2017-08-29,6301.89013671875
2017-08-30,6368.31005859375
2017-08-31,6428.66015625
2017-09-01,6435.330078125
2017-09-05,6375.56982421875
2017-09-06,6393.31005859375
2017-09-07,6397.8701171875
2017-09-08,6360.18994140625
2017-09-11,6432.259765625
2017-09-12,6454.27978515625
2017-09-13,6460.18994140625
2017-09-14,6429.080078125
2017-09-15,6448.47021484375
2017-09-18,6454.64013671875
2017-09-19,6461.31982421875
2017-09-20,6456.0400390625
2017-09-21,6422.68994140625
2017-09-22,6426.919921875
2017-09-25,6370.58984375
2017-09-26,6380.16015625
2017-09-27,6453.259765625
2017-09-28,6453.4501953125
2017-09-29,6495.9599609375
2017-10-02,6516.72021484375
2017-10-03,6531.7099609375
2017-10-04,6534.6298828125
2017-10-05,6585.35986328125
2017-10-06,6590.18017578125
2017-10-09,6579.72998046875
2017-10-10,6587.25
2017-10-11,6603.5498046875
2017-10-12,6591.509765625
2017-10-13,6605.7998046875
2017-10-16,6624.0
2017-10-17,6623.66015625
2017-10-18,6624.22021484375
2017-10-19,6605.06982421875
2017-10-20,6629.0498046875
2017-10-23,6586.830078125
2017-10-24,6598.43017578125
2017-10-25,6563.89013671875
2017-10-26,6556.77001953125
2017-10-27,6701.259765625
2017-10-30,6698.9599609375
2017-10-31,6727.669921875
2017-11-01,6716.52978515625
2017-11-02,6714.93994140625
2017-11-03,6764.43994140625
2017-11-06,6786.43994140625
2017-11-07,6767.77978515625
2017-11-08,6789.1201171875
2017-11-09,6750.0498046875
2017-11-10,6750.93994140625
2017-11-13,6757.60009765625
2017-11-14,6737.8701171875
2017-11-15,6706.2099609375
2017-11-16,6793.2900390625
2017-11-17,6782.7900390625
2017-11-20,6790.7099609375
2017-11-21,6862.47998046875
2017-11-22,6867.35986328125
2017-11-24,6889.16015625
2017-11-27,6878.52001953125
2017-11-28,6912.35986328125
2017-11-29,6824.39013671875
2017-11-30,6873.97021484375
2017-12-01,6847.58984375
2017-12-04,6775.3701171875
2017-12-05,6762.2099609375
2017-12-06,6776.3798828125
2017-12-07,6812.83984375
2017-12-08,6840.080078125
2017-12-11,6875.080078125
2017-12-12,6862.31982421875
2017-12-13,6875.7998046875
2017-12-14,6856.52978515625
2017-12-15,6936.580078125
2017-12-18,6994.759765625
2017-12-19,6963.85009765625
2017-12-20,6960.9599609375
2017-12-21,6965.35986328125
2017-12-22,6959.9599609375
2017-12-26,6936.25
2017-12-27,6939.33984375
2017-12-28,6950.16015625
2017-12-29,6903.39013671875
2018-01-02,7006.89990234375
2018-01-03,7065.52978515625
2018-01-04,7077.91015625
2018-01-05,7136.56005859375
2018-01-08,7157.39013671875
2018-01-09,7163.580078125
2018-01-10,7153.56982421875
2018-01-11,7211.77978515625
2018-01-12,7261.06005859375
2018-01-16,7223.68994140625
2018-01-17,7298.27978515625
2018-01-18,7296.0498046875
2018-01-19,7336.3798828125
2018-01-22,7408.02978515625
2018-01-23,7460.2900390625
2018-01-24,7415.06005859375
2018-01-25,7411.16015625
2018-01-26,7505.77001953125
2018-01-29,7466.509765625
2018-01-30,7402.47998046875
2018-01-31,7411.47998046875
2018-02-01,7385.85986328125
2018-02-02,7240.9501953125
2018-02-05,6967.52978515625
2018-02-06,7115.8798828125
2018-02-07,7051.97998046875
2018-02-08,6777.16015625
2018-02-09,6874.490234375
2018-02-12,6981.9599609375
2018-02-13,7013.509765625
2018-02-14,7143.6201171875
2018-02-15,7256.43017578125
2018-02-16,7239.47021484375
2018-02-20,7234.31005859375
2018-02-21,7218.22998046875
2018-02-22,7210.08984375
2018-02-23,7337.39013671875
2018-02-26,7421.4599609375
2018-02-27,7330.35009765625
2018-02-28,7273.009765625
2018-03-01,7180.56005859375
2018-03-02,7257.8701171875
2018-03-05,7330.7099609375
2018-03-06,7372.009765625
2018-03-07,7396.64990234375
2018-03-08,7427.9501953125
2018-03-09,7560.81005859375
2018-03-12,7588.31982421875
2018-03-13,7511.009765625
2018-03-14,7496.81005859375
2018-03-15,7481.740234375
2018-03-16,7481.990234375
2018-03-19,7344.240234375
2018-03-20,7364.2998046875
2018-03-21,7345.2900390625
2018-03-22,7166.68017578125
2018-03-23,6992.669921875
2018-03-26,7220.5400390625
2018-03-27,7008.81005859375
2018-03-28,6949.22998046875
2018-03-29,7063.4501953125
2018-04-02,6870.1201171875
2018-04-03,6941.27978515625
2018-04-04,7042.10986328125
2018-04-05,7076.5498046875
2018-04-06,6915.10986328125
2018-04-09,6950.33984375
2018-04-10,7094.2998046875
2018-04-11,7069.02978515625
2018-04-12,7140.25
2018-04-13,7106.64990234375
2018-04-16,7156.27978515625
2018-04-17,7281.10009765625
2018-04-18,7295.240234375
2018-04-19,7238.06005859375
2018-04-20,7146.1298828125
2018-04-23,7128.60009765625
2018-04-24,7007.35009765625
2018-04-25,7003.740234375
2018-04-26,7118.68017578125
2018-04-27,7119.7998046875
2018-04-30,7066.27001953125
2018-05-01,7130.7001953125
2018-05-02,7100.89990234375
2018-05-03,7088.14990234375
2018-05-04,7209.6201171875
2018-05-07,7265.2099609375
2018-05-08,7266.89990234375
2018-05-09,7339.91015625
2018-05-10,7404.97021484375
2018-05-11,7402.8798828125
2018-05-14,7411.31982421875
2018-05-15,7351.6298828125
2018-05-16,7398.2998046875
2018-05-17,7382.47021484375
2018-05-18,7354.33984375
2018-05-21,7394.0400390625
2018-05-22,7378.4599609375
2018-05-23,7425.9599609375
2018-05-24,7424.43017578125
2018-05-25,7433.85009765625
2018-05-29,7396.58984375
2018-05-30,7462.4501953125
2018-05-31,7442.1201171875
2018-06-01,7554.330078125
2018-06-04,7606.4599609375
2018-06-05,7637.85986328125
2018-06-06,7689.240234375
2018-06-07,7635.06982421875
2018-06-08,7645.509765625
2018-06-11,7659.93017578125
2018-06-12,7703.7900390625
2018-06-13,7695.7001953125
2018-06-14,7761.0400390625
2018-06-15,7746.3798828125
2018-06-18,7747.02978515625
2018-06-19,7725.58984375
2018-06-20,7781.509765625
2018-06-21,7712.9501953125
2018-06-22,7692.81982421875
2018-06-25,7532.009765625
2018-06-26,7561.6298828125
2018-06-27,7445.080078125
2018-06-28,7503.68017578125
2018-06-29,7510.2998046875
2018-07-02,7567.68994140625
2018-07-03,7502.669921875
2018-07-05,7586.43017578125
2018-07-06,7688.39013671875
2018-07-09,7756.2001953125
2018-07-10,7759.2001953125
2018-07-11,7716.60986328125
2018-07-12,7823.919921875
2018-07-13,7825.97998046875
2018-07-16,7805.72021484375
2018-07-17,7855.1201171875
2018-07-18,7854.43994140625
2018-07-19,7825.2998046875
2018-07-20,7820.2001953125
2018-07-23,7841.8701171875
2018-07-24,7840.77001953125
2018-07-25,7932.240234375
2018-07-26,7852.18017578125
2018-07-27,7737.419921875
2018-07-30,7630.0
2018-07-31,7671.7900390625
2018-08-01,7707.2900390625
2018-08-02,7802.68994140625
2018-08-03,7812.009765625
2018-08-06,7859.68017578125
2018-08-07,7883.66015625
2018-08-08,7888.330078125
2018-08-09,7891.77978515625
2018-08-10,7839.10986328125
2018-08-13,7819.7099609375
2018-08-14,7870.89013671875
2018-08-15,7774.1201171875
2018-08-16,7806.52001953125
2018-08-17,7816.330078125
2018-08-20,7821.009765625
2018-08-21,7859.169921875
2018-08-22,7889.10009765625
2018-08-23,7878.4599609375
2018-08-24,7945.97998046875
2018-08-27,8017.89990234375
2018-08-28,8030.0400390625
2018-08-29,8109.68994140625
2018-08-30,8088.35986328125
2018-08-31,8109.5400390625
2018-09-04,8091.25
2018-09-05,7995.169921875
2018-09-06,7922.72998046875
2018-09-07,7902.5400390625
2018-09-10,7924.16015625
2018-09-11,7972.47021484375
2018-09-12,7954.22998046875
2018-09-13,8013.7099609375
2018-09-14,8010.0400390625
2018-09-17,7895.7900390625
2018-09-18,7956.10986328125
2018-09-19,7950.0400390625
2018-09-20,8028.22998046875
2018-09-21,7986.9599609375
2018-09-24,7993.25
2018-09-25,8007.47021484375
2018-09-26,7990.3701171875
2018-09-27,8041.97021484375
2018-09-28,8046.35009765625
2018-10-01,8037.2998046875
2018-10-02,7999.5498046875
2018-10-03,8025.08984375
2018-10-04,7879.509765625
2018-10-05,7788.4501953125
2018-10-08,7735.9501953125
2018-10-09,7738.02001953125
2018-10-10,7422.0498046875
2018-10-11,7329.06005859375
2018-10-12,7496.89013671875
2018-10-15,7430.740234375
2018-10-16,7645.490234375
2018-10-17,7642.7001953125
2018-10-18,7485.14013671875
2018-10-19,7449.02978515625
2018-10-22,7468.6298828125
2018-10-23,7437.5400390625
2018-10-24,7108.39990234375
2018-10-25,7318.33984375
2018-10-26,7167.2099609375
2018-10-29,7050.2900390625
2018-10-30,7161.64990234375
2018-10-31,7305.89990234375
2018-11-01,7434.06005859375
2018-11-02,7356.990234375
2018-11-05,7328.85009765625
2018-11-06,7375.9599609375
2018-11-07,7570.75
2018-11-08,7530.8798828125
2018-11-09,7406.89990234375
2018-11-12,7200.8701171875
2018-11-13,7200.8701171875
2018-11-14,7136.39013671875
2018-11-15,7259.02978515625
2018-11-16,7247.8701171875
2018-11-19,7028.47998046875
2018-11-20,6908.81982421875
2018-11-21,6972.25
2018-11-23,6938.97998046875
2018-11-26,7081.85009765625
2018-11-27,7082.7001953125
2018-11-28,7291.58984375
2018-11-29,7273.080078125
2018-11-30,7330.5400390625
2018-12-03,7441.509765625
2018-12-04,7158.43017578125
2018-12-06,7188.259765625
2018-12-07,6969.25
2018-12-10,7020.52001953125
2018-12-11,7031.830078125
2018-12-12,7098.31005859375
2018-12-13,7070.330078125
2018-12-14,6910.66015625
2018-12-17,6753.72998046875
2018-12-18,6783.91015625
2018-12-19,6636.830078125
2018-12-20,6528.41015625
2018-12-21,6332.990234375
2018-12-24,6192.919921875
2018-12-26,6554.35986328125
2018-12-27,6579.490234375
2018-12-28,6584.52001953125
2018-12-31,6635.27978515625
2019-01-02,6665.93994140625
2019-01-03,6463.5
2019-01-04,6738.85986328125
2019-01-07,6823.47021484375
2019-01-08,6897.0
2019-01-09,6957.080078125
2019-01-10,6986.06982421875
2019-01-11,6971.47998046875
2019-01-14,6905.919921875
2019-01-15,7023.830078125
2019-01-16,7034.68994140625
2019-01-17,7084.4599609375
2019-01-18,7157.22998046875
2019-01-22,7020.35986328125
2019-01-23,7025.77001953125
2019-01-24,7073.4599609375
2019-01-25,7164.85986328125
2019-01-28,7085.68017578125
2019-01-29,7028.2900390625
2019-01-30,7183.080078125
2019-01-31,7281.740234375
2019-02-01,7263.8701171875
2019-02-04,7347.5400390625
2019-02-05,7402.080078125
2019-02-06,7375.27978515625
2019-02-07,7288.35009765625
2019-02-08,7298.2001953125
2019-02-11,7307.89990234375
2019-02-12,7414.6201171875
2019-02-13,7420.3798828125
2019-02-14,7426.9501953125
2019-02-15,7472.41015625
2019-02-19,7486.77001953125
2019-02-20,7489.06982421875
2019-02-21,7459.7099609375
2019-02-22,7527.5400390625
2019-02-25,7554.4599609375
2019-02-26,7549.2998046875
2019-02-27,7554.509765625
2019-02-28,7532.52978515625
2019-03-01,7595.35009765625
2019-03-04,7577.56982421875
2019-03-05,7576.35986328125
2019-03-06,7505.919921875
2019-03-07,7421.4599609375
2019-03-08,7408.14013671875
2019-03-11,7558.06005859375
2019-03-12,7591.02978515625
2019-03-13,7643.41015625
2019-03-14,7630.91015625
2019-03-15,7688.52978515625
2019-03-18,7714.47998046875
2019-03-19,7723.9501953125
2019-03-20,7728.97021484375
2019-03-21,7838.9599609375
2019-03-22,7642.669921875
2019-03-25,7637.5400390625
2019-03-26,7691.52001953125
2019-03-27,7643.3798828125
2019-03-28,7669.169921875
2019-03-29,7729.31982421875
2019-04-01,7828.91015625
2019-04-02,7848.68994140625
2019-04-03,7895.5498046875
2019-04-04,7891.77978515625
2019-04-05,7938.68994140625
2019-04-08,7953.8798828125
2019-04-09,7909.27978515625
2019-04-10,7964.240234375
2019-04-11,7947.35986328125
2019-04-12,7984.16015625
2019-04-15,7976.009765625
2019-04-16,8000.22998046875
2019-04-17,7996.080078125
2019-04-18,7998.06005859375
2019-04-22,8015.27001953125
2019-04-23,8120.81982421875
2019-04-24,8102.009765625
2019-04-25,8118.68017578125
2019-04-26,8146.39990234375
2019-04-29,8161.85009765625
2019-04-30,8095.39013671875
2019-05-01,8049.64013671875
2019-05-02,8036.77001953125
2019-05-03,8164.0
2019-05-06,8123.2900390625
2019-05-07,7963.759765625
2019-05-08,7943.31982421875
2019-05-09,7910.58984375
2019-05-10,7916.93994140625
2019-05-13,7647.02001953125
2019-05-14,7734.490234375
2019-05-15,7822.14990234375
2019-05-16,7898.0498046875
2019-05-17,7816.27978515625
2019-05-20,7702.3798828125
2019-05-21,7785.72021484375
2019-05-22,7750.83984375
2019-05-23,7628.27978515625
2019-05-24,7637.009765625
2019-05-28,7607.35009765625
2019-05-29,7547.31005859375
2019-05-30,7567.72021484375
2019-05-31,7453.14990234375
2019-06-03,7333.02001953125
2019-06-04,7527.1201171875
2019-06-05,7575.47998046875
2019-06-06,7615.5498046875
2019-06-07,7742.10009765625
2019-06-10,7823.169921875
2019-06-11,7822.56982421875
2019-06-12,7792.72021484375
2019-06-13,7837.1298828125
2019-06-14,7796.66015625
2019-06-17,7845.02001953125
2019-06-18,7953.8798828125
2019-06-19,7987.31982421875
2019-06-20,8051.33984375
2019-06-21,8031.7099609375
2019-06-24,8005.7001953125
2019-06-25,7884.72021484375
2019-06-26,7909.97021484375
2019-06-27,7967.759765625
2019-06-28,8006.240234375
2019-07-01,8091.16015625
2019-07-02,8109.08984375
2019-07-03,8170.22998046875
2019-07-05,8161.7900390625
2019-07-08,8098.3798828125
2019-07-09,8141.72998046875
2019-07-10,8202.5302734375
2019-07-11,8196.0400390625
2019-07-12,8244.1396484375
2019-07-15,8258.1904296875
2019-07-16,8222.7998046875
2019-07-17,8185.2099609375
2019-07-18,8207.240234375
2019-07-19,8146.490234375
2019-07-22,8204.1396484375
2019-07-23,8251.400390625
2019-07-24,8321.5
2019-07-25,8238.5400390625
2019-07-26,8330.2099609375
2019-07-29,8293.330078125
2019-07-30,8273.6103515625
2019-07-31,8175.419921875
2019-08-01,8111.1201171875
2019-08-02,8004.06982421875
2019-08-05,7726.0400390625
2019-08-06,7833.27001953125
2019-08-07,7862.830078125
2019-08-08,8039.16015625
2019-08-09,7959.14013671875
2019-08-12,7863.41015625
2019-08-13,8016.35986328125
2019-08-14,7773.93994140625
2019-08-15,7766.6201171875
2019-08-16,7895.990234375
2019-08-19,8002.81005859375
2019-08-20,7948.56005859375
2019-08-21,8020.2099609375
2019-08-22,7991.39013671875
2019-08-23,7751.77001953125
2019-08-26,7853.740234375
2019-08-27,7826.9501953125
2019-08-28,7856.8798828125
2019-08-29,7973.39013671875
2019-08-30,7962.8798828125
2019-09-03,7874.16015625
2019-09-04,7976.8798828125
2019-09-05,8116.830078125
2019-09-06,8103.06982421875
2019-09-09,8087.43994140625
2019-09-10,8084.16015625
2019-09-11,8169.68017578125
2019-09-12,8194.4697265625
2019-09-13,8176.7099609375
2019-09-16,8153.5400390625
2019-09-17,8186.02001953125
2019-09-18,8177.39013671875
2019-09-19,8182.8798828125
2019-09-20,8117.669921875
2019-09-23,8112.4599609375
2019-09-24,7993.6298828125
2019-09-25,8077.3798828125
2019-09-26,8030.66015625
2019-09-27,7939.6298828125
2019-09-30,7999.33984375
2019-10-01,7908.68017578125
2019-10-02,7785.25
2019-10-03,7872.259765625
2019-10-04,7982.47021484375
2019-10-07,7956.2900390625
2019-10-08,7823.77978515625
2019-10-09,7903.740234375
2019-10-10,7950.77978515625
2019-10-11,8057.0400390625
2019-10-14,8048.64990234375
2019-10-15,8148.7099609375
2019-10-16,8124.18017578125
2019-10-17,8156.85009765625
2019-10-18,8089.5400390625
2019-10-21,8162.990234375
2019-10-22,8104.2998046875
2019-10-23,8119.7900390625
2019-10-24,8185.7998046875
2019-10-25,8243.1201171875
2019-10-28,8325.990234375
2019-10-29,8276.849609375
2019-10-30,8303.98046875
2019-10-31,8292.3603515625
2019-11-01,8386.400390625
2019-11-04,8433.2001953125
2019-11-05,8434.6796875
2019-11-06,8410.6298828125
2019-11-07,8434.51953125
2019-11-08,8475.3095703125
2019-11-11,8464.2802734375
2019-11-12,8486.08984375
2019-11-13,8482.099609375
2019-11-14,8479.01953125
2019-11-15,8540.830078125
2019-11-18,8549.9404296875
2019-11-19,8570.66015625
2019-11-20,8526.73046875
2019-11-21,8506.2099609375
2019-11-22,8519.8798828125
2019-11-25,8632.490234375
2019-11-26,8647.9296875
2019-11-27,8705.1796875
2019-11-29,8665.4697265625
2019-12-02,8567.990234375
2019-12-03,8520.6396484375
2019-12-04,8566.669921875
2019-12-05,8570.7001953125
2019-12-06,8656.5302734375
2019-12-09,8621.830078125
2019-12-10,8616.1796875
2019-12-11,8654.0498046875
2019-12-12,8717.3203125
2019-12-13,8734.8798828125
2019-12-16,8814.23046875
2019-12-17,8823.3603515625
2019-12-18,8827.740234375
2019-12-19,8887.2197265625
2019-12-20,8924.9599609375
2019-12-23,8945.650390625
2019-12-24,8952.8798828125
2019-12-26,9022.3896484375
2019-12-27,9006.6201171875
2019-12-30,8945.990234375
2019-12-31,8972.599609375
2020-01-02,9092.1904296875
2020-01-03,9020.76953125
2020-01-06,9071.4697265625
2020-01-07,9068.580078125
2020-01-08,9129.240234375
2020-01-09,9203.4296875
2020-01-10,9178.8603515625
2020-01-13,9273.9296875
2020-01-14,9251.330078125
2020-01-15,9258.7001953125
2020-01-16,9357.1298828125
2020-01-17,9388.9404296875
2020-01-21,9370.8095703125
2020-01-22,9383.76953125
2020-01-23,9402.48046875
2020-01-24,9314.91015625
2020-01-27,9139.3095703125
2020-01-28,9269.6796875
2020-01-29,9275.16015625
2020-01-30,9298.9296875
2020-01-31,9150.9404296875
2020-02-03,9273.400390625
2020-02-04,9467.9697265625
2020-02-05,9508.6796875
2020-02-06,9572.150390625
2020-02-07,9520.509765625
2020-02-10,9628.3896484375
2020-02-11,9638.9404296875
2020-02-12,9725.9599609375
2020-02-13,9711.9697265625
2020-02-14,9731.1796875
2020-02-18,9732.740234375
2020-02-19,9817.1796875
2020-02-20,9750.9697265625
2020-02-21,9576.58984375
2020-02-24,9221.2802734375
2020-02-25,8965.6103515625
2020-02-26,8980.7802734375
2020-02-27,8566.48046875
2020-02-28,8567.3701171875
2020-03-02,8952.169921875
2020-03-03,8684.08984375
2020-03-04,9018.08984375
2020-03-05,8738.58984375
2020-03-06,8575.6201171875
2020-03-09,7950.68017578125
2020-03-10,8344.25
2020-03-11,7952.0498046875
2020-03-12,7201.7998046875
2020-03-13,7874.8798828125
2020-03-16,6904.58984375
2020-03-17,7334.77978515625
2020-03-18,6989.83984375
2020-03-19,7150.580078125
2020-03-20,6879.52001953125
2020-03-23,6860.669921875
2020-03-24,7417.85986328125
2020-03-25,7384.2998046875
2020-03-26,7797.5400390625
2020-03-27,7502.3798828125
2020-03-30,7774.14990234375
2020-03-31,7700.10009765625
2020-04-01,7360.580078125
2020-04-02,7487.31005859375
2020-04-03,7373.080078125
2020-04-06,7913.240234375
2020-04-07,7887.259765625
2020-04-08,8090.89990234375
2020-04-09,8153.580078125
2020-04-13,8192.419921875
2020-04-14,8515.740234375
2020-04-15,8393.1796875
2020-04-16,8532.3603515625
2020-04-17,8650.1396484375
2020-04-20,8560.73046875
2020-04-21,8263.23046875
2020-04-22,8495.3798828125
2020-04-23,8494.75
2020-04-24,8634.51953125
2020-04-27,8730.16015625
2020-04-28,8607.73046875
2020-04-29,8914.7099609375
2020-04-30,8889.5498046875
2020-05-01,8604.9501953125
2020-05-04,8710.7099609375
2020-05-05,8809.1201171875
2020-05-06,8854.3896484375
2020-05-07,8979.66015625
2020-05-08,9121.3203125
2020-05-11,9192.33984375
2020-05-12,9002.5498046875
2020-05-13,8863.169921875
2020-05-14,8943.7197265625
2020-05-15,9014.5595703125
2020-05-18,9234.830078125
2020-05-19,9185.099609375
2020-05-20,9375.7802734375
2020-05-21,9284.8798828125
2020-05-22,9324.58984375
2020-05-26,9340.2197265625
2020-05-27,9412.3603515625
2020-05-28,9368.990234375
2020-05-29,9489.8701171875
2020-06-01,9552.0498046875
2020-06-02,9608.3798828125
2020-06-03,9682.91015625
2020-06-04,9615.8095703125
2020-06-05,9814.080078125
2020-06-08,9924.75
2020-06-09,9953.75
2020-06-10,10020.349609375
2020-06-11,9492.73046875
2020-06-12,9588.8095703125
2020-06-15,9726.01953125
2020-06-16,9895.8701171875
2020-06-17,9910.5302734375
2020-06-18,9943.0498046875
2020-06-19,9946.1201171875
2020-06-22,10056.48046875
2020-06-23,10131.3701171875
2020-06-24,9909.169921875
2020-06-25,10017.0
2020-06-26,9757.2197265625
2020-06-29,9874.150390625
2020-06-30,10058.76953125
2020-07-01,10154.6298828125
2020-07-02,10207.6298828125
2020-07-06,10433.650390625
2020-07-07,10343.8896484375
2020-07-08,10492.5
2020-07-09,10547.75
2020-07-10,10617.4404296875
2020-07-13,10390.83984375
2020-07-14,10488.580078125
2020-07-15,10550.490234375
2020-07-16,10473.830078125
2020-07-17,10503.1904296875
2020-07-20,10767.08984375
2020-07-21,10680.3603515625
2020-07-22,10706.1298828125
2020-07-23,10461.419921875
2020-07-24,10363.1796875
2020-07-27,10536.26953125
2020-07-28,10402.08984375
2020-07-29,10542.9404296875
2020-07-30,10587.8095703125
2020-07-31,10745.26953125
2020-08-03,10902.7998046875
2020-08-04,10941.169921875
2020-08-05,10998.400390625
2020-08-06,11108.0703125
2020-08-07,11010.98046875
2020-08-10,10968.3603515625
2020-08-11,10782.8203125
2020-08-12,11012.240234375
2020-08-13,11042.5
2020-08-14,11019.2998046875
2020-08-17,11129.73046875
2020-08-18,11210.83984375
2020-08-19,11146.4599609375
2020-08-20,11264.9501953125
2020-08-21,11311.7998046875
2020-08-24,11379.7197265625
2020-08-25,11466.4697265625
2020-08-26,11665.0595703125
2020-08-27,11625.33984375
2020-08-28,11695.6298828125
2020-08-31,11775.4599609375
2020-09-01,11939.669921875
2020-09-02,12056.4404296875
2020-09-03,11458.099609375
2020-09-04,11313.1298828125
2020-09-08,10847.6904296875
2020-09-09,11141.5595703125
2020-09-10,10919.58984375
2020-09-11,10853.5498046875
2020-09-14,11056.650390625
2020-09-15,11190.3203125
2020-09-16,11050.4697265625
2020-09-17,10910.2802734375
2020-09-18,10793.2802734375
2020-09-21,10778.7998046875
2020-09-22,10963.6396484375
2020-09-23,10632.990234375
2020-09-24,10672.26953125
2020-09-25,10913.5595703125
2020-09-28,11117.5302734375
2020-09-29,11085.25
2020-09-30,11167.509765625
2020-10-01,11326.509765625
2020-10-02,11075.01953125
2020-10-05,11332.490234375
2020-10-06,11154.599609375
2020-10-07,11364.599609375
2020-10-08,11420.98046875
2020-10-09,11579.9404296875
2020-10-12,11876.259765625
2020-10-13,11863.900390625
2020-10-14,11768.73046875
2020-10-15,11713.8701171875
2020-10-16,11671.5595703125
2020-10-19,11478.8798828125
2020-10-20,11516.490234375
2020-10-21,11484.6904296875
2020-10-22,11506.009765625
2020-10-23,11548.2802734375
2020-10-26,11358.9404296875
2020-10-27,11431.349609375
2020-10-28,11004.8701171875
2020-10-29,11185.58984375
2020-10-30,10911.58984375
2020-11-02,10957.6103515625
2020-11-03,11160.5703125
2020-11-04,11590.7802734375
2020-11-05,11890.9296875
2020-11-06,11895.23046875
2020-11-09,11713.7802734375
2020-11-10,11553.8603515625
2020-11-11,11786.4296875
2020-11-12,11709.58984375
2020-11-13,11829.2900390625
2020-11-16,11924.1298828125
2020-11-17,11899.33984375
2020-11-18,11801.599609375
2020-11-19,11904.7099609375
2020-11-20,11854.9697265625
2020-11-23,11880.6298828125
2020-11-24,12036.7900390625
2020-11-25,12094.400390625
2020-11-27,12205.849609375
2020-11-30,12198.740234375
2020-12-01,12355.1103515625
2020-12-02,12349.3701171875
2020-12-03,12377.1796875
2020-12-04,12464.23046875
2020-12-07,12519.9501953125
2020-12-08,12582.76953125
2020-12-09,12338.9501953125
2020-12-10,12405.8095703125
2020-12-11,12377.8701171875
2020-12-14,12440.0400390625
2020-12-15,12595.0595703125
2020-12-16,12658.1904296875
2020-12-17,12764.75
2020-12-18,12755.6396484375
2020-12-21,12742.51953125
2020-12-22,12807.919921875
2020-12-23,12771.1103515625
2020-12-24,12804.73046875
2020-12-28,12899.419921875
2020-12-29,12850.2197265625
2020-12-30,12870.0
2020-12-31,12888.2802734375
2021-01-04,12698.4501953125
2021-01-05,12818.9599609375
2021-01-06,12740.7900390625
2021-01-07,13067.48046875
2021-01-08,13201.98046875
2021-01-11,13036.4296875
2021-01-12,13072.4296875
2021-01-13,13128.9501953125
2021-01-14,13112.6396484375
2021-01-15,12998.5
2021-01-19,13197.1796875
2021-01-20,13457.25
2021-01-21,13530.91015625
2021-01-22,13543.0595703125
2021-01-25,13635.990234375
2021-01-26,13626.0595703125
2021-01-27,13270.599609375
2021-01-28,13337.16015625
2021-01-29,13070.6904296875
2021-02-01,13403.3896484375
2021-02-02,13612.7802734375
2021-02-03,13610.5400390625
2021-02-04,13777.740234375
2021-02-05,13856.2998046875
2021-02-08,13987.6396484375
2021-02-09,14007.7001953125
2021-02-10,13972.5302734375
2021-02-11,14025.76953125
2021-02-12,14095.4697265625
2021-02-16,14047.5
2021-02-17,13965.490234375
2021-02-18,13865.3603515625
2021-02-19,13874.4599609375
2021-02-22,13533.0498046875
2021-02-23,13465.2001953125
2021-02-24,13597.9697265625
2021-02-25,13119.4296875
2021-02-26,13192.349609375
2021-03-01,13588.830078125
2021-03-02,13358.7900390625
2021-03-03,12997.75
2021-03-04,12723.4697265625
2021-03-05,12920.150390625
2021-03-08,12609.16015625
2021-03-09,13073.8203125
2021-03-10,13068.830078125
2021-03-11,13398.669921875
2021-03-12,13319.8603515625
2021-03-15,13459.7099609375
2021-03-16,13471.5703125
2021-03-17,13525.2001953125
2021-03-18,13116.169921875
2021-03-19,13215.240234375
2021-03-22,13377.5400390625
2021-03-23,13227.7001953125
2021-03-24,12961.8896484375
2021-03-25,12977.6796875
2021-03-26,13138.73046875
2021-03-29,13059.650390625
2021-03-30,13045.3896484375
2021-03-31,13246.8701171875
2021-04-01,13480.1103515625
2021-04-05,13705.58984375
2021-04-06,13698.3798828125
2021-04-07,13688.83984375
2021-04-08,13829.3095703125
2021-04-09,13900.1904296875
2021-04-12,13850.0
2021-04-13,13996.099609375
2021-04-14,13857.83984375
2021-04-15,14038.759765625
2021-04-16,14052.33984375
2021-04-19,13914.76953125
2021-04-20,13786.26953125
2021-04-21,13950.2197265625
2021-04-22,13818.41015625
2021-04-23,14016.8095703125
2021-04-26,14138.7802734375
2021-04-27,14090.2197265625
2021-04-28,14051.0302734375
2021-04-29,14082.5498046875
2021-04-30,13962.6796875
2021-05-03,13895.1201171875
2021-05-04,13633.5
2021-05-05,13582.419921875
2021-05-06,13632.83984375
2021-05-07,13752.240234375
2021-05-10,13401.8603515625
2021-05-11,13389.4296875
2021-05-12,13031.6796875
2021-05-13,13124.990234375
2021-05-14,13429.98046875
2021-05-17,13379.0498046875
2021-05-18,13303.6396484375
2021-05-19,13299.740234375
2021-05-20,13535.740234375
2021-05-21,13470.990234375
2021-05-24,13661.169921875
2021-05-25,13657.169921875
2021-05-26,13738.0
2021-05-27,13736.2802734375
2021-05-28,13748.740234375
2021-06-01,13736.48046875
2021-06-02,13756.330078125
2021-06-03,13614.509765625
2021-06-04,13814.490234375
2021-06-07,13881.7197265625
2021-06-08,13924.91015625
2021-06-09,13911.75
2021-06-10,14020.330078125
2021-06-11,14069.419921875
2021-06-14,14174.1396484375
2021-06-15,14072.8603515625
2021-06-16,14039.6796875
2021-06-17,14161.349609375
2021-06-18,14030.3798828125
2021-06-21,14141.48046875
2021-06-22,14253.26953125
2021-06-23,14271.73046875
2021-06-24,14369.7099609375
2021-06-25,14360.3896484375
2021-06-28,14500.509765625
2021-06-29,14528.330078125
2021-06-30,14503.9501953125
2021-07-01,14522.3798828125
2021-07-02,14639.330078125
2021-07-06,14663.6396484375
2021-07-07,14665.0595703125
2021-07-08,14559.7802734375
2021-07-09,14701.919921875
2021-07-12,14733.240234375
2021-07-13,14677.650390625
2021-07-14,14644.9501953125
2021-07-15,14543.1298828125
2021-07-16,14427.240234375
2021-07-19,14274.98046875
2021-07-20,14498.8798828125
2021-07-21,14631.9501953125
2021-07-22,14684.599609375
2021-07-23,14836.990234375
2021-07-26,14840.7099609375
2021-07-27,14660.580078125
2021-07-28,14762.580078125
2021-07-29,14778.259765625
2021-07-30,14672.6796875
2021-08-02,14681.0703125
2021-08-03,14761.2900390625
2021-08-04,14780.5302734375
2021-08-05,14895.1201171875
2021-08-06,14835.759765625
2021-08-09,14860.1796875
2021-08-10,14788.08984375
2021-08-11,14765.1396484375
2021-08-12,14816.259765625
2021-08-13,14822.900390625
2021-08-16,14793.759765625
2021-08-17,14656.1796875
2021-08-18,14525.91015625
2021-08-19,14541.7900390625
2021-08-20,14714.66015625
2021-08-23,14942.650390625
2021-08-24,15019.7998046875
2021-08-25,15041.8603515625
2021-08-26,14945.8095703125
2021-08-27,15129.5
2021-08-30,15265.8896484375
2021-08-31,15259.240234375
2021-09-01,15309.3798828125
2021-09-02,15331.1796875
2021-09-03,15363.51953125
2021-09-07,15374.330078125
2021-09-08,15286.6396484375
2021-09-09,15248.25
2021-09-10,15115.490234375
2021-09-13,15105.580078125
2021-09-14,15037.759765625
2021-09-15,15161.5302734375
2021-09-16,15181.919921875
2021-09-17,15043.9697265625
2021-09-20,14713.900390625
2021-09-21,14746.400390625
2021-09-22,14896.849609375
2021-09-23,15052.240234375
2021-09-24,15047.7001953125
2021-09-27,14969.9697265625
2021-09-28,14546.6796875
2021-09-29,14512.4404296875
2021-09-30,14448.580078125
2021-10-01,14566.7001953125
2021-10-04,14255.48046875
2021-10-05,14433.830078125
2021-10-06,14501.91015625
2021-10-07,14654.01953125
2021-10-08,14579.5400390625
2021-10-11,14486.2001953125
2021-10-12,14465.919921875
2021-10-13,14571.6396484375
2021-10-14,14823.4296875
2021-10-15,14897.33984375
2021-10-18,15021.8095703125
2021-10-19,15129.08984375
2021-10-20,15121.6796875
2021-10-21,15215.7001953125
2021-10-22,15090.2001953125
2021-10-25,15226.7099609375
2021-10-26,15235.7099609375
2021-10-27,15235.83984375
2021-10-28,15448.1201171875
2021-10-29,15498.3896484375
2021-11-01,15595.919921875
2021-11-02,15649.599609375
2021-11-03,15811.580078125
2021-11-04,15940.3095703125
2021-11-05,15971.58984375
2021-11-08,15982.3603515625
2021-11-09,15886.5400390625
2021-11-10,15622.7099609375
2021-11-11,15704.2802734375
2021-11-12,15860.9599609375
2021-11-15,15853.849609375
2021-11-16,15973.8603515625
2021-11-17,15921.5703125
2021-11-18,15993.7099609375
2021-11-19,16057.4404296875
2021-11-22,15854.759765625
2021-11-23,15775.1396484375
2021-11-24,15845.23046875
2021-11-26,15491.66015625
2021-11-29,15782.830078125
2021-11-30,15537.6904296875
2021-12-01,15254.0498046875
2021-12-02,15381.3203125
2021-12-03,15085.4697265625
2021-12-06,15225.150390625
2021-12-07,15686.919921875
2021-12-08,15786.990234375
2021-12-09,15517.3701171875
2021-12-10,15630.599609375
2021-12-13,15413.2802734375
2021-12-14,15237.6396484375
2021-12-15,15565.580078125
2021-12-16,15180.4296875
2021-12-17,15169.6796875
2021-12-20,14980.9404296875
2021-12-21,15341.08984375
2021-12-22,15521.8896484375
2021-12-23,15653.3701171875
2021-12-27,15871.259765625
2021-12-28,15781.7197265625
2021-12-29,15766.2197265625
2021-12-30,15741.5595703125
2021-12-31,15644.9697265625
2022-01-03,15832.7998046875
2022-01-04,15622.7197265625
2022-01-05,15100.169921875
2022-01-06,15080.8603515625
2022-01-07,14935.900390625
2022-01-10,14942.830078125
2022-01-11,15153.4501953125
2022-01-12,15188.3896484375
2022-01-13,14806.8095703125
2022-01-14,14893.75
2022-01-18,14506.900390625
2022-01-19,14340.259765625
2022-01-20,14154.01953125
2022-01-21,13768.919921875
2022-01-24,13855.1298828125
2022-01-25,13539.2900390625
2022-01-26,13542.1201171875
2022-01-27,13352.7802734375
2022-01-28,13770.5703125
2022-01-31,14239.8798828125
2022-02-01,14346.0
2022-02-02,14417.5498046875
2022-02-03,13878.8203125
2022-02-04,14098.009765625
2022-02-07,14015.669921875
2022-02-08,14194.4501953125
2022-02-09,14490.3701171875
2022-02-10,14185.6396484375
2022-02-11,13791.150390625
2022-02-14,13790.919921875
2022-02-15,14139.759765625
2022-02-16,14124.08984375
2022-02-17,13716.7197265625
2022-02-18,13548.0703125
2022-02-22,13381.51953125
2022-02-23,13037.490234375
2022-02-24,13473.58984375
2022-02-25,13694.6201171875
2022-02-28,13751.400390625
2022-03-01,13532.4599609375
2022-03-02,13752.01953125
2022-03-03,13537.9404296875
2022-03-04,13313.4404296875
2022-03-07,12830.9599609375
2022-03-08,12795.5498046875
2022-03-09,13255.5498046875
2022-03-10,13129.9599609375
2022-03-11,12843.8095703125
2022-03-14,12581.2197265625
2022-03-15,12948.6201171875
2022-03-16,13436.5498046875
2022-03-17,13614.7802734375
2022-03-18,13893.83984375
2022-03-21,13838.4599609375
2022-03-22,14108.8203125
2022-03-23,13922.599609375
2022-03-24,14191.83984375
2022-03-25,14169.2998046875
2022-03-28,14354.900390625
2022-03-29,14619.6396484375
2022-03-30,14442.26953125
2022-03-31,14220.51953125
2022-04-01,14261.5
2022-04-04,14532.5498046875
2022-04-05,14204.169921875
2022-04-06,13888.8203125
2022-04-07,13897.2998046875
2022-04-08,13711.0
2022-04-11,13411.9599609375
2022-04-12,13371.5703125
2022-04-13,13643.58984375
2022-04-14,13351.080078125
2022-04-18,13332.3603515625
2022-04-19,13619.66015625
2022-04-20,13453.0703125
2022-04-21,13174.650390625
2022-04-22,12839.2900390625
2022-04-25,13004.849609375
2022-04-26,12490.740234375
2022-04-27,12488.9296875
2022-04-28,12871.5302734375
2022-04-29,12334.6396484375
2022-05-02,12536.01953125
2022-05-03,12563.759765625
2022-05-04,12964.8603515625
2022-05-05,12317.6904296875
2022-05-06,12144.66015625
2022-05-09,11623.25
2022-05-10,11737.669921875
2022-05-11,11364.240234375
2022-05-12,11370.9599609375
2022-05-13,11805.0
2022-05-16,11662.7900390625
2022-05-17,11984.51953125
2022-05-18,11418.150390625
2022-05-19,11388.5
2022-05-20,11354.6201171875
2022-05-23,11535.26953125
2022-05-24,11264.4501953125
2022-05-25,11434.740234375
2022-05-26,11740.650390625
2022-05-27,12131.1298828125
2022-05-31,12081.3896484375
2022-06-01,11994.4599609375
2022-06-02,12316.900390625
2022-06-03,12012.73046875
2022-06-06,12061.3701171875
2022-06-07,12175.23046875
2022-06-08,12086.26953125
2022-06-09,11754.23046875
2022-06-10,11340.01953125
2022-06-13,10809.23046875
2022-06-14,10828.349609375
2022-06-15,11099.150390625
2022-06-16,10646.099609375
2022-06-17,10798.349609375
2022-06-21,11069.2998046875
2022-06-22,11053.080078125
2022-06-23,11232.1904296875
2022-06-24,11607.6201171875
2022-06-27,11524.5498046875
2022-06-28,11181.5400390625
2022-06-29,11177.8896484375
2022-06-30,11028.740234375
2022-07-01,11127.849609375
2022-07-05,11322.240234375
2022-07-06,11361.849609375
2022-07-07,11621.349609375
2022-07-08,11635.3095703125
2022-07-11,11372.599609375
2022-07-12,11264.73046875
2022-07-13,11247.580078125
2022-07-14,11251.1904296875
2022-07-15,11452.419921875
2022-07-18,11360.0498046875
2022-07-19,11713.150390625
2022-07-20,11897.650390625
2022-07-21,12059.6103515625
2022-07-22,11834.1103515625
2022-07-25,11782.669921875
2022-07-26,11562.5703125
2022-07-27,12032.419921875
2022-07-28,12162.58984375
2022-07-29,12390.6904296875
2022-08-01,12368.98046875
2022-08-02,12348.759765625
2022-08-03,12668.16015625
2022-08-04,12720.580078125
2022-08-05,12657.5498046875
2022-08-08,12644.4599609375
2022-08-09,12493.9296875
2022-08-10,12854.7998046875
2022-08-11,12779.91015625
2022-08-12,13047.1904296875
2022-08-15,13128.0498046875
2022-08-16,13102.5498046875
2022-08-17,12938.1201171875
2022-08-18,12965.33984375
2022-08-19,12705.2197265625
2022-08-22,12381.5703125
2022-08-23,12381.2998046875
2022-08-24,12431.5302734375
2022-08-25,12639.26953125
2022-08-26,12141.7099609375
2022-08-29,12017.669921875
2022-08-30,11883.1396484375
2022-08-31,11816.2001953125
2022-09-01,11785.1298828125
2022-09-02,11630.8603515625
2022-09-06,11544.91015625
2022-09-07,11791.900390625
2022-09-08,11862.1298828125
2022-09-09,12112.3095703125
2022-09-12,12266.41015625
2022-09-13,11633.5703125
2022-09-14,11719.6796875
2022-09-15,11552.3603515625
2022-09-16,11448.400390625
2022-09-19,11535.01953125
2022-09-20,11425.0498046875
2022-09-21,11220.1904296875
2022-09-22,11066.8095703125
2022-09-23,10867.9296875
2022-09-26,10802.919921875
2022-09-27,10829.5
2022-09-28,11051.6396484375
2022-09-29,10737.509765625
2022-09-30,10575.6201171875
2022-10-03,10815.4296875
2022-10-04,11176.41015625
2022-10-05,11148.6396484375
2022-10-06,11073.3095703125
2022-10-07,10652.400390625
2022-10-10,10542.099609375
2022-10-11,10426.1904296875
2022-10-12,10417.099609375
2022-10-13,10649.150390625
2022-10-14,10321.3896484375
2022-10-17,10675.7998046875
2022-10-18,10772.400390625
2022-10-19,10680.509765625
2022-10-20,10614.83984375
2022-10-21,10859.7197265625
2022-10-24,10952.6103515625
2022-10-25,11199.1201171875
2022-10-26,10970.990234375
2022-10-27,10792.669921875
2022-10-28,11102.4501953125
2022-10-31,10988.150390625
2022-11-01,10890.849609375
2022-11-02,10524.7998046875
2022-11-03,10342.9404296875
2022-11-04,10475.25
2022-11-07,10564.51953125
2022-11-08,10616.2001953125
2022-11-09,10353.169921875
2022-11-10,11114.150390625
2022-11-11,11323.330078125
2022-11-14,11196.2197265625
2022-11-15,11358.41015625
2022-11-16,11183.66015625
2022-11-17,11144.9599609375
2022-11-18,11146.0595703125
2022-11-21,11024.509765625
2022-11-22,11174.41015625
2022-11-23,11285.3203125
2022-11-25,11226.3603515625
2022-11-28,11049.5
2022-11-29,10983.7802734375
2022-11-30,11468.0
2022-12-01,11482.4501953125
2022-12-02,11461.5
2022-12-05,11239.9404296875
2022-12-06,11014.8896484375
2022-12-07,10958.5498046875
2022-12-08,11082.0
2022-12-09,11004.6201171875
2022-12-12,11143.740234375
2022-12-13,11256.8095703125
2022-12-14,11170.8896484375
2022-12-15,10810.5302734375
2022-12-16,10705.41015625
2022-12-19,10546.0302734375
2022-12-20,10547.1103515625
2022-12-21,10709.3701171875
2022-12-22,10476.1201171875
2022-12-23,10497.8603515625
2022-12-27,10353.23046875
2022-12-28,10213.2900390625
2022-12-29,10478.08984375
2022-12-30,10466.48046875
2023-01-03,10386.98046875
2023-01-04,10458.759765625
2023-01-05,10305.240234375
2023-01-06,10569.2900390625
2023-01-09,10635.650390625
2023-01-10,10742.6298828125
2023-01-11,10931.669921875
2023-01-12,11001.099609375
2023-01-13,11079.16015625
2023-01-17,11095.1103515625
2023-01-18,10957.009765625
2023-01-19,10852.26953125
2023-01-20,11140.4296875
2023-01-23,11364.41015625
2023-01-24,11334.26953125
2023-01-25,11313.3603515625
2023-01-26,11512.41015625
2023-01-27,11621.7099609375
2023-01-30,11393.8095703125
2023-01-31,11584.5498046875
2023-02-01,11816.3203125
2023-02-02,12200.8203125
2023-02-03,12006.9501953125
2023-02-06,11887.4501953125
2023-02-07,12113.7900390625
2023-02-08,11910.51953125
2023-02-09,11789.580078125
2023-02-10,11718.1201171875
2023-02-13,11891.7900390625
2023-02-14,11960.150390625
2023-02-15,12070.58984375
2023-02-16,11855.830078125
2023-02-17,11787.26953125
2023-02-21,11492.2998046875
2023-02-22,11507.0703125
2023-02-23,11590.400390625
2023-02-24,11394.9404296875
2023-02-27,11466.98046875
2023-02-28,11455.5400390625
2023-03-01,11379.48046875
2023-03-02,11462.98046875
2023-03-03,11689.009765625
2023-03-06,11675.740234375
2023-03-07,11530.330078125
2023-03-08,11576.0
2023-03-09,11338.349609375
2023-03-10,11138.8896484375
2023-03-13,11188.83984375
2023-03-14,11428.150390625
2023-03-15,11434.0498046875
2023-03-16,11717.2802734375
2023-03-17,11630.509765625
2023-03-20,11675.5400390625
2023-03-21,11860.1103515625
2023-03-22,11669.9599609375
2023-03-23,11787.400390625
2023-03-24,11823.9599609375
2023-03-27,11768.83984375
2023-03-28,11716.080078125
2023-03-29,11926.240234375
2023-03-30,12013.4697265625
2023-03-31,12221.91015625
2023-04-03,12189.4501953125
2023-04-04,12126.330078125
2023-04-05,11996.8603515625
2023-04-06,12087.9599609375
2023-04-10,12084.3603515625
2023-04-11,12031.8798828125
2023-04-12,11929.33984375
2023-04-13,12166.26953125
2023-04-14,12123.4697265625
2023-04-17,12157.7197265625
2023-04-18,12153.41015625
2023-04-19,12157.23046875
2023-04-20,12059.5595703125
2023-04-21,12072.4599609375
2023-04-24,12037.2001953125
2023-04-25,11799.16015625
2023-04-26,11854.349609375
2023-04-27,12142.240234375
2023-04-28,12226.580078125
2023-05-01,12212.599609375
2023-05-02,12080.509765625
2023-05-03,12025.330078125
2023-05-04,11966.400390625
2023-05-05,12235.41015625
2023-05-08,12256.919921875
2023-05-09,12179.5498046875
2023-05-10,12306.4404296875
2023-05-11,12328.509765625
2023-05-12,12284.740234375
2023-05-15,12365.2099609375
2023-05-16,12343.0498046875
2023-05-17,12500.5703125
2023-05-18,12688.83984375
2023-05-19,12657.900390625
2023-05-22,12720.7802734375
2023-05-23,12560.25
2023-05-24,12484.16015625
2023-05-25,12698.08984375
2023-05-26,12975.6904296875
2023-05-30,13017.4296875
2023-05-31,12935.2900390625
2023-06-01,13100.98046875
2023-06-02,13240.76953125
2023-06-05,13229.4296875
2023-06-06,13276.419921875
2023-06-07,13104.900390625
2023-06-08,13238.51953125
2023-06-09,13259.1396484375
2023-06-12,13461.919921875
2023-06-13,13573.3203125
2023-06-14,13626.48046875
2023-06-15,13782.8203125
2023-06-16,13689.5703125
2023-06-20,13667.2900390625
2023-06-21,13502.2001953125
2023-06-22,13630.6103515625
2023-06-23,13492.51953125
2023-06-26,13335.7802734375
2023-06-27,13555.669921875
2023-06-28,13591.75
2023-06-29,13591.330078125
2023-06-30,13787.919921875
2023-07-03,13816.76953125
2023-07-05,13791.650390625
2023-07-06,13679.0400390625
2023-07-07,13660.7197265625
2023-07-10,13685.48046875
2023-07-11,13760.7001953125
2023-07-12,13918.9599609375
2023-07-13,14138.5703125
2023-07-14,14113.7001953125
2023-07-17,14244.9501953125
2023-07-18,14353.6396484375
2023-07-19,14358.01953125
2023-07-20,14063.3095703125
2023-07-21,14032.8095703125
2023-07-24,14058.8701171875
2023-07-25,14144.5595703125
2023-07-26,14127.2802734375
2023-07-27,14050.1103515625
2023-07-28,14316.66015625
2023-07-31,14346.01953125
2023-08-01,14283.91015625
2023-08-02,13973.4501953125
2023-08-03,13959.7197265625
2023-08-04,13909.240234375
2023-08-07,13994.400390625
2023-08-08,13884.3203125
2023-08-09,13722.01953125
2023-08-10,13737.990234375
2023-08-11,13644.849609375
2023-08-14,13788.330078125
2023-08-15,13631.0498046875
2023-08-16,13474.6298828125
2023-08-17,13316.9296875
2023-08-18,13290.7802734375
2023-08-21,13497.58984375
2023-08-22,13505.8701171875
2023-08-23,13721.0302734375
2023-08-24,13463.9697265625
2023-08-25,13590.650390625
2023-08-28,13705.1298828125
2023-08-29,13943.759765625
2023-08-30,14019.3095703125
2023-08-31,14034.9697265625
2023-09-01,14031.8095703125
2023-09-05,14020.9501953125
2023-09-06,13872.4697265625
2023-09-07,13748.830078125
2023-09-08,13761.5302734375
2023-09-11,13917.8896484375
2023-09-12,13773.6103515625
2023-09-13,13813.58984375
2023-09-14,13926.0498046875
2023-09-15,13708.330078125
2023-09-18,13710.240234375
2023-09-19,13678.1904296875
2023-09-20,13469.1298828125
2023-09-21,13223.98046875
2023-09-22,13211.8095703125
2023-09-25,13271.3203125
2023-09-26,13063.6103515625
2023-09-27,13092.849609375
2023-09-28,13201.2802734375
2023-09-29,13219.3203125
2023-10-02,13307.76953125
2023-10-03,13059.4697265625
2023-10-04,13236.009765625
2023-10-05,13219.830078125
2023-10-06,13431.33984375
2023-10-09,13484.240234375
2023-10-10,13562.83984375
2023-10-11,13659.6796875
2023-10-12,13574.2197265625
2023-10-13,13407.23046875
2023-10-16,13567.98046875
2023-10-17,13533.75
2023-10-18,13314.2998046875
2023-10-19,13186.1796875
2023-10-20,12983.8095703125
2023-10-23,13018.330078125
2023-10-24,13139.8701171875
2023-10-25,12821.2197265625
2023-10-26,12595.6103515625
2023-10-27,12643.009765625
2023-10-30,12789.48046875
2023-10-31,12851.240234375
2023-11-01,13061.4697265625
2023-11-02,13294.1904296875
2023-11-03,13478.2802734375
2023-11-06,13518.7802734375
2023-11-07,13639.8603515625
2023-11-08,13650.41015625
2023-11-09,13521.4501953125
2023-11-10,13798.1103515625
2023-11-13,13767.740234375
2023-11-14,14094.3798828125
2023-11-15,14103.83984375
2023-11-16,14113.669921875
2023-11-17,14125.48046875
2023-11-20,14284.5302734375
2023-11-21,14199.98046875
2023-11-22,14265.8603515625
2023-11-24,14250.849609375
2023-11-27,14241.01953125
2023-11-28,14281.759765625
2023-11-29,14258.490234375
2023-11-30,14226.2197265625
2023-12-01,14305.0302734375
2023-12-04,14185.490234375
2023-12-05,14229.91015625
2023-12-06,14146.7099609375
2023-12-07,14339.990234375
2023-12-08,14403.9697265625
2023-12-11,14432.490234375
2023-12-12,14533.400390625
2023-12-13,14733.9599609375
2023-12-14,14761.5595703125
2023-12-15,14813.919921875
2023-12-18,14904.8095703125
2023-12-19,15003.2197265625
2023-12-20,14777.9404296875
2023-12-21,14963.8701171875
2023-12-22,14992.9697265625
2023-12-26,15074.5703125
2023-12-27,15099.1796875
2023-12-28,15095.1396484375
2023-12-29,15011.349609375
2024-01-02,14765.9404296875
2024-01-03,14592.2099609375
2024-01-04,14510.2998046875
2024-01-05,14524.0703125
2024-01-08,14843.76953125
2024-01-09,14857.7099609375
2024-01-10,14969.650390625
2024-01-11,14970.1904296875
2024-01-12,14972.759765625
2024-01-16,14944.349609375
2024-01-17,14855.6201171875
2024-01-18,15055.650390625
2024-01-19,15310.9697265625
2024-01-22,15360.2900390625
2024-01-23,15425.9404296875
2024-01-24,15481.919921875
2024-01-25,15510.5
2024-01-26,15455.3603515625
2024-01-29,15628.0400390625
2024-01-30,15509.900390625
2024-01-31,15164.009765625
2024-02-01,15361.6396484375
2024-02-02,15628.9501953125
2024-02-05,15597.6796875
2024-02-06,15609.0
2024-02-07,15756.6396484375
2024-02-08,15793.7099609375
2024-02-09,15990.66015625
2024-02-12,15942.5498046875
2024-02-13,15655.599609375
2024-02-14,15859.150390625
2024-02-15,15906.169921875
2024-02-16,15775.650390625
2024-02-20,15630.7802734375
2024-02-21,15580.8701171875
2024-02-22,16041.6201171875
2024-02-23,15996.8203125
2024-02-26,15976.25
2024-02-27,16035.2998046875
2024-02-28,15947.740234375
2024-02-29,16091.919921875
2024-03-01,16274.9404296875
2024-03-04,16207.509765625
2024-03-05,15939.58984375
2024-03-06,16031.5400390625
2024-03-07,16273.3798828125
2024-03-08,16085.1103515625
2024-03-11,16019.26953125
2024-03-12,16265.6396484375
2024-03-13,16177.76953125
2024-03-14,16128.5302734375
2024-03-15,15973.169921875
2024-03-18,16103.4501953125
2024-03-19,16166.7900390625
2024-03-20,16369.41015625
2024-03-21,16401.83984375
2024-03-22,16428.8203125
2024-03-25,16384.470703125
2024-03-26,16315.7001953125
2024-03-27,16399.51953125
2024-03-28,16379.4599609375
2024-04-01,16396.830078125
2024-04-02,16240.4501953125
2024-04-03,16277.4599609375
2024-04-04,16049.080078125
2024-04-05,16248.51953125
2024-04-08,16253.9599609375
2024-04-09,16306.6396484375
2024-04-10,16170.3603515625
2024-04-11,16442.19921875
2024-04-12,16175.08984375
2024-04-15,15885.01953125
2024-04-16,15865.25
2024-04-17,15683.3701171875
2024-04-18,15601.5
2024-04-19,15282.009765625
2024-04-22,15451.3095703125
2024-04-23,15696.6396484375
2024-04-24,15712.75
2024-04-25,15611.759765625
2024-04-26,15927.900390625
2024-04-29,15983.080078125
2024-04-30,15657.8203125
2024-05-01,15605.48046875
2024-05-02,15840.9599609375
2024-05-03,16156.330078125
2024-05-06,16349.25
2024-05-07,16332.5595703125
2024-05-08,16302.759765625
2024-05-09,16346.259765625
2024-05-10,16340.8701171875
2024-05-13,16388.240234375
2024-05-14,16511.1796875
2024-05-15,16742.390625
2024-05-16,16698.3203125
2024-05-17,16685.970703125
2024-05-20,16794.869140625
2024-05-21,16832.619140625
2024-05-22,16801.5390625
2024-05-23,16736.029296875
2024-05-24,16920.7890625
2024-05-28,17019.880859375
2024-05-29,16920.580078125
2024-05-30,16737.080078125
2024-05-31,16735.01953125
2024-06-03,16828.669921875
2024-06-04,16857.05078125
2024-06-05,17187.900390625
2024-06-06,17173.119140625
2024-06-07,17133.130859375
2024-06-10,17192.529296875
2024-06-11,17343.55078125
2024-06-12,17608.439453125
2024-06-13,17667.560546875
2024-06-14,17688.880859375
2024-06-17,17857.01953125
2024-06-18,17862.23046875
2024-06-20,17721.58984375
2024-06-21,17689.359375
2024-06-24,17496.8203125
2024-06-25,17717.650390625
2024-06-26,17805.16015625
2024-06-27,17858.6796875
2024-06-28,17732.599609375
2024-07-01,17879.30078125
2024-07-02,18028.759765625
2024-07-03,18188.30078125
2024-07-05,18352.759765625
2024-07-08,18403.740234375
2024-07-09,18429.2890625
2024-07-10,18647.44921875
2024-07-11,18283.41015625
2024-07-12,18398.44921875
2024-07-15,18472.5703125
2024-07-16,18509.33984375
2024-07-17,17996.919921875
2024-07-18,17871.220703125
2024-07-19,17726.939453125
2024-07-22,18007.5703125
2024-07-23,17997.349609375
2024-07-24,17342.41015625
2024-07-25,17181.720703125
2024-07-26,17357.880859375
2024-07-29,17370.19921875
2024-07-30,17147.419921875
2024-07-31,17599.400390625
2024-08-01,17194.150390625
2024-08-02,16776.16015625
2024-08-05,16200.080078125
2024-08-06,16366.849609375
2024-08-07,16195.8095703125
2024-08-08,16660.01953125
2024-08-09,16745.30078125
2024-08-12,16780.609375
2024-08-13,17187.609375
2024-08-14,17192.599609375
2024-08-15,17594.5
2024-08-16,17631.720703125
2024-08-19,17876.76953125
2024-08-20,17816.939453125
2024-08-21,17918.990234375
2024-08-22,17619.349609375
2024-08-23,17877.7890625
2024-08-26,17725.76953125
2024-08-27,17754.8203125
2024-08-28,17556.029296875
2024-08-29,17516.4296875
2024-08-30,17713.619140625
2024-09-03,17136.30078125
2024-09-04,17084.30078125
2024-09-05,17127.66015625
2024-09-06,16690.830078125
2024-09-09,16884.599609375
2024-09-10,17025.880859375
2024-09-11,17395.529296875
2024-09-12,17569.6796875
2024-09-13,17683.98046875
2024-09-16,17592.130859375
2024-09-17,17628.060546875
2024-09-18,17573.30078125
2024-09-19,18013.98046875
2024-09-20,17948.3203125
2024-09-23,17974.26953125
2024-09-24,18074.51953125
2024-09-25,18082.2109375
2024-09-26,18190.2890625
2024-09-27,18119.58984375
2024-09-30,18189.169921875
2024-10-01,17910.359375
2024-10-02,17925.119140625
2024-10-03,17918.48046875
2024-10-04,18137.849609375
2024-10-07,17923.900390625
2024-10-08,18182.919921875
2024-10-09,18291.619140625
2024-10-10,18282.05078125
2024-10-11,18342.939453125
2024-10-14,18502.689453125
2024-10-15,18315.58984375
2024-10-16,18367.080078125
2024-10-17,18373.609375
2024-10-18,18489.55078125
2024-10-21,18540.009765625
2024-10-22,18579.76953125
2024-10-23,18276.650390625
2024-10-24,18415.490234375
2024-10-25,18518.609375
2024-10-28,18567.189453125
2024-10-29,18712.75
2024-10-30,18607.9296875
2024-10-31,18095.150390625
2024-11-01,18239.919921875
2024-11-04,18179.98046875
2024-11-05,18439.169921875
2024-11-06,18983.470703125
2024-11-07,19269.4609375
2024-11-08,19286.779296875
2024-11-11,19298.759765625
2024-11-12,19281.400390625
2024-11-13,19230.720703125
2024-11-14,19107.650390625
2024-11-15,18680.119140625
2024-11-18,18791.810546875
2024-11-19,18987.470703125
2024-11-20,18966.140625
2024-11-21,18972.419921875
2024-11-22,19003.650390625
2024-11-25,19054.83984375
2024-11-26,19174.30078125
2024-11-27,19060.48046875
2024-11-29,19218.169921875
2024-12-02,19403.94921875
2024-12-03,19480.91015625
2024-12-04,19735.119140625
2024-12-05,19700.259765625
2024-12-06,19859.76953125
2024-12-09,19736.689453125
2024-12-10,19687.240234375
2024-12-11,20034.890625
2024-12-12,19902.83984375
2024-12-13,19926.720703125
2024-12-16,20173.890625
2024-12-17,20109.060546875
2024-12-18,19392.689453125
2024-12-19,19372.76953125
2024-12-20,19572.599609375
2024-12-23,19764.880859375
2024-12-24,20031.130859375
2024-12-26,20020.359375
2024-12-27,19722.029296875
2024-12-30,19486.7890625
2024-12-31,19310.7890625
2025-01-02,19280.7890625
2025-01-03,19621.6796875
2025-01-06,19864.98046875
2025-01-07,19489.6796875
2025-01-08,19478.880859375
2025-01-10,19161.630859375
2025-01-13,19088.099609375
2025-01-14,19044.390625
2025-01-15,19511.23046875
2025-01-16,19338.2890625
2025-01-17,19630.19921875
2025-01-21,19756.779296875
2025-01-22,20009.33984375
2025-01-23,20053.6796875
2025-01-24,19954.30078125
2025-01-27,19341.830078125
2025-01-28,19733.58984375
2025-01-29,19632.3203125
2025-01-30,19681.75
2025-01-31,19627.439453125
2025-02-03,19391.9609375
2025-02-04,19654.01953125
2025-02-05,19692.330078125
2025-02-06,19791.990234375
2025-02-07,19523.400390625
2025-02-10,19714.26953125
2025-02-11,19643.859375
2025-02-12,19649.94921875
2025-02-13,19945.640625
2025-02-14,20026.76953125
2025-02-18,20041.259765625
2025-02-19,20056.25
2025-02-20,19962.359375
2025-02-21,19524.009765625
2025-02-24,19286.9296875
2025-02-25,19026.390625
2025-02-26,19075.259765625
2025-02-27,18544.419921875
2025-02-28,18847.279296875
2025-03-03,18350.189453125
2025-03-04,18285.16015625
2025-03-05,18552.73046875
2025-03-06,18069.259765625
2025-03-07,18196.220703125
2025-03-10,17468.3203125
2025-03-11,17436.099609375
2025-03-12,17648.44921875
2025-03-13,17303.009765625
2025-03-14,17754.08984375
2025-03-17,17808.66015625
2025-03-18,17504.119140625
2025-03-19,17750.7890625
2025-03-20,17691.630859375
2025-03-21,17784.05078125
2025-03-24,18188.58984375
2025-03-25,18271.859375
2025-03-26,17899.01953125
2025-03-27,17804.029296875
2025-03-28,17322.990234375
2025-03-31,17299.2890625
2025-04-01,17449.890625
2025-04-02,17601.05078125
2025-04-03,16550.609375
2025-04-04,15587.7900390625
2025-04-07,15603.259765625
2025-04-08,15267.91015625
2025-04-09,17124.970703125
2025-04-10,16387.310546875
2025-04-11,16724.4609375
2025-04-14,16831.48046875
2025-04-15,16823.169921875
2025-04-16,16307.16015625
2025-04-17,16286.4501953125
2025-04-21,15870.900390625
2025-04-22,16300.419921875
2025-04-23,16708.05078125
2025-04-24,17166.0390625
2025-04-25,17382.939453125
2025-04-28,17366.130859375
2025-04-29,17461.3203125
2025-04-30,17446.33984375
2025-05-01,17710.740234375
2025-05-02,17977.73046875
2025-05-05,17844.240234375
2025-05-06,17689.66015625
2025-05-07,17738.16015625
2025-05-08,17928.140625
2025-05-09,17928.919921875
2025-05-12,18708.33984375
2025-05-13,19010.08984375
2025-05-14,19146.810546875
2025-05-15,19112.3203125
2025-05-16,19211.099609375
2025-05-19,19215.4609375
2025-05-20,19142.7109375
2025-05-21,18872.640625
2025-05-22,18925.740234375
2025-05-23,18737.2109375
2025-05-27,19199.16015625
2025-05-28,19100.939453125
2025-05-29,19175.869140625
2025-05-30,19113.76953125
2025-06-02,19242.609375
2025-06-03,19398.9609375
2025-06-04,19460.490234375
2025-06-05,19298.44921875
2025-06-06,19529.94921875
2025-06-09,19591.240234375
2025-06-10,19714.990234375
2025-06-11,19615.880859375
2025-06-12,19662.490234375
2025-06-13,19406.830078125
2025-06-16,19701.2109375
2025-06-17,19521.08984375
2025-06-18,19546.26953125
2025-06-20,19447.41015625
2025-06-23,19630.970703125
2025-06-24,19912.529296875
2025-06-25,19973.55078125
2025-06-26,20167.91015625
2025-06-27,20273.4609375
2025-06-30,20369.73046875
2025-07-01,20202.890625
2025-07-02,20393.130859375
2025-07-03,20601.099609375
2025-07-07,20412.51953125
2025-07-08,20418.4609375
2025-07-09,20611.33984375
2025-07-10,20630.66015625
2025-07-11,20585.529296875
2025-07-14,20640.330078125
2025-07-15,20677.80078125
2025-07-16,20730.490234375
2025-07-17,20885.650390625
2025-07-18,20895.650390625
2025-07-21,20974.1796875
2025-07-22,20892.689453125
2025-07-23,21020.01953125
2025-07-24,21057.9609375
2025-07-25,21108.3203125
2025-07-28,21178.580078125
2025-07-29,21098.2890625
2025-07-30,21129.669921875
2025-07-31,21122.44921875
2025-08-01,20650.130859375
2025-08-04,21053.580078125
2025-08-05,20916.55078125
2025-08-06,21169.419921875
2025-08-07,21242.69921875
2025-08-08,21450.01953125
2025-08-11,21385.400390625
2025-08-12,21681.900390625
2025-08-13,21713.140625
2025-08-14,21710.669921875
2025-08-15,21622.98046875
2025-08-18,21629.76953125
2025-08-19,21314.94921875
2025-08-20,21172.859375
2025-08-21,21100.310546875
2025-08-22,21496.5390625
2025-08-25,21449.2890625
2025-08-26,21544.26953125
2025-08-27,21590.140625
2025-08-28,21705.16015625
2025-08-29,21455.55078125
2025-09-02,21279.630859375
2025-09-03,21497.73046875
2025-09-04,21707.689453125
2025-09-05,21700.390625
2025-09-08,21798.69921875
2025-09-09,21879.490234375
2025-09-10,21886.060546875
2025-09-11,22043.0703125
2025-09-12,22141.099609375
2025-09-15,22348.75
2025-09-16,22333.9609375
2025-09-17,22261.330078125
2025-09-18,22470.720703125
2025-09-19,22631.48046875
2025-09-22,22788.98046875
2025-09-23,22573.470703125
2025-09-24,22497.859375
2025-09-25,22384.69921875
2025-09-26,22484.0703125
2025-09-29,22591.150390625
2025-09-30,22660.009765625
2025-10-01,22755.16015625
2025-10-02,22844.05078125
2025-10-03,22780.509765625
2025-10-06,22941.669921875
2025-10-07,22788.359375
2025-10-08,23043.380859375
2025-10-09,23024.630859375
2025-10-10,22204.4296875
2025-10-13,22694.609375
2025-10-14,22521.69921875
2025-10-15,22670.080078125
2025-10-16,22562.5390625
2025-10-17,22679.970703125
2025-10-20,22990.5390625
2025-10-21,22953.669921875
2025-10-22,22740.400390625
2025-10-23,22941.80078125
2025-10-24,23204.869140625
2025-10-27,23637.4609375
2025-10-28,23827.490234375
2025-10-29,23958.470703125
2025-10-30,23581.140625
2025-10-31,23724.9609375
2025-11-03,23834.720703125
2025-11-04,23348.640625
2025-11-05,23499.80078125
2025-11-06,23053.990234375
2025-11-07,23004.5390625
2025-11-10,23527.169921875
2025-11-11,23468.30078125
2025-11-12,23406.4609375
2025-11-13,22870.359375
2025-11-14,22900.58984375
2025-11-17,22708.0703125
2025-11-18,22432.849609375
2025-11-19,22564.23046875
2025-11-20,22078.05078125
2025-11-21,22273.080078125
2025-11-24,22872.009765625
2025-11-25,23025.58984375
2025-11-26,23214.689453125
2025-11-28,23365.689453125
2025-12-01,23275.919921875
2025-12-02,23413.669921875
2025-12-03,23454.08984375
2025-12-04,23505.140625
2025-12-05,23578.130859375
2025-12-08,23545.900390625
2025-12-09,23576.490234375
2025-12-10,23654.150390625
2025-12-11,23593.859375
2025-12-12,23195.169921875
2025-12-15,23057.41015625
2025-12-16,23111.4609375
2025-12-17,22693.3203125
2025-12-18,23006.359375
2025-12-19,23307.619140625
2025-12-22,23428.830078125
2025-12-23,23561.83984375
2025-12-24,23613.310546875
2025-12-26,23593.099609375
2025-12-29,23474.349609375
2025-12-30,23419.080078125
2025-12-31,23241.990234375
2026-01-02,23235.630859375
2026-01-05,23395.8203125
2026-01-06,23547.169921875
2026-01-07,23584.279296875
2026-01-08,23480.01953125
2026-01-09,23671.349609375
2026-01-12,23733.900390625
2026-01-13,23709.869140625
2026-01-14,23471.75
2026-01-15,23530.01953125
2026-01-16,23515.390625
2026-01-20,22954.3203125
2026-01-21,23224.8203125
2026-01-22,23436.01953125
2026-01-23,23501.240234375
2026-01-26,23601.359375
2026-01-27,23817.099609375
2026-01-28,23857.44921875
2026-01-29,23685.119140625
2026-01-30,23461.8203125
2026-02-02,23592.109375
2026-02-03,23255.189453125
2026-02-04,22904.580078125
2026-02-05,22540.58984375
2026-02-06,23031.2109375
2026-02-09,23238.669921875
2026-02-10,23102.470703125
2026-02-11,23066.470703125
2026-02-12,22597.150390625
2026-02-13,22546.669921875
2026-02-17,22578.380859375
2026-02-18,22753.630859375
2026-02-19,22682.73046875
2026-02-20,22886.0703125
2026-02-23,22627.26953125
2026-02-24,22863.6796875
2026-02-25,23152.080078125
2026-02-26,22878.380859375
2026-02-27,22668.2109375
2026-03-02,22748.859375
2026-03-03,22516.689453125
2026-03-04,22807.48046875
2026-03-05,22748.990234375
2026-03-06,22387.6796875
2026-03-09,22695.94921875
2026-03-10,22697.099609375
2026-03-11,22716.130859375
2026-03-12,22311.98046875
2026-03-13,22105.359375
2026-03-16,22374.1796875
2026-03-17,22479.529296875
2026-03-18,22152.419921875
2026-03-19,22090.689453125
2026-03-20,21647.609375
2026-03-23,21946.759765625
2026-03-24,21761.890625
2026-03-25,21929.8203125
2026-03-26,21408.080078125
2026-03-27,20948.359375
2026-03-30,20794.640625
2026-03-31,21590.630859375
2026-04-01,21840.94921875
2026-04-02,21879.1796875
2026-04-06,21996.33984375
2026-04-07,22017.849609375
2026-04-08,22634.990234375
2026-04-09,22822.419921875
2026-04-10,22902.890625
2026-04-13,23183.740234375
2026-04-14,23639.080078125
2026-04-15,24016.01953125
2026-04-16,24102.69921875
2026-04-17,24468.48046875
2026-04-20,24404.390625
2026-04-21,24259.9609375
2026-04-22,24657.5703125
2026-04-23,24438.5
2026-04-24,24836.599609375
2026-04-27,24887.099609375
2026-04-28,24663.80078125
2026-04-29,24673.240234375
2026-04-30,24892.310546875
2026-05-01,25114.439453125
2026-05-04,25067.80078125
2026-05-05,25326.130859375
2026-05-06,25838.939453125
2026-05-07,25806.19921875
2026-05-08,26247.080078125
2026-05-11,26274.130859375
2026-05-12,26088.19921875
2026-05-13,26402.33984375
2026-05-14,26635.220703125
2026-05-15,26225.140625
2026-05-18,26090.73046875
2026-05-19,25870.7109375
2026-05-20,26270.359375
2026-05-21,26293.099609375
2026-05-22,26343.970703125
2026-05-26,26656.1796875
2026-05-27,26674.73046875
2026-05-28,26917.470703125
2026-05-29,26972.619140625
2026-06-01,27086.810546875
2026-06-02,27093.900390625
2026-06-03,26853.98046875
2026-06-04,26830.9609375
2026-06-05,25709.4296875
2026-06-08,25929.66015625
2026-06-09,25678.8203125
2026-06-10,25169.5
2026-06-11,25809.66015625
2026-06-12,25888.83984375
2026-06-15,26683.939453125
2026-06-16,26376.33984375
2026-06-17,26021.66015625
2026-06-18,26517.9296875
2026-06-22,26166.599609375
2026-06-23,25587.0390625
2026-06-24,25476.640625
2026-06-25,25358.599609375
2026-06-26,25297.619140625
2026-06-29,25820.140625
2026-06-30,26213.720703125
2026-07-01,26040.029296875
2026-07-02,25832.669921875
2026-07-06,26121.16015625
2026-07-07,25818.689453125
2026-07-08,25870.650390625
2026-07-09,26206.890625
2026-07-10,26281.609375
2026-07-13,25873.1796875
2026-07-14,26107.009765625
2026-07-15,26269.23046875
2026-07-16,25881.94921875
2026-07-17,25520.240234375
2026-07-20,25508.0703125
2026-07-21,25837.2109375
2026-07-22,25690.900390625
2026-07-23,25137.689453125
2026-07-24,24975.8203125
2026-07-27,24932.080078125
2026-07-28,24876.91015625
2026-07-29,24442.939453125
2026-07-30,25122.1796875
2026-07-31,25373.849609375
2026-08-03,25913.900390625
2026-08-04,26584.990234375
2026-08-05,26425.138671875
