date,value
2005-10-03,5448.0
2005-10-04,4976.0
2005-10-05,4786.0
2005-10-06,5338.0
2005-10-07,4708.0
2005-10-11,4071.0
2005-10-12,5265.0
2005-10-13,4766.0
2005-10-14,4558.0
2005-10-17,4282.0
2005-10-18,4697.0
2005-10-19,4469.0
2005-10-20,5301.0
2005-10-21,5324.0
2005-10-24,4550.0
2005-10-25,5489.0
2005-10-26,4727.0
2005-10-27,5484.0
2005-10-28,4742.0
2005-10-31,5712.0
2005-11-01,4950.0
2005-11-02,4499.0
2005-11-03,3575.0
2005-11-04,5030.0
2005-11-07,4967.0
2005-11-08,5994.0
2005-11-09,5388.0
2005-11-10,4618.0
2005-11-14,5090.0
2005-11-15,3675.0
2005-11-16,4416.0
2005-11-17,5051.0
2005-11-18,5469.0
2005-11-21,5049.0
2005-11-22,5082.0
2005-11-23,4162.0
2005-11-25,5685.0
2005-11-28,5518.0
2005-11-29,4265.0
2005-11-30,4634.0
2005-12-01,4852.0
2005-12-02,5036.0
2005-12-05,4914.0
2005-12-06,4573.0
2005-12-07,5076.0
2005-12-08,6385.0
2005-12-09,5468.0
2005-12-12,5684.0
2005-12-13,4308.0
2005-12-14,4990.0
2005-12-15,5840.0
2005-12-16,5430.0
2005-12-19,4482.0
2005-12-20,5915.0
2005-12-21,5290.0
2005-12-22,4515.0
2005-12-23,4892.0
2005-12-27,5643.0
2005-12-28,4243.0
2005-12-29,5951.0
2005-12-30,4573.0
2006-01-03,4973.0
2006-01-04,3922.0
2006-01-05,4828.0
2006-01-06,4731.0
2006-01-09,5184.0
2006-01-10,4895.0
2006-01-11,4465.0
2006-01-12,4971.0
2006-01-13,4890.0
2006-01-17,3715.0
2006-01-18,5429.0
2006-01-19,5311.0
2006-01-20,5160.0
2006-01-23,5254.0
2006-01-24,5888.0
2006-01-25,5266.0
2006-01-26,5394.0
2006-01-27,4937.0
2006-01-30,4910.0
2006-01-31,5606.0
2006-02-01,5095.0
2006-02-02,5546.0
2006-02-03,6172.0
2006-02-06,4380.0
2006-02-07,5103.0
2006-02-08,3973.0
2006-02-09,5518.0
2006-02-10,5213.0
2006-02-13,4959.0
2006-02-14,5323.0
2006-02-15,5125.0
2006-02-16,5056.0
2006-02-17,5031.0
2006-02-21,5519.0
2006-02-22,4334.0
2006-02-23,4893.0
2006-02-24,5115.0
2006-02-27,4870.0
2006-02-28,5024.0
2006-03-01,5427.0
2006-03-02,4707.0
2006-03-03,5194.0
2006-03-06,4876.0
2006-03-07,5181.0
2006-03-08,4851.0
2006-03-09,4889.0
2006-03-10,5000.0
2006-03-13,4247.0
2006-03-14,4372.0
2006-03-15,2844.0
2006-03-16,5082.0
2006-03-17,5080.0
2006-03-20,5908.0
2006-03-21,5346.0
2006-03-22,4414.0
2006-03-23,5401.0
2006-03-24,5773.0
2006-03-27,5341.0
2006-03-28,5118.0
2006-03-29,4619.0
2006-03-30,4786.0
2006-03-31,5455.0
2006-04-03,4941.0
2006-04-04,5844.0
2006-04-05,4663.0
2006-04-06,5122.0
2006-04-07,5432.0
2006-04-10,4943.0
2006-04-11,5185.0
2006-04-12,4334.0
2006-04-13,3646.0
2006-04-14,4649.0
2006-04-17,6760.0
2006-04-18,5394.0
2006-04-19,5245.0
2006-04-20,4753.0
2006-04-21,4835.0
2006-04-24,5345.0
2006-04-25,4459.0
2006-04-26,5610.0
2006-04-27,4836.0
2006-04-28,4784.0
2006-05-01,6738.0
2006-05-02,6421.0
2006-05-03,5215.0
2006-05-04,5377.0
2006-05-05,5117.0
2006-05-08,4728.0
2006-05-09,5667.0
2006-05-10,4931.0
2006-05-11,4943.0
2006-05-12,5191.0
2006-05-15,5129.0
2006-05-16,5640.0
2006-05-17,5055.0
2006-05-18,5665.0
2006-05-19,5671.0
2006-05-22,5432.0
2006-05-23,5035.0
2006-05-24,5188.0
2006-05-25,5374.0
2006-05-26,5228.0
2006-05-30,5163.0
2006-05-31,2637.0
2006-06-01,5279.0
2006-06-02,5226.0
2006-06-05,4979.0
2006-06-06,5140.0
2006-06-07,5552.0
2006-06-08,5024.0
2006-06-09,5189.0
2006-06-12,5205.0
2006-06-13,4528.0
2006-06-14,4468.0
2006-06-15,4257.0
2006-06-16,4908.0
2006-06-19,5177.0
2006-06-20,5505.0
2006-06-21,5385.0
2006-06-22,5570.0
2006-06-23,4939.0
2006-06-26,4799.0
2006-06-27,4401.0
2006-06-28,4879.0
2006-06-29,5111.0
2006-06-30,5525.0
2006-07-03,5063.0
2006-07-05,5528.0
2006-07-06,5570.0
2006-07-07,5214.0
2006-07-10,5081.0
2006-07-11,4986.0
2006-07-12,5024.0
2006-07-13,4935.0
2006-07-14,5037.0
2006-07-17,4087.0
2006-07-18,4999.0
2006-07-19,5272.0
2006-07-20,5097.0
2006-07-21,5000.0
2006-07-24,5268.0
2006-07-25,4931.0
2006-07-26,4824.0
2006-07-27,4977.0
2006-07-28,4454.0
2006-07-31,4546.0
2006-08-01,4683.0
2006-08-02,5471.0
2006-08-03,4690.0
2006-08-04,4950.0
2006-08-07,5051.0
2006-08-08,5004.0
2006-08-09,2907.0
2006-08-10,4694.0
2006-08-11,5498.0
2006-08-14,4512.0
2006-08-15,3083.0
2006-08-16,4443.0
2006-08-17,4129.0
2006-08-18,5225.0
2006-08-21,5042.0
2006-08-22,5191.0
2006-08-23,4943.0
2006-08-24,4693.0
2006-08-25,5170.0
2006-08-28,5088.0
2006-08-29,5458.0
2006-08-30,4919.0
2006-08-31,4907.0
2006-09-01,4411.0
2006-09-05,4792.0
2006-09-06,4373.0
2006-09-07,4789.0
2006-09-08,4614.0
2006-09-11,4725.0
2006-09-12,5193.0
2006-09-13,4690.0
2006-09-14,4958.0
2006-09-15,7507.0
2006-09-18,5011.0
2006-09-19,5089.0
2006-09-20,5216.0
2006-09-21,5227.0
2006-09-22,3646.0
2006-09-25,4235.0
2006-09-26,4976.0
2006-09-27,4585.0
2006-09-28,4450.0
2006-09-29,5451.0
2006-10-02,12396.0
2006-10-03,7131.0
2006-10-04,6222.0
2006-10-05,4518.0
2006-10-06,5470.0
2006-10-10,5715.0
2006-10-11,4103.0
2006-10-12,4971.0
2006-10-13,4462.0
2006-10-16,4962.0
2006-10-17,5123.0
2006-10-18,5540.0
2006-10-19,4831.0
2006-10-20,5120.0
2006-10-23,4843.0
2006-10-24,5862.0
2006-10-25,5346.0
2006-10-26,4696.0
2006-10-27,4804.0
2006-10-30,5146.0
2006-10-31,5617.0
2006-11-01,5007.0
2006-11-02,4707.0
2006-11-03,5051.0
2006-11-06,5429.0
2006-11-07,5322.0
2006-11-08,4624.0
2006-11-09,4675.0
2006-11-10,4925.0
2006-11-13,5155.0
2006-11-14,5299.0
2006-11-15,4820.0
2006-11-16,4733.0
2006-11-17,4601.0
2006-11-20,4903.0
2006-11-21,5074.0
2006-11-22,4128.0
2006-11-24,5155.0
2006-11-27,5563.0
2006-11-28,5243.0
2006-11-29,4807.0
2006-11-30,4373.0
2006-12-01,5482.0
2006-12-04,4858.0
2006-12-05,5220.0
2006-12-06,4523.0
2006-12-07,4671.0
2006-12-08,4576.0
2006-12-11,5086.0
2006-12-12,5192.0
2006-12-13,4500.0
2006-12-14,5087.0
2006-12-15,7083.0
2006-12-18,5511.0
2006-12-19,5181.0
2006-12-20,5436.0
2006-12-21,5660.0
2006-12-22,5122.0
2006-12-26,6060.0
2006-12-27,4470.0
2006-12-28,4418.0
2006-12-29,4708.0
2007-01-02,5784.0
2007-01-03,6156.0
2007-01-04,4312.0
2007-01-05,4825.0
2007-01-08,4642.0
2007-01-09,5151.0
2007-01-10,4999.0
2007-01-11,4998.0
2007-01-12,4407.0
2007-01-16,4643.0
2007-01-17,5533.0
2007-01-18,4782.0
2007-01-19,4796.0
2007-01-22,5899.0
2007-01-23,5302.0
2007-01-24,5412.0
2007-01-25,4756.0
2007-01-26,4949.0
2007-01-29,4906.0
2007-01-30,4825.0
2007-01-31,6053.0
2007-02-01,4939.0
2007-02-02,5048.0
2007-02-05,4524.0
2007-02-06,5816.0
2007-02-07,5255.0
2007-02-08,4801.0
2007-02-09,4967.0
2007-02-12,5163.0
2007-02-13,5131.0
2007-02-14,5102.0
2007-02-15,4404.0
2007-02-16,4819.0
2007-02-20,5594.0
2007-02-21,5304.0
2007-02-22,4704.0
2007-02-23,4539.0
2007-02-26,4606.0
2007-02-27,4594.0
2007-02-28,5194.0
2007-03-01,5394.0
2007-03-02,4325.0
2007-03-05,5386.0
2007-03-06,4873.0
2007-03-07,4449.0
2007-03-08,4752.0
2007-03-09,5189.0
2007-03-12,4910.0
2007-03-13,4923.0
2007-03-14,5113.0
2007-03-15,6285.0
2007-03-16,5351.0
2007-03-19,5471.0
2007-03-20,5328.0
2007-03-21,4721.0
2007-03-22,4971.0
2007-03-23,5143.0
2007-03-26,4760.0
2007-03-27,5002.0
2007-03-28,4772.0
2007-03-29,5118.0
2007-03-30,4245.0
2007-04-02,5505.0
2007-04-03,5057.0
2007-04-04,4973.0
2007-04-05,4905.0
2007-04-06,4541.0
2007-04-09,4653.0
2007-04-10,4767.0
2007-04-11,4758.0
2007-04-12,3307.0
2007-04-13,5748.0
2007-04-16,6867.0
2007-04-17,5523.0
2007-04-18,5235.0
2007-04-19,5412.0
2007-04-20,5400.0
2007-04-23,5236.0
2007-04-24,6641.0
2007-04-25,12250.0
2007-04-26,5636.0
2007-04-27,5713.0
2007-04-30,29504.0
2007-05-01,26577.0
2007-05-02,25350.0
2007-05-03,4375.0
2007-05-04,5409.0
2007-05-07,4170.0
2007-05-08,4902.0
2007-05-09,4726.0
2007-05-10,5284.0
2007-05-11,4235.0
2007-05-14,4414.0
2007-05-15,4630.0
2007-05-16,4125.0
2007-05-17,4890.0
2007-05-18,4828.0
2007-05-21,5412.0
2007-05-22,5293.0
2007-05-23,4312.0
2007-05-24,5157.0
2007-05-25,5309.0
2007-05-29,5251.0
2007-05-30,4637.0
2007-05-31,5340.0
2007-06-01,4744.0
2007-06-04,5110.0
2007-06-05,4486.0
2007-06-06,5396.0
2007-06-07,5319.0
2007-06-08,4927.0
2007-06-11,5076.0
2007-06-12,4783.0
2007-06-13,4742.0
2007-06-14,5264.0
2007-06-15,5980.0
2007-06-18,4747.0
2007-06-19,4355.0
2007-06-20,6022.0
2007-06-21,5343.0
2007-06-22,4813.0
2007-06-25,5471.0
2007-06-26,5170.0
2007-06-27,4039.0
2007-06-28,4709.0
2007-06-29,4649.0
2007-07-02,5356.0
2007-07-03,4117.0
2007-07-05,4860.0
2007-07-06,5098.0
2007-07-09,4865.0
2007-07-10,4453.0
2007-07-11,4914.0
2007-07-12,4956.0
2007-07-13,3821.0
2007-07-16,3849.0
2007-07-17,4851.0
2007-07-18,4100.0
2007-07-19,5061.0
2007-07-20,4894.0
2007-07-23,5690.0
2007-07-24,4998.0
2007-07-25,4931.0
2007-07-26,4806.0
2007-07-27,4959.0
2007-07-30,4536.0
2007-07-31,5126.0
2007-08-01,4769.0
2007-08-02,4937.0
2007-08-03,5085.0
2007-08-06,5375.0
2007-08-07,4750.0
2007-08-08,4670.0
2007-08-09,4366.0
2007-08-10,4749.0
2007-08-13,4667.0
2007-08-14,4755.0
2007-08-15,5109.0
2007-08-16,4873.0
2007-08-17,4411.0
2007-08-20,5508.0
2007-08-21,4954.0
2007-08-22,5329.0
2007-08-23,5448.0
2007-08-24,5096.0
2007-08-27,4781.0
2007-08-28,5182.0
2007-08-29,4924.0
2007-08-30,5195.0
2007-08-31,4579.0
2007-09-04,4794.0
2007-09-05,4489.0
2007-09-06,6306.0
2007-09-07,4470.0
2007-09-10,3239.0
2007-09-11,5142.0
2007-09-12,5188.0
2007-09-13,5207.0
2007-09-14,5231.0
2007-09-17,7550.0
2007-09-18,5008.0
2007-09-19,4455.0
2007-09-20,5317.0
2007-09-21,4771.0
2007-09-24,4013.0
2007-09-25,4743.0
2007-09-26,4943.0
2007-09-27,4527.0
2007-09-28,5539.0
2007-10-01,5776.0
2007-10-02,5447.0
2007-10-03,5645.0
2007-10-04,6304.0
2007-10-05,3919.0
2007-10-09,4505.0
2007-10-10,4166.0
2007-10-11,5364.0
2007-10-12,5114.0
2007-10-15,4747.0
2007-10-16,5007.0
2007-10-17,5105.0
2007-10-18,4615.0
2007-10-19,5147.0
2007-10-22,4676.0
2007-10-23,5854.0
2007-10-24,4737.0
2007-10-25,5182.0
2007-10-26,4945.0
2007-10-29,5302.0
2007-10-30,5022.0
2007-10-31,4307.0
2007-11-01,6210.0
2007-11-02,4965.0
2007-11-05,4600.0
2007-11-06,5225.0
2007-11-07,4902.0
2007-11-08,4317.0
2007-11-09,5272.0
2007-11-13,5051.0
2007-11-14,5540.0
2007-11-15,4044.0
2007-11-16,5119.0
2007-11-19,4397.0
2007-11-20,5591.0
2007-11-21,5324.0
2007-11-23,5418.0
2007-11-26,4752.0
2007-11-27,5191.0
2007-11-28,4711.0
2007-11-29,5922.0
2007-11-30,4669.0
2007-12-03,4530.0
2007-12-04,4793.0
2007-12-05,5079.0
2007-12-06,5381.0
2007-12-07,4657.0
2007-12-10,5405.0
2007-12-11,4727.0
2007-12-12,4333.0
2007-12-13,4371.0
2007-12-14,4720.0
2007-12-17,15518.0
2007-12-18,13867.0
2007-12-19,4586.0
2007-12-20,4918.0
2007-12-21,3924.0
2007-12-24,6575.0
2007-12-26,4529.0
2007-12-27,4620.0
2007-12-28,5572.0
2007-12-31,16120.0
2008-01-02,7277.0
2008-01-03,4719.0
2008-01-04,5142.0
2008-01-07,5728.0
2008-01-08,4791.0
2008-01-09,5363.0
2008-01-10,5018.0
2008-01-11,5237.0
2008-01-14,5033.0
2008-01-15,4762.0
2008-01-16,5674.0
2008-01-17,4913.0
2008-01-18,5375.0
2008-01-22,6058.0
2008-01-23,4871.0
2008-01-24,5166.0
2008-01-25,4262.0
2008-01-28,4463.0
2008-01-29,5053.0
2008-01-30,5082.0
2008-01-31,5773.0
2008-02-01,5699.0
2008-02-04,5905.0
2008-02-05,5220.0
2008-02-06,4841.0
2008-02-07,6052.0
2008-02-08,5013.0
2008-02-11,5408.0
2008-02-12,5738.0
2008-02-13,4979.0
2008-02-14,5291.0
2008-02-15,2992.0
2008-02-19,5241.0
2008-02-20,4525.0
2008-02-21,5077.0
2008-02-22,4390.0
2008-02-25,5071.0
2008-02-26,4758.0
2008-02-27,5103.0
2008-02-28,5171.0
2008-02-29,4424.0
2008-03-03,5504.0
2008-03-04,5327.0
2008-03-05,4794.0
2008-03-06,5590.0
2008-03-07,4786.0
2008-03-10,4984.0
2008-03-11,5349.0
2008-03-12,5249.0
2008-03-13,5144.0
2008-03-14,5002.0
2008-03-17,5572.0
2008-03-18,4980.0
2008-03-19,5364.0
2008-03-20,4879.0
2008-03-21,6590.0
2008-03-24,4880.0
2008-03-25,5628.0
2008-03-26,4944.0
2008-03-27,4891.0
2008-03-28,4346.0
2008-03-31,5552.0
2008-04-01,6613.0
2008-04-02,6013.0
2008-04-03,3558.0
2008-04-04,5759.0
2008-04-07,6263.0
2008-04-08,5355.0
2008-04-09,3437.0
2008-04-10,4698.0
2008-04-11,3919.0
2008-04-14,5545.0
2008-04-15,6600.0
2008-04-16,4614.0
2008-04-17,5737.0
2008-04-18,5294.0
2008-04-21,6351.0
2008-04-22,4519.0
2008-04-23,5570.0
2008-04-24,5867.0
2008-04-25,5170.0
2008-04-28,6299.0
2008-04-29,7417.0
2008-04-30,4955.0
2008-05-01,4270.0
2008-05-02,5288.0
2008-05-05,4133.0
2008-05-06,6342.0
2008-05-07,5730.0
2008-05-08,4218.0
2008-05-09,4693.0
2008-05-12,4874.0
2008-05-13,5409.0
2008-05-14,4020.0
2008-05-15,2973.0
2008-05-16,4691.0
2008-05-19,4526.0
2008-05-20,4797.0
2008-05-21,4420.0
2008-05-22,4825.0
2008-05-23,5042.0
2008-05-27,5177.0
2008-05-28,4415.0
2008-05-29,4188.0
2008-05-30,4620.0
2008-06-02,5217.0
2008-06-03,5367.0
2008-06-04,5278.0
2008-06-05,5439.0
2008-06-06,4933.0
2008-06-09,4167.0
2008-06-10,5166.0
2008-06-11,4369.0
2008-06-12,4472.0
2008-06-13,4555.0
2008-06-16,7413.0
2008-06-17,4763.0
2008-06-18,4172.0
2008-06-19,4514.0
2008-06-20,5560.0
2008-06-23,5562.0
2008-06-24,4529.0
2008-06-25,4208.0
2008-06-26,4805.0
2008-06-27,5472.0
2008-06-30,4978.0
2008-07-01,4954.0
2008-07-02,4139.0
2008-07-03,5370.0
2008-07-07,5144.0
2008-07-08,5282.0
2008-07-09,4355.0
2008-07-10,4718.0
2008-07-11,5148.0
2008-07-14,4024.0
2008-07-15,4756.0
2008-07-16,4036.0
2008-07-17,4999.0
2008-07-18,5220.0
2008-07-21,5696.0
2008-07-22,4853.0
2008-07-23,6720.0
2008-07-24,5660.0
2008-07-25,5407.0
2008-07-28,4658.0
2008-07-29,4848.0
2008-07-30,4271.0
2008-07-31,5256.0
2008-08-01,4831.0
2008-08-04,4824.0
2008-08-05,4789.0
2008-08-06,4798.0
2008-08-07,5156.0
2008-08-08,4949.0
2008-08-11,4422.0
2008-08-12,4873.0
2008-08-13,4715.0
2008-08-14,5004.0
2008-08-15,4275.0
2008-08-18,4695.0
2008-08-19,5658.0
2008-08-20,5177.0
2008-08-21,4993.0
2008-08-22,4761.0
2008-08-25,4847.0
2008-08-26,4682.0
2008-08-27,4989.0
2008-08-28,4863.0
2008-08-29,4681.0
2008-09-02,4029.0
2008-09-03,5606.0
2008-09-04,4649.0
2008-09-05,4434.0
2008-09-08,4570.0
2008-09-09,5127.0
2008-09-10,5412.0
2008-09-11,4175.0
2008-09-12,4798.0
2008-09-15,5069.0
2008-09-16,5440.0
2008-09-17,5512.0
2008-09-18,5345.0
2008-09-19,5378.0
2008-09-22,4428.0
2008-09-23,4535.0
2008-09-24,5175.0
2008-09-25,4976.0
2008-09-26,3899.0
2008-09-29,5464.0
2008-09-30,32988.0
2008-10-01,5278.0
2008-10-02,5535.0
2008-10-03,11101.0
2008-10-06,4894.0
2008-10-07,6095.0
2008-10-08,5544.0
2008-10-09,4804.0
2008-10-10,4648.0
2008-10-14,3987.0
2008-10-15,23983.0
2008-10-16,10293.0
2008-10-17,8064.0
2008-10-20,39452.0
2008-10-21,32602.0
2008-10-22,55625.0
2008-10-23,136672.0
2008-10-24,131905.0
2008-10-27,132693.0
2008-10-28,20589.0
2008-10-29,19484.0
2008-10-30,27494.0
2008-10-31,43998.0
2008-11-03,25419.0
2008-11-04,19041.0
2008-11-05,18652.0
2008-11-06,68773.0
2008-11-07,63322.0
2008-11-10,60354.0
2008-11-12,52985.0
2008-11-13,58912.0
2008-11-14,58338.0
2008-11-17,46608.0
2008-11-18,74265.0
2008-11-19,68457.0
2008-11-20,91193.0
2008-11-21,83394.0
2008-11-24,68933.0
2008-11-25,24054.0
2008-11-26,17355.0
2008-11-28,66385.0
2008-12-01,75691.0
2008-12-02,77800.0
2008-12-03,57345.0
2008-12-04,55986.0
2008-12-05,49761.0
2008-12-08,52080.0
2008-12-09,47707.0
2008-12-10,41646.0
2008-12-11,48819.0
2008-12-12,46964.0
2008-12-15,122021.0
2008-12-16,125252.0
2008-12-17,120443.0
2008-12-18,127195.0
2008-12-19,126586.0
2008-12-22,132738.0
2008-12-23,123782.0
2008-12-24,118058.0
2008-12-26,115831.0
2008-12-29,115724.0
2008-12-30,112203.0
2008-12-31,106123.0
2009-01-02,57303.0
2009-01-05,63174.0
2009-01-06,59069.0
2009-01-07,62686.0
2009-01-08,55469.0
2009-01-09,33170.0
2009-01-12,37102.0
2009-01-13,34528.0
2009-01-14,31173.0
2009-01-15,44866.0
2009-01-16,30638.0
2009-01-20,34447.0
2009-01-21,46705.0
2009-01-22,59444.0
2009-01-23,60023.0
2009-01-26,62291.0
2009-01-27,48253.0
2009-01-28,38717.0
2009-01-29,51290.0
2009-01-30,23548.0
2009-02-02,75506.0
2009-02-03,48272.0
2009-02-04,47708.0
2009-02-05,58124.0
2009-02-06,36707.0
2009-02-09,37316.0
2009-02-10,29713.0
2009-02-11,20266.0
2009-02-12,57662.0
2009-02-13,25613.0
2009-02-17,36955.0
2009-02-18,20501.0
2009-02-19,29200.0
2009-02-20,38359.0
2009-02-23,43171.0
2009-02-24,36522.0
2009-02-25,25109.0
2009-02-26,58662.0
2009-02-27,23502.0
2009-03-02,98524.0
2009-03-03,70921.0
2009-03-04,68282.0
2009-03-05,66984.0
2009-03-06,48320.0
2009-03-09,51649.0
2009-03-10,44246.0
2009-03-11,34431.0
2009-03-12,53041.0
2009-03-13,44033.0
2009-03-16,114510.0
2009-03-17,109033.0
2009-03-18,100379.0
2009-03-19,97803.0
2009-03-20,84040.0
2009-03-23,74890.0
2009-03-24,65570.0
2009-03-25,56198.0
2009-03-26,55308.0
2009-03-27,43263.0
2009-03-30,39902.0
2009-03-31,67151.0
2009-04-01,37754.0
2009-04-02,41676.0
2009-04-03,39102.0
2009-04-06,38148.0
2009-04-07,31056.0
2009-04-08,23684.0
2009-04-09,41508.0
2009-04-10,29472.0
2009-04-13,31230.0
2009-04-14,37397.0
2009-04-15,94509.0
2009-04-16,55514.0
2009-04-17,53028.0
2009-04-20,63383.0
2009-04-21,88524.0
2009-04-22,93533.0
2009-04-23,86974.0
2009-04-24,82759.0
2009-04-27,97201.0
2009-04-28,98159.0
2009-04-29,62810.0
2009-04-30,136194.0
2009-05-01,82000.0
2009-05-04,82363.0
2009-05-05,74344.0
2009-05-06,70683.0
2009-05-07,84855.0
2009-05-08,80413.0
2009-05-11,80479.0
2009-05-12,68671.0
2009-05-13,57167.0
2009-05-14,62580.0
2009-05-15,49857.0
2009-05-18,52647.0
2009-05-19,46139.0
2009-05-20,37929.0
2009-05-21,37277.0
2009-05-22,27478.0
2009-05-26,28611.0
2009-05-27,11048.0
2009-05-28,19867.0
2009-05-29,15222.0
2009-06-01,64855.0
2009-06-02,59989.0
2009-06-03,37634.0
2009-06-04,37842.0
2009-06-05,34050.0
2009-06-08,34799.0
2009-06-09,27783.0
2009-06-10,17166.0
2009-06-11,10128.0
2009-06-12,7384.0
2009-06-15,61947.0
2009-06-16,68732.0
2009-06-17,132837.0
2009-06-18,122059.0
2009-06-19,124083.0
2009-06-22,131710.0
2009-06-23,125828.0
2009-06-24,78847.0
2009-06-25,69679.0
2009-06-26,59126.0
2009-06-29,62749.0
2009-06-30,115984.0
2009-07-01,78142.0
2009-07-02,25310.0
2009-07-03,25507.0
2009-07-06,55624.0
2009-07-07,45032.0
2009-07-08,36910.0
2009-07-09,23816.0
2009-07-10,19764.0
2009-07-13,19505.0
2009-07-14,17168.0
2009-07-15,65234.0
2009-07-16,79576.0
2009-07-17,75631.0
2009-07-20,75263.0
2009-07-21,68982.0
2009-07-22,61601.0
2009-07-23,66755.0
2009-07-24,61259.0
2009-07-27,64369.0
2009-07-28,57117.0
2009-07-29,57825.0
2009-07-30,25620.0
2009-07-31,92971.0
2009-08-03,68352.0
2009-08-04,61277.0
2009-08-05,61522.0
2009-08-06,55229.0
2009-08-07,51152.0
2009-08-10,50313.0
2009-08-11,42762.0
2009-08-12,35758.0
2009-08-13,27588.0
2009-08-14,25024.0
2009-08-17,18195.0
2009-08-18,47222.0
2009-08-19,40294.0
2009-08-20,35497.0
2009-08-21,28875.0
2009-08-24,27384.0
2009-08-25,21581.0
2009-08-26,12828.0
2009-08-27,11325.0
2009-08-28,8802.0
2009-08-31,93333.0
2009-09-01,59286.0
2009-09-02,58716.0
2009-09-03,24470.0
2009-09-04,18389.0
2009-09-08,15057.0
2009-09-09,4500.0
2009-09-10,9030.0
2009-09-11,5467.0
2009-09-14,8509.0
2009-09-15,71086.0
2009-09-16,72399.0
2009-09-17,50301.0
2009-09-18,51868.0
2009-09-21,56673.0
2009-09-22,59623.0
2009-09-23,50907.0
2009-09-24,32392.0
2009-09-25,25698.0
2009-09-28,25031.0
2009-09-29,22526.0
2009-09-30,108324.0
2009-10-01,65850.0
2009-10-02,41435.0
2009-10-05,39090.0
2009-10-06,30806.0
2009-10-07,31005.0
2009-10-08,25880.0
2009-10-09,22843.0
2009-10-13,29392.0
2009-10-14,15570.0
2009-10-15,89598.0
2009-10-16,86575.0
2009-10-19,83585.0
2009-10-20,77591.0
2009-10-21,73730.0
2009-10-22,47090.0
2009-10-23,46021.0
2009-10-26,46751.0
2009-10-27,40218.0
2009-10-28,30563.0
2009-10-29,18699.0
2009-10-30,19721.0
2009-11-02,107219.0
2009-11-03,79922.0
2009-11-04,81576.0
2009-11-05,82539.0
2009-11-06,78517.0
2009-11-09,78511.0
2009-11-10,62930.0
2009-11-12,63985.0
2009-11-13,51774.0
2009-11-16,78914.0
2009-11-17,70910.0
2009-11-18,62309.0
2009-11-19,32910.0
2009-11-20,28565.0
2009-11-23,28401.0
2009-11-24,21326.0
2009-11-25,12997.0
2009-11-27,11236.0
2009-11-30,99236.0
2009-12-01,61595.0
2009-12-02,60164.0
2009-12-03,32987.0
2009-12-04,30198.0
2009-12-07,25455.0
2009-12-08,18152.0
2009-12-09,55364.0
2009-12-10,60289.0
2009-12-11,56450.0
2009-12-14,43117.0
2009-12-15,132273.0
2009-12-16,132157.0
2009-12-17,89194.0
2009-12-18,90467.0
2009-12-21,93949.0
2009-12-22,90674.0
2009-12-23,119439.0
2009-12-24,112096.0
2009-12-28,115209.0
2009-12-29,116251.0
2009-12-30,149819.0
2009-12-31,186632.0
2010-01-04,171889.0
2010-01-05,163428.0
2010-01-06,166555.0
2010-01-07,138094.0
2010-01-08,139777.0
2010-01-11,139521.0
2010-01-12,133554.0
2010-01-13,124175.0
2010-01-14,93202.0
2010-01-15,146343.0
2010-01-19,158342.0
2010-01-20,170437.0
2010-01-21,140056.0
2010-01-22,135492.0
2010-01-25,138155.0
2010-01-26,133805.0
2010-01-27,126772.0
2010-01-28,94730.0
2010-01-29,84536.0
2010-02-01,149909.0
2010-02-02,145775.0
2010-02-03,122517.0
2010-02-04,104798.0
2010-02-05,78649.0
2010-02-08,79257.0
2010-02-09,70954.0
2010-02-10,68082.0
2010-02-11,68334.0
2010-02-12,36226.0
2010-02-16,62419.0
2010-02-17,49702.0
2010-02-18,60668.0
2010-02-19,33561.0
2010-02-22,32634.0
2010-02-23,23330.0
2010-02-24,12922.0
2010-02-25,21000.0
2010-02-26,14779.0
2010-03-01,79772.0
2010-03-02,73867.0
2010-03-03,53279.0
2010-03-04,53025.0
2010-03-05,35561.0
2010-03-08,38126.0
2010-03-09,31866.0
2010-03-10,23292.0
2010-03-11,20680.0
2010-03-12,13746.0
2010-03-15,100633.0
2010-03-16,105190.0
2010-03-17,97429.0
2010-03-18,85626.0
2010-03-19,68986.0
2010-03-22,69321.0
2010-03-23,61214.0
2010-03-24,50104.0
2010-03-25,42829.0
2010-03-26,26133.0
2010-03-29,22503.0
2010-03-30,16022.0
2010-03-31,91519.0
2010-04-01,42206.0
2010-04-02,7709.0
2010-04-05,28227.0
2010-04-06,19635.0
2010-04-07,20439.0
2010-04-08,19477.0
2010-04-09,8985.0
2010-04-12,13507.0
2010-04-13,12248.0
2010-04-14,9478.0
2010-04-15,45730.0
2010-04-16,41035.0
2010-04-19,34043.0
2010-04-20,57989.0
2010-04-21,61746.0
2010-04-22,54001.0
2010-04-23,52090.0
2010-04-26,64263.0
2010-04-27,68689.0
2010-04-28,56908.0
2010-04-29,31989.0
2010-04-30,98277.0
2010-05-03,73765.0
2010-05-04,66139.0
2010-05-05,69940.0
2010-05-06,47888.0
2010-05-07,39090.0
2010-05-10,32579.0
2010-05-11,26105.0
2010-05-12,16293.0
2010-05-13,12217.0
2010-05-14,7219.0
2010-05-17,45691.0
2010-05-18,38337.0
2010-05-19,30213.0
2010-05-20,32764.0
2010-05-21,26358.0
2010-05-24,29161.0
2010-05-25,24815.0
2010-05-26,16728.0
2010-05-27,23735.0
2010-05-28,19925.0
2010-06-01,66190.0
2010-06-02,62317.0
2010-06-03,40521.0
2010-06-04,35616.0
2010-06-07,35037.0
2010-06-08,28029.0
2010-06-09,19140.0
2010-06-10,7757.0
2010-06-11,4310.0
2010-06-14,12710.0
2010-06-15,85226.0
2010-06-16,85771.0
2010-06-17,40565.0
2010-06-18,43156.0
2010-06-21,51175.0
2010-06-22,53410.0
2010-06-23,46350.0
2010-06-24,36336.0
2010-06-25,32314.0
2010-06-28,31887.0
2010-06-29,28007.0
2010-06-30,87615.0
2010-07-01,47393.0
2010-07-02,23860.0
2010-07-06,22581.0
2010-07-07,16475.0
2010-07-08,26473.0
2010-07-09,20233.0
2010-07-12,19809.0
2010-07-13,12988.0
2010-07-14,7866.0
2010-07-15,50101.0
2010-07-16,53041.0
2010-07-19,55122.0
2010-07-20,50939.0
2010-07-21,43865.0
2010-07-22,47201.0
2010-07-23,42819.0
2010-07-26,45601.0
2010-07-27,39549.0
2010-07-28,30415.0
2010-07-29,28955.0
2010-07-30,3191.0
2010-08-02,68208.0
2010-08-03,40887.0
2010-08-04,44013.0
2010-08-05,43245.0
2010-08-06,37145.0
2010-08-09,37603.0
2010-08-10,33577.0
2010-08-11,26932.0
2010-08-12,26462.0
2010-08-13,20350.0
2010-08-16,43387.0
2010-08-17,37280.0
2010-08-18,30217.0
2010-08-19,28251.0
2010-08-20,20417.0
2010-08-23,22394.0
2010-08-24,13978.0
2010-08-25,5889.0
2010-08-26,13155.0
2010-08-27,6632.0
2010-08-30,7468.0
2010-08-31,75533.0
2010-09-01,45737.0
2010-09-02,49998.0
2010-09-03,21699.0
2010-09-07,19780.0
2010-09-08,4859.0
2010-09-09,7386.0
2010-09-10,5336.0
2010-09-13,7062.0
2010-09-14,11366.0
2010-09-15,114568.0
2010-09-16,78842.0
2010-09-17,74604.0
2010-09-20,77776.0
2010-09-21,83715.0
2010-09-22,77496.0
2010-09-23,61609.0
2010-09-24,55945.0
2010-09-27,61419.0
2010-09-28,54341.0
2010-09-29,57829.0
2010-09-30,107888.0
2010-10-01,49349.0
2010-10-04,53781.0
2010-10-05,47627.0
2010-10-06,49530.0
2010-10-07,25811.0
2010-10-08,22814.0
2010-10-12,26755.0
2010-10-13,15637.0
2010-10-14,7394.0
2010-10-15,56717.0
2010-10-18,63148.0
2010-10-19,56618.0
2010-10-20,52223.0
2010-10-21,42710.0
2010-10-22,38204.0
2010-10-25,43909.0
2010-10-26,36973.0
2010-10-27,27229.0
2010-10-28,18357.0
2010-10-29,24212.0
2010-11-01,58465.0
2010-11-02,54458.0
2010-11-03,36018.0
2010-11-04,29729.0
2010-11-05,24375.0
2010-11-08,23697.0
2010-11-09,16274.0
2010-11-10,8267.0
2010-11-12,3302.0
2010-11-15,48274.0
2010-11-16,47355.0
2010-11-17,38705.0
2010-11-18,28090.0
2010-11-19,29312.0
2010-11-22,30454.0
2010-11-23,35217.0
2010-11-24,24037.0
2010-11-26,24454.0
2010-11-29,25349.0
2010-11-30,79426.0
2010-12-01,45472.0
2010-12-02,42632.0
2010-12-03,18849.0
2010-12-06,18950.0
2010-12-07,10567.0
2010-12-08,19589.0
2010-12-09,13442.0
2010-12-10,20287.0
2010-12-13,23149.0
2010-12-14,21561.0
2010-12-15,91641.0
2010-12-16,90274.0
2010-12-17,90941.0
2010-12-20,94688.0
2010-12-21,92655.0
2010-12-22,89913.0
2010-12-23,84932.0
2010-12-24,86562.0
2010-12-27,93179.0
2010-12-28,85603.0
2010-12-29,88905.0
2010-12-30,71971.0
2010-12-31,140773.0
2011-01-03,107235.0
2011-01-04,100464.0
2011-01-05,105713.0
2011-01-06,96517.0
2011-01-07,91471.0
2011-01-10,91388.0
2011-01-11,85865.0
2011-01-12,75569.0
2011-01-13,62076.0
2011-01-14,41191.0
2011-01-18,91745.0
2011-01-19,94123.0
2011-01-20,93400.0
2011-01-21,88097.0
2011-01-24,94280.0
2011-01-25,95774.0
2011-01-26,94186.0
2011-01-27,81474.0
2011-01-28,73689.0
2011-01-31,147189.0
2011-02-01,113597.0
2011-02-02,117875.0
2011-02-03,102332.0
2011-02-04,82862.0
2011-02-07,81550.0
2011-02-08,73536.0
2011-02-09,62516.0
2011-02-10,63215.0
2011-02-11,36429.0
2011-02-14,41241.0
2011-02-15,56656.0
2011-02-16,54561.0
2011-02-17,59742.0
2011-02-18,40413.0
2011-02-22,39387.0
2011-02-23,23123.0
2011-02-24,32076.0
2011-02-25,34725.0
2011-02-28,88632.0
2011-03-01,54981.0
2011-03-02,49542.0
2011-03-03,52212.0
2011-03-04,31955.0
2011-03-07,37039.0
2011-03-08,37104.0
2011-03-09,28671.0
2011-03-10,26987.0
2011-03-11,14159.0
2011-03-14,24231.0
2011-03-15,99451.0
2011-03-16,101471.0
2011-03-17,103183.0
2011-03-18,89024.0
2011-03-21,88437.0
2011-03-22,80521.0
2011-03-23,71748.0
2011-03-24,67387.0
2011-03-25,57418.0
2011-03-28,59127.0
2011-03-29,51634.0
2011-03-30,59201.0
2011-03-31,111203.0
2011-04-01,48285.0
2011-04-04,48129.0
2011-04-05,38466.0
2011-04-06,40962.0
2011-04-07,34939.0
2011-04-08,23405.0
2011-04-11,24043.0
2011-04-12,23961.0
2011-04-13,24772.0
2011-04-14,29595.0
2011-04-15,58267.0
2011-04-18,88841.0
2011-04-19,106477.0
2011-04-20,113160.0
2011-04-21,90067.0
2011-04-22,91219.0
2011-04-25,107432.0
2011-04-26,131725.0
2011-04-27,126185.0
2011-04-28,115504.0
2011-04-29,99447.0
2011-05-02,144911.0
2011-05-03,121031.0
2011-05-04,125397.0
2011-05-05,104160.0
2011-05-06,101854.0
2011-05-09,103389.0
2011-05-10,96148.0
2011-05-11,87894.0
2011-05-12,74718.0
2011-05-13,69068.0
2011-05-16,127514.0
2011-05-17,121076.0
2011-05-18,109620.0
2011-05-19,89685.0
2011-05-20,85284.0
2011-05-23,88543.0
2011-05-24,82038.0
2011-05-25,73694.0
2011-05-26,54144.0
2011-05-27,55295.0
2011-05-31,112645.0
2011-06-01,73973.0
2011-06-02,63086.0
2011-06-03,37558.0
2011-06-06,37348.0
2011-06-07,30712.0
2011-06-08,23496.0
2011-06-09,23737.0
2011-06-10,20027.0
2011-06-13,37104.0
2011-06-14,42002.0
2011-06-15,126428.0
2011-06-16,118015.0
2011-06-17,117778.0
2011-06-20,124931.0
2011-06-21,134570.0
2011-06-22,129694.0
2011-06-23,113145.0
2011-06-24,107596.0
2011-06-27,110918.0
2011-06-28,103446.0
2011-06-29,105582.0
2011-06-30,130130.0
2011-07-01,66806.0
2011-07-05,71295.0
2011-07-06,67270.0
2011-07-07,57224.0
2011-07-08,52040.0
2011-07-11,52770.0
2011-07-12,46846.0
2011-07-13,39416.0
2011-07-14,35827.0
2011-07-15,97837.0
2011-07-18,107369.0
2011-07-19,101906.0
2011-07-20,96422.0
2011-07-21,83542.0
2011-07-22,77432.0
2011-07-25,81540.0
2011-07-26,74996.0
2011-07-27,66757.0
2011-07-28,51565.0
2011-07-29,65172.0
2011-08-01,66958.0
2011-08-02,52068.0
2011-08-03,32271.0
2011-08-04,12766.0
2011-08-05,28054.0
2011-08-08,29504.0
2011-08-09,22949.0
2011-08-10,14599.0
2011-08-11,24167.0
2011-08-12,22592.0
2011-08-15,20792.0
2011-08-16,19565.0
2011-08-17,8905.0
2011-08-18,10013.0
2011-08-19,25208.0
2011-08-22,27962.0
2011-08-23,20981.0
2011-08-24,10896.0
2011-08-25,19654.0
2011-08-26,16021.0
2011-08-29,19715.0
2011-08-30,12324.0
2011-08-31,42481.0
2011-09-01,41146.0
2011-09-02,16280.0
2011-09-06,12233.0
2011-09-07,22841.0
2011-09-08,14779.0
2011-09-09,10572.0
2011-09-12,14177.0
2011-09-13,19604.0
2011-09-14,16083.0
2011-09-15,56902.0
2011-09-16,59895.0
2011-09-19,64186.0
2011-09-20,79414.0
2011-09-21,74216.0
2011-09-22,59579.0
2011-09-23,56930.0
2011-09-26,59396.0
2011-09-27,55321.0
2011-09-28,44942.0
2011-09-29,42109.0
2011-09-30,56284.0
2011-10-03,34171.0
2011-10-04,28827.0
2011-10-05,31623.0
2011-10-06,25089.0
2011-10-07,22023.0
2011-10-11,22479.0
2011-10-12,17681.0
2011-10-13,24516.0
2011-10-14,16185.0
2011-10-17,84733.0
2011-10-18,77626.0
2011-10-19,68392.0
2011-10-20,68766.0
2011-10-21,65137.0
2011-10-24,67779.0
2011-10-25,63440.0
2011-10-26,55187.0
2011-10-27,50021.0
2011-10-28,44061.0
2011-10-31,97285.0
2011-11-01,61034.0
2011-11-02,63901.0
2011-11-03,41359.0
2011-11-04,39732.0
2011-11-07,40732.0
2011-11-08,33723.0
2011-11-09,24193.0
2011-11-10,20307.0
2011-11-14,33235.0
2011-11-15,49258.0
2011-11-16,44782.0
2011-11-17,48216.0
2011-11-18,45914.0
2011-11-21,47420.0
2011-11-22,42518.0
2011-11-23,34535.0
2011-11-25,38427.0
2011-11-28,37786.0
2011-11-29,33184.0
2011-11-30,85605.0
2011-12-01,48807.0
2011-12-02,26857.0
2011-12-05,26961.0
2011-12-06,19891.0
2011-12-07,21747.0
2011-12-08,18700.0
2011-12-09,15310.0
2011-12-12,32270.0
2011-12-13,27836.0
2011-12-14,25651.0
2011-12-15,106625.0
2011-12-16,113655.0
2011-12-19,118682.0
2011-12-20,113962.0
2011-12-21,106592.0
2011-12-22,101832.0
2011-12-23,98881.0
2011-12-27,101791.0
2011-12-28,91418.0
2011-12-29,90975.0
2011-12-30,85737.0
2012-01-03,88451.0
2012-01-04,87031.0
2012-01-05,85528.0
2012-01-06,80282.0
2012-01-09,80892.0
2012-01-10,74511.0
2012-01-11,66067.0
2012-01-12,65394.0
2012-01-13,65264.0
2012-01-17,111827.0
2012-01-18,108203.0
2012-01-19,112642.0
2012-01-20,106676.0
2012-01-23,115366.0
2012-01-24,118680.0
2012-01-25,111938.0
2012-01-26,109018.0
2012-01-27,108533.0
2012-01-30,108977.0
2012-01-31,158596.0
2012-02-01,120691.0
2012-02-02,129076.0
2012-02-03,93899.0
2012-02-06,83328.0
2012-02-07,72497.0
2012-02-08,49136.0
2012-02-09,61670.0
2012-02-10,57082.0
2012-02-13,65442.0
2012-02-14,57918.0
2012-02-15,50066.0
2012-02-16,70300.0
2012-02-17,57347.0
2012-02-21,54841.0
2012-02-22,36033.0
2012-02-23,43856.0
2012-02-24,36343.0
2012-02-27,35300.0
2012-02-28,25595.0
2012-02-29,62542.0
2012-03-01,61827.0
2012-03-02,35511.0
2012-03-05,35979.0
2012-03-06,27967.0
2012-03-07,26437.0
2012-03-08,39879.0
2012-03-09,35753.0
2012-03-12,50372.0
2012-03-13,49778.0
2012-03-14,45420.0
2012-03-15,101083.0
2012-03-16,107584.0
2012-03-19,107604.0
2012-03-20,98805.0
2012-03-21,87172.0
2012-03-22,90959.0
2012-03-23,86184.0
2012-03-26,88048.0
2012-03-27,82286.0
2012-03-28,68452.0
2012-03-29,64030.0
2012-03-30,43480.0
2012-04-02,79611.0
2012-04-03,53436.0
2012-04-04,56774.0
2012-04-05,48272.0
2012-04-06,46172.0
2012-04-09,48775.0
2012-04-10,45935.0
2012-04-11,35524.0
2012-04-12,23565.0
2012-04-13,26052.0
2012-04-16,65129.0
2012-04-17,104044.0
2012-04-18,103093.0
2012-04-19,59553.0
2012-04-20,65797.0
2012-04-23,81588.0
2012-04-24,108364.0
2012-04-25,102592.0
2012-04-26,100513.0
2012-04-27,103134.0
2012-04-30,166619.0
2012-05-01,131955.0
2012-05-02,136746.0
2012-05-03,113113.0
2012-05-04,115184.0
2012-05-07,117906.0
2012-05-08,113248.0
2012-05-09,102803.0
2012-05-10,102204.0
2012-05-11,96750.0
2012-05-14,101061.0
2012-05-15,104585.0
2012-05-16,101035.0
2012-05-17,92188.0
2012-05-18,90860.0
2012-05-21,94339.0
2012-05-22,91111.0
2012-05-23,80366.0
2012-05-24,71897.0
2012-05-25,66205.0
2012-05-29,70312.0
2012-05-30,67595.0
2012-05-31,112369.0
2012-06-01,51108.0
2012-06-04,55859.0
2012-06-05,49749.0
2012-06-06,54040.0
2012-06-07,45729.0
2012-06-08,41931.0
2012-06-11,44015.0
2012-06-12,41410.0
2012-06-13,36248.0
2012-06-14,38792.0
2012-06-15,118143.0
2012-06-18,130343.0
2012-06-19,139775.0
2012-06-20,139880.0
2012-06-21,133876.0
2012-06-22,130293.0
2012-06-25,133810.0
2012-06-26,127556.0
2012-06-27,117923.0
2012-06-28,112110.0
2012-06-29,91419.0
2012-07-02,124415.0
2012-07-03,97508.0
2012-07-05,93693.0
2012-07-06,87967.0
2012-07-09,87513.0
2012-07-10,84407.0
2012-07-11,75287.0
2012-07-12,62635.0
2012-07-13,60142.0
2012-07-16,72364.0
2012-07-17,67054.0
2012-07-18,58670.0
2012-07-19,50820.0
2012-07-20,46187.0
2012-07-23,48459.0
2012-07-24,42658.0
2012-07-25,38258.0
2012-07-26,30768.0
2012-07-27,29308.0
2012-07-30,32855.0
2012-07-31,90485.0
2012-08-01,52683.0
2012-08-02,58993.0
2012-08-03,33960.0
2012-08-06,35188.0
2012-08-07,27183.0
2012-08-08,26113.0
2012-08-09,30793.0
2012-08-10,29169.0
2012-08-13,31612.0
2012-08-14,28968.0
2012-08-15,19906.0
2012-08-16,31008.0
2012-08-17,25007.0
2012-08-20,27134.0
2012-08-21,21420.0
2012-08-22,13680.0
2012-08-23,27840.0
2012-08-24,24377.0
2012-08-27,28178.0
2012-08-28,22188.0
2012-08-29,25021.0
2012-08-30,33934.0
2012-08-31,30121.0
2012-09-04,29357.0
2012-09-05,26561.0
2012-09-06,50732.0
2012-09-07,47502.0
2012-09-10,51090.0
2012-09-11,46323.0
2012-09-12,38483.0
2012-09-13,33687.0
2012-09-14,63322.0
2012-09-17,74230.0
2012-09-18,79451.0
2012-09-19,75676.0
2012-09-20,72824.0
2012-09-21,73039.0
2012-09-24,79661.0
2012-09-25,75406.0
2012-09-26,65665.0
2012-09-27,61623.0
2012-09-28,85446.0
2012-10-01,96649.0
2012-10-02,94981.0
2012-10-03,73488.0
2012-10-04,69978.0
2012-10-05,67010.0
2012-10-09,69447.0
2012-10-10,53452.0
2012-10-11,50672.0
2012-10-12,45276.0
2012-10-15,76731.0
2012-10-16,77480.0
2012-10-17,68600.0
2012-10-18,65500.0
2012-10-19,63289.0
2012-10-22,66750.0
2012-10-23,64204.0
2012-10-24,52847.0
2012-10-25,47373.0
2012-10-26,45559.0
2012-10-29,49775.0
2012-10-30,43543.0
2012-10-31,99966.0
2012-11-01,46728.0
2012-11-02,25516.0
2012-11-05,27142.0
2012-11-06,21624.0
2012-11-07,23970.0
2012-11-08,44691.0
2012-11-09,39622.0
2012-11-13,40613.0
2012-11-14,26859.0
2012-11-15,23374.0
2012-11-16,26768.0
2012-11-19,28306.0
2012-11-20,23412.0
2012-11-21,15639.0
2012-11-23,33513.0
2012-11-26,36034.0
2012-11-27,27014.0
2012-11-28,16103.0
2012-11-29,26607.0
2012-11-30,48947.0
2012-12-03,23983.0
2012-12-04,19121.0
2012-12-05,21431.0
2012-12-06,43412.0
2012-12-07,39477.0
2012-12-10,41608.0
2012-12-11,38011.0
2012-12-12,31399.0
2012-12-13,28987.0
2012-12-14,38806.0
2012-12-17,84145.0
2012-12-18,80337.0
2012-12-19,75017.0
2012-12-20,49800.0
2012-12-21,52097.0
2012-12-24,63586.0
2012-12-26,55679.0
2012-12-27,54749.0
2012-12-28,58766.0
2012-12-31,92720.0
2013-01-02,84458.0
2013-01-03,62789.0
2013-01-04,62113.0
2013-01-07,63870.0
2013-01-08,57168.0
2013-01-09,47338.0
2013-01-10,42637.0
2013-01-11,43671.0
2013-01-14,50274.0
2013-01-15,77038.0
2013-01-16,77177.0
2013-01-17,69434.0
2013-01-18,69009.0
2013-01-22,78738.0
2013-01-23,81243.0
2013-01-24,69787.0
2013-01-25,70037.0
2013-01-28,75456.0
2013-01-29,71232.0
2013-01-30,71305.0
2013-01-31,120247.0
2013-02-01,56902.0
2013-02-04,60139.0
2013-02-05,50724.0
2013-02-06,48137.0
2013-02-07,41540.0
2013-02-08,33305.0
2013-02-11,34967.0
2013-02-12,25574.0
2013-02-13,42358.0
2013-02-14,51255.0
2013-02-15,14411.0
2013-02-19,24532.0
2013-02-20,40703.0
2013-02-21,51134.0
2013-02-22,48569.0
2013-02-25,49265.0
2013-02-26,39016.0
2013-02-27,15966.0
2013-02-28,81750.0
2013-03-01,24916.0
2013-03-04,29874.0
2013-03-05,22220.0
2013-03-06,48960.0
2013-03-07,47908.0
2013-03-08,44941.0
2013-03-11,48248.0
2013-03-12,41572.0
2013-03-13,28448.0
2013-03-14,32379.0
2013-03-15,73746.0
2013-03-18,90815.0
2013-03-19,83998.0
2013-03-20,71131.0
2013-03-21,70800.0
2013-03-22,70180.0
2013-03-25,74772.0
2013-03-26,66806.0
2013-03-27,53218.0
2013-03-28,66789.0
2013-03-29,79152.0
2013-04-01,85553.0
2013-04-02,83154.0
2013-04-03,60060.0
2013-04-04,59677.0
2013-04-05,57966.0
2013-04-08,63746.0
2013-04-09,61556.0
2013-04-10,52487.0
2013-04-11,57931.0
2013-04-12,64402.0
2013-04-15,90401.0
2013-04-16,115261.0
2013-04-17,121204.0
2013-04-18,100062.0
2013-04-19,111549.0
2013-04-22,128667.0
2013-04-23,169902.0
2013-04-24,167621.0
2013-04-25,133892.0
2013-04-26,138429.0
2013-04-29,151714.0
2013-04-30,213863.0
2013-05-01,184624.0
2013-05-02,161881.0
2013-05-03,141086.0
2013-05-06,147072.0
2013-05-07,142662.0
2013-05-08,133620.0
2013-05-09,96747.0
2013-05-10,92472.0
2013-05-13,94695.0
2013-05-14,91647.0
2013-05-15,69489.0
2013-05-16,35791.0
2013-05-17,34216.0
2013-05-20,37738.0
2013-05-21,31246.0
2013-05-22,25206.0
2013-05-23,16345.0
2013-05-24,11950.0
2013-05-28,16075.0
2013-05-29,14298.0
2013-05-30,19677.0
2013-05-31,34681.0
2013-06-03,11476.0
2013-06-04,35389.0
2013-06-05,41025.0
2013-06-06,44329.0
2013-06-07,42182.0
2013-06-10,47695.0
2013-06-11,43540.0
2013-06-12,39284.0
2013-06-13,38680.0
2013-06-14,55635.0
2013-06-17,112669.0
2013-06-18,118362.0
2013-06-19,117287.0
2013-06-20,93599.0
2013-06-21,94283.0
2013-06-24,106810.0
2013-06-25,102954.0
2013-06-26,94271.0
2013-06-27,64261.0
2013-06-28,134858.0
2013-07-01,128534.0
2013-07-02,127801.0
2013-07-03,106048.0
2013-07-05,87841.0
2013-07-08,91233.0
2013-07-09,84774.0
2013-07-10,75254.0
2013-07-11,67430.0
2013-07-12,68046.0
2013-07-15,74847.0
2013-07-16,77525.0
2013-07-17,67165.0
2013-07-18,58398.0
2013-07-19,58294.0
2013-07-22,63648.0
2013-07-23,60927.0
2013-07-24,50966.0
2013-07-25,49324.0
2013-07-26,50079.0
2013-07-29,58094.0
2013-07-30,53094.0
2013-07-31,109693.0
2013-08-01,79176.0
2013-08-02,55375.0
2013-08-05,60515.0
2013-08-06,57424.0
2013-08-07,62679.0
2013-08-08,64465.0
2013-08-09,63959.0
2013-08-12,70729.0
2013-08-13,64619.0
2013-08-14,57157.0
2013-08-15,50135.0
2013-08-16,53555.0
2013-08-19,56594.0
2013-08-20,49294.0
2013-08-21,41527.0
2013-08-22,41034.0
2013-08-23,39183.0
2013-08-26,41716.0
2013-08-27,35726.0
2013-08-28,25064.0
2013-08-29,46369.0
2013-08-30,26135.0
2013-09-03,39754.0
2013-09-04,36359.0
2013-09-05,41180.0
2013-09-06,38896.0
2013-09-09,43512.0
2013-09-10,38456.0
2013-09-11,30020.0
2013-09-12,21352.0
2013-09-13,32500.0
2013-09-16,94495.0
2013-09-17,62430.0
2013-09-18,60914.0
2013-09-19,36140.0
2013-09-20,40997.0
2013-09-23,54643.0
2013-09-24,55147.0
2013-09-25,46017.0
2013-09-26,18460.0
2013-09-27,16949.0
2013-09-30,88386.0
2013-10-01,50501.0
2013-10-02,57533.0
2013-10-03,24453.0
2013-10-04,28911.0
2013-10-07,34541.0
2013-10-08,31977.0
2013-10-09,23393.0
2013-10-10,36489.0
2013-10-11,34933.0
2013-10-15,39020.0
2013-10-16,31866.0
2013-10-17,46296.0
2013-10-18,43678.0
2013-10-21,48995.0
2013-10-22,47336.0
2013-10-23,35691.0
2013-10-24,35473.0
2013-10-25,30529.0
2013-10-28,35669.0
2013-10-29,29185.0
2013-10-30,30725.0
2013-10-31,83001.0
2013-11-01,23564.0
2013-11-04,30343.0
2013-11-05,25876.0
2013-11-06,30596.0
2013-11-07,49809.0
2013-11-08,46317.0
2013-11-12,50149.0
2013-11-13,34247.0
2013-11-14,67234.0
2013-11-15,42671.0
2013-11-18,54252.0
2013-11-19,48752.0
2013-11-20,47871.0
2013-11-21,58594.0
2013-11-22,53054.0
2013-11-25,59307.0
2013-11-26,53711.0
2013-11-27,45433.0
2013-11-29,33433.0
2013-12-02,58974.0
2013-12-03,28545.0
2013-12-04,32379.0
2013-12-05,31973.0
2013-12-06,28120.0
2013-12-09,35107.0
2013-12-10,30016.0
2013-12-11,21490.0
2013-12-12,20065.0
2013-12-13,35247.0
2013-12-16,127426.0
2013-12-17,123776.0
2013-12-18,116998.0
2013-12-19,102568.0
2013-12-20,97810.0
2013-12-23,110066.0
2013-12-24,93893.0
2013-12-26,75253.0
2013-12-27,80223.0
2013-12-30,95005.0
2013-12-31,162399.0
2014-01-02,140910.0
2014-01-03,114310.0
2014-01-06,119118.0
2014-01-07,121089.0
2014-01-08,110758.0
2014-01-09,75653.0
2014-01-10,76068.0
2014-01-13,83597.0
2014-01-14,84770.0
2014-01-15,87926.0
2014-01-16,72346.0
2014-01-17,72830.0
2014-01-21,84199.0
2014-01-22,96724.0
2014-01-23,87158.0
2014-01-24,86614.0
2014-01-27,92691.0
2014-01-28,90034.0
2014-01-29,95632.0
2014-01-30,68961.0
2014-01-31,88573.0
2014-02-03,76255.0
2014-02-04,72210.0
2014-02-05,77423.0
2014-02-06,35667.0
2014-02-07,34136.0
2014-02-10,21331.0
2014-02-11,62899.0
2014-02-12,32564.0
2014-02-13,42581.0
2014-02-14,33153.0
2014-02-18,63342.0
2014-02-19,49750.0
2014-02-20,52964.0
2014-02-21,48346.0
2014-02-24,55912.0
2014-02-25,45589.0
2014-02-26,27427.0
2014-02-27,37459.0
2014-02-28,46029.0
2014-03-03,51829.0
2014-03-04,44636.0
2014-03-05,45744.0
2014-03-06,59749.0
2014-03-07,56729.0
2014-03-10,63481.0
2014-03-11,56775.0
2014-03-12,42797.0
2014-03-13,55567.0
2014-03-14,60441.0
2014-03-17,136079.0
2014-03-18,127412.0
2014-03-19,118033.0
2014-03-20,106020.0
2014-03-21,102396.0
2014-03-24,109430.0
2014-03-25,102572.0
2014-03-26,89067.0
2014-03-27,69609.0
2014-03-28,83829.0
2014-03-31,142189.0
2014-04-01,102656.0
2014-04-02,107199.0
2014-04-03,61758.0
2014-04-04,62212.0
2014-04-07,67828.0
2014-04-08,66304.0
2014-04-09,54528.0
2014-04-10,31754.0
2014-04-11,35400.0
2014-04-14,53919.0
2014-04-15,131843.0
2014-04-16,134483.0
2014-04-17,81896.0
2014-04-18,94946.0
2014-04-21,111804.0
2014-04-22,150995.0
2014-04-23,150225.0
2014-04-24,64608.0
2014-04-25,68934.0
2014-04-28,81125.0
2014-04-29,88002.0
2014-04-30,148343.0
2014-05-01,103725.0
2014-05-02,85265.0
2014-05-05,91839.0
2014-05-06,91425.0
2014-05-07,96998.0
2014-05-08,73890.0
2014-05-09,71732.0
2014-05-12,76423.0
2014-05-13,70290.0
2014-05-14,62954.0
2014-05-15,31997.0
2014-05-16,39194.0
2014-05-19,44938.0
2014-05-20,38571.0
2014-05-21,31128.0
2014-05-22,37113.0
2014-05-23,34288.0
2014-05-27,37795.0
2014-05-28,22950.0
2014-05-29,37350.0
2014-05-30,28894.0
2014-06-02,55303.0
2014-06-03,26031.0
2014-06-04,31902.0
2014-06-05,49251.0
2014-06-06,46184.0
2014-06-09,51537.0
2014-06-10,46685.0
2014-06-11,42420.0
2014-06-12,26347.0
2014-06-13,43241.0
2014-06-16,139635.0
2014-06-17,148000.0
2014-06-18,147619.0
2014-06-19,101894.0
2014-06-20,101794.0
2014-06-23,118794.0
2014-06-24,116570.0
2014-06-25,108064.0
2014-06-26,80876.0
2014-06-27,95394.0
2014-06-30,139299.0
2014-07-01,93154.0
2014-07-02,101085.0
2014-07-03,63000.0
2014-07-07,72278.0
2014-07-08,66003.0
2014-07-09,56503.0
2014-07-10,54801.0
2014-07-11,55818.0
2014-07-14,64100.0
2014-07-15,65597.0
2014-07-16,63737.0
2014-07-17,61898.0
2014-07-18,66197.0
2014-07-21,68621.0
2014-07-22,64051.0
2014-07-23,55807.0
2014-07-24,58228.0
2014-07-25,57710.0
2014-07-28,68820.0
2014-07-29,66042.0
2014-07-30,70123.0
2014-07-31,127237.0
2014-08-01,58405.0
2014-08-04,66455.0
2014-08-05,62359.0
2014-08-06,69324.0
2014-08-07,77819.0
2014-08-08,78473.0
2014-08-11,83927.0
2014-08-12,80628.0
2014-08-13,68670.0
2014-08-14,67894.0
2014-08-15,37009.0
2014-08-18,48821.0
2014-08-19,39654.0
2014-08-20,32225.0
2014-08-21,40637.0
2014-08-22,41259.0
2014-08-25,45942.0
2014-08-26,41614.0
2014-08-27,29547.0
2014-08-28,36637.0
2014-08-29,48664.0
2014-09-02,47748.0
2014-09-03,21036.0
2014-09-04,40333.0
2014-09-05,39588.0
2014-09-08,43457.0
2014-09-09,39143.0
2014-09-10,31872.0
2014-09-11,17249.0
2014-09-12,27867.0
2014-09-15,112035.0
2014-09-16,128068.0
2014-09-17,123965.0
2014-09-18,103385.0
2014-09-19,108698.0
2014-09-22,125733.0
2014-09-23,129674.0
2014-09-24,118905.0
2014-09-25,99204.0
2014-09-26,109494.0
2014-09-29,122104.0
2014-09-30,158302.0
2014-10-01,126568.0
2014-10-02,116049.0
2014-10-03,93485.0
2014-10-06,98575.0
2014-10-07,94837.0
2014-10-08,85309.0
2014-10-09,76987.0
2014-10-10,74726.0
2014-10-14,81225.0
2014-10-15,101413.0
2014-10-16,118661.0
2014-10-17,118620.0
2014-10-20,133499.0
2014-10-21,131982.0
2014-10-22,124596.0
2014-10-23,120202.0
2014-10-24,117289.0
2014-10-27,122014.0
2014-10-28,116221.0
2014-10-29,118660.0
2014-10-30,122339.0
2014-10-31,117403.0
2014-11-03,102475.0
2014-11-04,98451.0
2014-11-05,104204.0
2014-11-06,110284.0
2014-11-07,107194.0
2014-11-10,111781.0
2014-11-12,95008.0
2014-11-13,101828.0
2014-11-14,102165.0
2014-11-17,91603.0
2014-11-18,87407.0
2014-11-19,79634.0
2014-11-20,80404.0
2014-11-21,79544.0
2014-11-24,85936.0
2014-11-25,81511.0
2014-11-26,71901.0
2014-11-28,108270.0
2014-12-01,79703.0
2014-12-02,77960.0
2014-12-03,57606.0
2014-12-04,65210.0
2014-12-05,61475.0
2014-12-08,64834.0
2014-12-09,57368.0
2014-12-10,48807.0
2014-12-11,57578.0
2014-12-12,76111.0
2014-12-15,169496.0
2014-12-16,176709.0
2014-12-17,171314.0
2014-12-18,171238.0
2014-12-19,169710.0
2014-12-22,184250.0
2014-12-23,183125.0
2014-12-24,177911.0
2014-12-26,182575.0
2014-12-29,197527.0
2014-12-30,197827.0
2014-12-31,223452.0
2015-01-02,164963.0
2015-01-05,173529.0
2015-01-06,169487.0
2015-01-07,176363.0
2015-01-08,154758.0
2015-01-09,154928.0
2015-01-12,164571.0
2015-01-13,164032.0
2015-01-14,159730.0
2015-01-15,158669.0
2015-01-16,164874.0
2015-01-20,176668.0
2015-01-21,196231.0
2015-01-22,199442.0
2015-01-23,200254.0
2015-01-26,210050.0
2015-01-27,203777.0
2015-01-28,194311.0
2015-01-29,190030.0
2015-01-30,156815.0
2015-02-02,191848.0
2015-02-03,161328.0
2015-02-04,157250.0
2015-02-05,172777.0
2015-02-06,163059.0
2015-02-09,164976.0
2015-02-10,154654.0
2015-02-11,130765.0
2015-02-12,136936.0
2015-02-13,132081.0
2015-02-17,93494.0
2015-02-18,73097.0
2015-02-19,75622.0
2015-02-20,71730.0
2015-02-23,74061.0
2015-02-24,65213.0
2015-02-25,46714.0
2015-02-26,52782.0
2015-02-27,34929.0
2015-03-02,84797.0
2015-03-03,53808.0
2015-03-04,52446.0
2015-03-05,39236.0
2015-03-06,39720.0
2015-03-09,48705.0
2015-03-10,41678.0
2015-03-11,27237.0
2015-03-12,27959.0
2015-03-13,34186.0
2015-03-16,105616.0
2015-03-17,101105.0
2015-03-18,87560.0
2015-03-19,88030.0
2015-03-20,87505.0
2015-03-23,92916.0
2015-03-24,86561.0
2015-03-25,71325.0
2015-03-26,64718.0
2015-03-27,72876.0
2015-03-30,79308.0
2015-03-31,100084.0
2015-04-01,65529.0
2015-04-02,74619.0
2015-04-03,51519.0
2015-04-06,57552.0
2015-04-07,55465.0
2015-04-08,44254.0
2015-04-09,31288.0
2015-04-10,32306.0
2015-04-13,45631.0
2015-04-14,67740.0
2015-04-15,111551.0
2015-04-16,112506.0
2015-04-17,130864.0
2015-04-20,149009.0
2015-04-21,195018.0
2015-04-22,201073.0
2015-04-23,197552.0
2015-04-24,209295.0
2015-04-27,225719.0
2015-04-28,241333.0
2015-04-29,245426.0
2015-04-30,273869.0
2015-05-01,213999.0
2015-05-04,225663.0
2015-05-05,221880.0
2015-05-06,229131.0
2015-05-07,218170.0
2015-05-08,217032.0
2015-05-11,222191.0
2015-05-12,216630.0
2015-05-13,205392.0
2015-05-14,205199.0
2015-05-15,173601.0
2015-05-18,188095.0
2015-05-19,183639.0
2015-05-20,173749.0
2015-05-21,177634.0
2015-05-22,176627.0
2015-05-26,181314.0
2015-05-27,163581.0
2015-05-28,170754.0
2015-05-29,198947.0
2015-06-01,175350.0
2015-06-02,173517.0
2015-06-03,184099.0
2015-06-04,179752.0
2015-06-05,177615.0
2015-06-08,184235.0
2015-06-09,179529.0
2015-06-10,172918.0
2015-06-11,165516.0
2015-06-12,180260.0
2015-06-15,239926.0
2015-06-16,255946.0
2015-06-17,251369.0
2015-06-18,227775.0
2015-06-19,233729.0
2015-06-22,253502.0
2015-06-23,253257.0
2015-06-24,240762.0
2015-06-25,212557.0
2015-06-26,225955.0
2015-06-29,235302.0
2015-06-30,254340.0
2015-07-01,212135.0
2015-07-02,180219.0
2015-07-03,183011.0
2015-07-06,191010.0
2015-07-07,184266.0
2015-07-08,173642.0
2015-07-09,173846.0
2015-07-10,174933.0
2015-07-13,181193.0
2015-07-14,179334.0
2015-07-15,175706.0
2015-07-16,198114.0
2015-07-17,195805.0
2015-07-20,201804.0
2015-07-21,192871.0
2015-07-22,183203.0
2015-07-23,193966.0
2015-07-24,193399.0
2015-07-27,202166.0
2015-07-28,198065.0
2015-07-29,203378.0
2015-07-30,208961.0
2015-07-31,209982.0
2015-08-03,194970.0
2015-08-04,191874.0
2015-08-05,198755.0
2015-08-06,193293.0
2015-08-07,193376.0
2015-08-10,198675.0
2015-08-11,194178.0
2015-08-12,207989.0
2015-08-13,195017.0
2015-08-14,194030.0
2015-08-17,166391.0
2015-08-18,159606.0
2015-08-19,142076.0
2015-08-20,128595.0
2015-08-21,127918.0
2015-08-24,136308.0
2015-08-25,132259.0
2015-08-26,119147.0
2015-08-27,109509.0
2015-08-28,120956.0
2015-08-31,131787.0
2015-09-01,116052.0
2015-09-02,122263.0
2015-09-03,84591.0
2015-09-04,86871.0
2015-09-08,92215.0
2015-09-09,76256.0
2015-09-10,88263.0
2015-09-11,89469.0
2015-09-14,108938.0
2015-09-15,176280.0
2015-09-16,179990.0
2015-09-17,140806.0
2015-09-18,146414.0
2015-09-21,159015.0
2015-09-22,170580.0
2015-09-23,164941.0
2015-09-24,125865.0
2015-09-25,135132.0
2015-09-28,141420.0
2015-09-29,144754.0
2015-09-30,198716.0
2015-10-01,97527.0
2015-10-02,77996.0
2015-10-05,84251.0
2015-10-06,80764.0
2015-10-07,87139.0
2015-10-08,69269.0
2015-10-09,66262.0
2015-10-13,73212.0
2015-10-14,57540.0
2015-10-15,53089.0
2015-10-16,60077.0
2015-10-19,66754.0
2015-10-20,65661.0
2015-10-21,57086.0
2015-10-22,47190.0
2015-10-23,47856.0
2015-10-26,54338.0
2015-10-27,49022.0
2015-10-28,35586.0
2015-10-29,29922.0
2015-10-30,22892.0
2015-11-02,25148.0
2015-11-03,40606.0
2015-11-04,44215.0
2015-11-05,112153.0
2015-11-06,109961.0
2015-11-09,114943.0
2015-11-10,96449.0
2015-11-12,141656.0
2015-11-13,141693.0
2015-11-16,128339.0
2015-11-17,123580.0
2015-11-18,112494.0
2015-11-19,165040.0
2015-11-20,162827.0
2015-11-23,170116.0
2015-11-24,166583.0
2015-11-25,154215.0
2015-11-27,217722.0
2015-11-30,253274.0
2015-12-01,211369.0
2015-12-02,217267.0
2015-12-03,187998.0
2015-12-04,187252.0
2015-12-07,193149.0
2015-12-08,187717.0
2015-12-09,175746.0
2015-12-10,160711.0
2015-12-11,165184.0
2015-12-14,186805.0
2015-12-15,265147.0
2015-12-16,266187.0
2015-12-17,263075.0
2015-12-18,265246.0
2015-12-21,274060.0
2015-12-22,274253.0
2015-12-23,266131.0
2015-12-24,269540.0
2015-12-28,315258.0
2015-12-29,315002.0
2015-12-30,324846.0
2015-12-31,333447.0
2016-01-04,332106.0
2016-01-05,328907.0
2016-01-06,337737.0
2016-01-07,298303.0
2016-01-08,300850.0
2016-01-11,309821.0
2016-01-12,307971.0
2016-01-13,302240.0
2016-01-14,265074.0
2016-01-15,278444.0
2016-01-19,299622.0
2016-01-20,318749.0
2016-01-21,339133.0
2016-01-22,339516.0
2016-01-25,349474.0
2016-01-26,348843.0
2016-01-27,337973.0
2016-01-28,355129.0
2016-01-29,370182.0
2016-02-01,339636.0
2016-02-02,338063.0
2016-02-03,312633.0
2016-02-04,325503.0
2016-02-05,322146.0
2016-02-08,329165.0
2016-02-09,323853.0
2016-02-10,276161.0
2016-02-11,279129.0
2016-02-12,271688.0
2016-02-16,259086.0
2016-02-17,242350.0
2016-02-18,242543.0
2016-02-19,240815.0
2016-02-22,245250.0
2016-02-23,238552.0
2016-02-24,216862.0
2016-02-25,224233.0
2016-02-26,233990.0
2016-02-29,272359.0
2016-03-01,232499.0
2016-03-02,229388.0
2016-03-03,210163.0
2016-03-04,211554.0
2016-03-07,222709.0
2016-03-08,216274.0
2016-03-09,196297.0
2016-03-10,214246.0
2016-03-11,213624.0
2016-03-14,236562.0
2016-03-15,278674.0
2016-03-16,279081.0
2016-03-17,298526.0
2016-03-18,298959.0
2016-03-21,304545.0
2016-03-22,301036.0
2016-03-23,277707.0
2016-03-24,281904.0
2016-03-25,277224.0
2016-03-28,295479.0
2016-03-29,291654.0
2016-03-30,291912.0
2016-03-31,313835.0
2016-04-01,251046.0
2016-04-04,261374.0
2016-04-05,258380.0
2016-04-06,263537.0
2016-04-07,237899.0
2016-04-08,236218.0
2016-04-11,244515.0
2016-04-12,248447.0
2016-04-13,237928.0
2016-04-14,223174.0
2016-04-15,233889.0
2016-04-18,290415.0
2016-04-19,328698.0
2016-04-20,337540.0
2016-04-21,318662.0
2016-04-22,331277.0
2016-04-25,355282.0
2016-04-26,382887.0
2016-04-27,372499.0
2016-04-28,350158.0
2016-04-29,339091.0
2016-05-02,343705.0
2016-05-03,319569.0
2016-05-04,323794.0
2016-05-05,316764.0
2016-05-06,315496.0
2016-05-09,322035.0
2016-05-10,316456.0
2016-05-11,305842.0
2016-05-12,301875.0
2016-05-13,302731.0
2016-05-16,291295.0
2016-05-17,288721.0
2016-05-18,277289.0
2016-05-19,273500.0
2016-05-20,268120.0
2016-05-23,276399.0
2016-05-24,268985.0
2016-05-25,257092.0
2016-05-26,251273.0
2016-05-27,266563.0
2016-05-31,298416.0
2016-06-01,259693.0
2016-06-02,256930.0
2016-06-03,232934.0
2016-06-06,238930.0
2016-06-07,234678.0
2016-06-08,225116.0
2016-06-09,209485.0
2016-06-10,212512.0
2016-06-13,226608.0
2016-06-14,239648.0
2016-06-15,305523.0
2016-06-16,306956.0
2016-06-17,307883.0
2016-06-20,320542.0
2016-06-21,335303.0
2016-06-22,331412.0
2016-06-23,322951.0
2016-06-24,335147.0
2016-06-27,344437.0
2016-06-28,340193.0
2016-06-29,346632.0
2016-06-30,363662.0
2016-07-01,290469.0
2016-07-05,299495.0
2016-07-06,298044.0
2016-07-07,315375.0
2016-07-08,316154.0
2016-07-11,322485.0
2016-07-12,318422.0
2016-07-13,307707.0
2016-07-14,320931.0
2016-07-15,326148.0
2016-07-18,341731.0
2016-07-19,335807.0
2016-07-20,327138.0
2016-07-21,324432.0
2016-07-22,324986.0
2016-07-25,334404.0
2016-07-26,328464.0
2016-07-27,316238.0
2016-07-28,318836.0
2016-07-29,333748.0
2016-08-01,263385.0
2016-08-02,262544.0
2016-08-03,245682.0
2016-08-04,257583.0
2016-08-05,259784.0
2016-08-08,267131.0
2016-08-09,262663.0
2016-08-10,252095.0
2016-08-11,270718.0
2016-08-12,270368.0
2016-08-15,249955.0
2016-08-16,252470.0
2016-08-17,241426.0
2016-08-18,255336.0
2016-08-19,253455.0
2016-08-22,262858.0
2016-08-23,257194.0
2016-08-24,244881.0
2016-08-25,261937.0
2016-08-26,272063.0
2016-08-29,278609.0
2016-08-30,273682.0
2016-08-31,288946.0
2016-09-01,252298.0
2016-09-02,231405.0
2016-09-06,237009.0
2016-09-07,238152.0
2016-09-08,240149.0
2016-09-09,238512.0
2016-09-12,246437.0
2016-09-13,246759.0
2016-09-14,252691.0
2016-09-15,321073.0
2016-09-16,331797.0
2016-09-19,343479.0
2016-09-20,364589.0
2016-09-21,358603.0
2016-09-22,351302.0
2016-09-23,353351.0
2016-09-26,358850.0
2016-09-27,352076.0
2016-09-28,339619.0
2016-09-29,356770.0
2016-09-30,353312.0
2016-10-03,339769.0
2016-10-04,335636.0
2016-10-05,342208.0
2016-10-06,360503.0
2016-10-07,357296.0
2016-10-11,360736.0
2016-10-12,342875.0
2016-10-13,372381.0
2016-10-14,374299.0
2016-10-17,420809.0
2016-10-18,418133.0
2016-10-19,409693.0
2016-10-20,433309.0
2016-10-21,427572.0
2016-10-24,435091.0
2016-10-25,431814.0
2016-10-26,420256.0
2016-10-27,439889.0
2016-10-28,440383.0
2016-10-31,421567.0
2016-11-01,369156.0
2016-11-02,371894.0
2016-11-03,376485.0
2016-11-04,377153.0
2016-11-07,382595.0
2016-11-08,377527.0
2016-11-09,365454.0
2016-11-10,407607.0
2016-11-14,418005.0
2016-11-15,380036.0
2016-11-16,375908.0
2016-11-17,402553.0
2016-11-18,401995.0
2016-11-21,403623.0
2016-11-22,398815.0
2016-11-23,386683.0
2016-11-25,409123.0
2016-11-28,416420.0
2016-11-29,413013.0
2016-11-30,422034.0
2016-12-01,363137.0
2016-12-02,338377.0
2016-12-05,343159.0
2016-12-06,338025.0
2016-12-07,344032.0
2016-12-08,319507.0
2016-12-09,321860.0
2016-12-12,333833.0
2016-12-13,327482.0
2016-12-14,325271.0
2016-12-15,378138.0
2016-12-16,388365.0
2016-12-19,396239.0
2016-12-20,392994.0
2016-12-21,387014.0
2016-12-22,377197.0
2016-12-23,381044.0
2016-12-27,390555.0
2016-12-28,372825.0
2016-12-29,377548.0
2016-12-30,399190.0
2017-01-03,369781.0
2017-01-04,371833.0
2017-01-05,369343.0
2017-01-06,370697.0
2017-01-09,379887.0
2017-01-10,377113.0
2017-01-11,369010.0
2017-01-12,351931.0
2017-01-13,354989.0
2017-01-17,393824.0
2017-01-18,396916.0
2017-01-19,382412.0
2017-01-20,382078.0
2017-01-23,399002.0
2017-01-24,406507.0
2017-01-25,401735.0
2017-01-26,382448.0
2017-01-27,379542.0
2017-01-30,390855.0
2017-01-31,372728.0
2017-02-01,339229.0
2017-02-02,325827.0
2017-02-03,303596.0
2017-02-06,310638.0
2017-02-07,305860.0
2017-02-08,287035.0
2017-02-09,317544.0
2017-02-10,313404.0
2017-02-13,319586.0
2017-02-14,317911.0
2017-02-15,274178.0
2017-02-16,263607.0
2017-02-17,262312.0
2017-02-21,267019.0
2017-02-22,228171.0
2017-02-23,168837.0
2017-02-24,178118.0
2017-02-27,187606.0
2017-02-28,189287.0
2017-03-01,148385.0
2017-03-02,108983.0
2017-03-03,86903.0
2017-03-06,94138.0
2017-03-07,87546.0
2017-03-08,66163.0
2017-03-09,34015.0
2017-03-10,30491.0
2017-03-13,44185.0
2017-03-14,76966.0
2017-03-15,23416.0
2017-03-16,75002.0
2017-03-17,72703.0
2017-03-20,78819.0
2017-03-21,69614.0
2017-03-22,54245.0
2017-03-23,68773.0
2017-03-24,63231.0
2017-03-27,71511.0
2017-03-28,63232.0
2017-03-29,63101.0
2017-03-30,98537.0
2017-03-31,92205.0
2017-04-03,84437.0
2017-04-04,81925.0
2017-04-05,82953.0
2017-04-06,120495.0
2017-04-07,118677.0
2017-04-10,127995.0
2017-04-11,131850.0
2017-04-12,119157.0
2017-04-13,123150.0
2017-04-14,141247.0
2017-04-17,148254.0
2017-04-18,227170.0
2017-04-19,229485.0
2017-04-20,205474.0
2017-04-21,213518.0
2017-04-24,239537.0
2017-04-25,283119.0
2017-04-26,270845.0
2017-04-27,246213.0
2017-04-28,272585.0
2017-05-01,221998.0
2017-05-02,223209.0
2017-05-03,203408.0
2017-05-04,200749.0
2017-05-05,198887.0
2017-05-08,203775.0
2017-05-09,203648.0
2017-05-10,188256.0
2017-05-11,187503.0
2017-05-12,191256.0
2017-05-15,181943.0
2017-05-16,186456.0
2017-05-17,172891.0
2017-05-18,169071.0
2017-05-19,164862.0
2017-05-22,174163.0
2017-05-23,169279.0
2017-05-24,163058.0
2017-05-25,154827.0
2017-05-26,168811.0
2017-05-30,176984.0
2017-05-31,189831.0
2017-06-01,168966.0
2017-06-02,147181.0
2017-06-05,153151.0
2017-06-06,148689.0
2017-06-07,154760.0
2017-06-08,148437.0
2017-06-09,148101.0
2017-06-12,158962.0
2017-06-13,159881.0
2017-06-14,163941.0
2017-06-15,197389.0
2017-06-16,206407.0
2017-06-19,217596.0
2017-06-20,226592.0
2017-06-21,225126.0
2017-06-22,208172.0
2017-06-23,208406.0
2017-06-26,215903.0
2017-06-27,211666.0
2017-06-28,197597.0
2017-06-29,196229.0
2017-06-30,181117.0
2017-07-03,167210.0
2017-07-05,165044.0
2017-07-06,170463.0
2017-07-07,170514.0
2017-07-10,178605.0
2017-07-11,174469.0
2017-07-12,162156.0
2017-07-13,169002.0
2017-07-14,168075.0
2017-07-17,201413.0
2017-07-18,198878.0
2017-07-19,189282.0
2017-07-20,197167.0
2017-07-21,188789.0
2017-07-24,197523.0
2017-07-25,195235.0
2017-07-26,183534.0
2017-07-27,186935.0
2017-07-28,187603.0
2017-07-31,189023.0
2017-08-01,158260.0
2017-08-02,165407.0
2017-08-03,146985.0
2017-08-04,150656.0
2017-08-07,158389.0
2017-08-08,152141.0
2017-08-09,139553.0
2017-08-10,143500.0
2017-08-11,142035.0
2017-08-14,150654.0
2017-08-15,100391.0
2017-08-16,96029.0
2017-08-17,82481.0
2017-08-18,84766.0
2017-08-21,86813.0
2017-08-22,83017.0
2017-08-23,67930.0
2017-08-24,50553.0
2017-08-25,59400.0
2017-08-28,67776.0
2017-08-29,63991.0
2017-08-30,66877.0
2017-08-31,55401.0
2017-09-01,32106.0
2017-09-05,40456.0
2017-09-06,38662.0
2017-09-07,51974.0
2017-09-08,70194.0
2017-09-11,78289.0
2017-09-12,77559.0
2017-09-13,73220.0
2017-09-14,83843.0
2017-09-15,119259.0
2017-09-18,142037.0
2017-09-19,159614.0
2017-09-20,151204.0
2017-09-21,164630.0
2017-09-22,164138.0
2017-09-25,173206.0
2017-09-26,167156.0
2017-09-27,155159.0
2017-09-28,164398.0
2017-09-29,159322.0
2017-10-02,176228.0
2017-10-03,149817.0
2017-10-04,154619.0
2017-10-05,171576.0
2017-10-06,171022.0
2017-10-10,177393.0
2017-10-11,155307.0
2017-10-12,158328.0
2017-10-13,159556.0
2017-10-16,212602.0
2017-10-17,207114.0
2017-10-18,196106.0
2017-10-19,201416.0
2017-10-20,194259.0
2017-10-23,203965.0
2017-10-24,201072.0
2017-10-25,185092.0
2017-10-26,196459.0
2017-10-27,198032.0
2017-10-30,205648.0
2017-10-31,176855.0
2017-11-01,181764.0
2017-11-02,201020.0
2017-11-03,175463.0
2017-11-06,181752.0
2017-11-07,174857.0
2017-11-08,160437.0
2017-11-09,175105.0
2017-11-10,177386.0
2017-11-13,186715.0
2017-11-14,180272.0
2017-11-15,148165.0
2017-11-16,166027.0
2017-11-17,164392.0
2017-11-20,171401.0
2017-11-21,162665.0
2017-11-22,151783.0
2017-11-24,173644.0
2017-11-27,179974.0
2017-11-28,174602.0
2017-11-29,178685.0
2017-11-30,183157.0
2017-12-01,115828.0
2017-12-04,124441.0
2017-12-05,115894.0
2017-12-06,122127.0
2017-12-07,108208.0
2017-12-08,69098.0
2017-12-11,79049.0
2017-12-12,74174.0
2017-12-13,64734.0
2017-12-14,81451.0
2017-12-15,159494.0
2017-12-18,180621.0
2017-12-19,177911.0
2017-12-20,170817.0
2017-12-21,183859.0
2017-12-22,189767.0
2017-12-26,202567.0
2017-12-27,186486.0
2017-12-28,205236.0
2017-12-29,228933.0
2018-01-02,190038.0
2018-01-03,169957.0
2018-01-04,204358.0
2018-01-05,205500.0
2018-01-08,214096.0
2018-01-09,209981.0
2018-01-10,198573.0
2018-01-11,215951.0
2018-01-12,215476.0
2018-01-16,259084.0
2018-01-17,256720.0
2018-01-18,261919.0
2018-01-19,264775.0
2018-01-22,273051.0
2018-01-23,278567.0
2018-01-24,275963.0
2018-01-25,269271.0
2018-01-26,265889.0
2018-01-29,276512.0
2018-01-30,272462.0
2018-01-31,275794.0
2018-02-01,219444.0
2018-02-02,200213.0
2018-02-05,205285.0
2018-02-06,199964.0
2018-02-07,202221.0
2018-02-08,202643.0
2018-02-09,198581.0
2018-02-12,206488.0
2018-02-13,198047.0
2018-02-14,180845.0
2018-02-15,166297.0
2018-02-16,224711.0
2018-02-20,228784.0
2018-02-21,208817.0
2018-02-22,190583.0
2018-02-23,204089.0
2018-02-26,212253.0
2018-02-27,203846.0
2018-02-28,199390.0
2018-03-01,213775.0
2018-03-02,192156.0
2018-03-05,197244.0
2018-03-06,190496.0
2018-03-07,187515.0
2018-03-08,251562.0
2018-03-09,248269.0
2018-03-12,263515.0
2018-03-13,253462.0
2018-03-14,236160.0
2018-03-15,305460.0
2018-03-16,321657.0
2018-03-19,328814.0
2018-03-20,316961.0
2018-03-21,298973.0
2018-03-22,324254.0
2018-03-23,320270.0
2018-03-26,326168.0
2018-03-27,320422.0
2018-03-28,300355.0
2018-03-29,333897.0
2018-03-30,289648.0
2018-04-02,324262.0
2018-04-03,299702.0
2018-04-04,300604.0
2018-04-05,292669.0
2018-04-06,291637.0
2018-04-09,301022.0
2018-04-10,302176.0
2018-04-11,287804.0
2018-04-12,225320.0
2018-04-13,245560.0
2018-04-16,262442.0
2018-04-17,351336.0
2018-04-18,350943.0
2018-04-19,326142.0
2018-04-20,336271.0
2018-04-23,365561.0
2018-04-24,413608.0
2018-04-25,403067.0
2018-04-26,395225.0
2018-04-27,406195.0
2018-04-30,419376.0
2018-05-01,381742.0
2018-05-02,384961.0
2018-05-03,355775.0
2018-05-04,355182.0
2018-05-07,362193.0
2018-05-08,354299.0
2018-05-09,338377.0
2018-05-10,338237.0
2018-05-11,338034.0
2018-05-14,347471.0
2018-05-15,333251.0
2018-05-16,327748.0
2018-05-17,328498.0
2018-05-18,327372.0
2018-05-21,334686.0
2018-05-22,327648.0
2018-05-23,312169.0
2018-05-24,311183.0
2018-05-25,324686.0
2018-05-29,334815.0
2018-05-30,332712.0
2018-05-31,354393.0
2018-06-01,280932.0
2018-06-04,288988.0
2018-06-05,282852.0
2018-06-06,289454.0
2018-06-07,275598.0
2018-06-08,278084.0
2018-06-11,288319.0
2018-06-12,287180.0
2018-06-13,282968.0
2018-06-14,278287.0
2018-06-15,350812.0
2018-06-18,373207.0
2018-06-19,385423.0
2018-06-20,380090.0
2018-06-21,374084.0
2018-06-22,374630.0
2018-06-25,381513.0
2018-06-26,375921.0
2018-06-27,362175.0
2018-06-28,352083.0
2018-06-29,332805.0
2018-07-02,350599.0
2018-07-03,325543.0
2018-07-05,326453.0
2018-07-06,326004.0
2018-07-09,334686.0
2018-07-10,329750.0
2018-07-11,316434.0
2018-07-12,312325.0
2018-07-13,308129.0
2018-07-16,351651.0
2018-07-17,347036.0
2018-07-18,335801.0
2018-07-19,352247.0
2018-07-20,347454.0
2018-07-23,355938.0
2018-07-24,352674.0
2018-07-25,338978.0
2018-07-26,358530.0
2018-07-27,356398.0
2018-07-30,364574.0
2018-07-31,358159.0
2018-08-01,310204.0
2018-08-02,344497.0
2018-08-03,324023.0
2018-08-06,331580.0
2018-08-07,325462.0
2018-08-08,311690.0
2018-08-09,345681.0
2018-08-10,345053.0
2018-08-13,352397.0
2018-08-14,348234.0
2018-08-15,318117.0
2018-08-16,351762.0
2018-08-17,350958.0
2018-08-20,352718.0
2018-08-21,346406.0
2018-08-22,334992.0
2018-08-23,345360.0
2018-08-24,339925.0
2018-08-27,346234.0
2018-08-28,341177.0
2018-08-29,345255.0
2018-08-30,341540.0
2018-08-31,317971.0
2018-09-04,328486.0
2018-09-05,324437.0
2018-09-06,306574.0
2018-09-07,301597.0
2018-09-10,309612.0
2018-09-11,306899.0
2018-09-12,297697.0
2018-09-13,273955.0
2018-09-14,292893.0
2018-09-17,393190.0
2018-09-18,405806.0
2018-09-19,399519.0
2018-09-20,363997.0
2018-09-21,366176.0
2018-09-24,380103.0
2018-09-25,380347.0
2018-09-26,367243.0
2018-09-27,333711.0
2018-09-28,384713.0
2018-10-01,368488.0
2018-10-02,369434.0
2018-10-03,350281.0
2018-10-04,329827.0
2018-10-05,326140.0
2018-10-09,329788.0
2018-10-10,308869.0
2018-10-11,306983.0
2018-10-12,309211.0
2018-10-15,364651.0
2018-10-16,370559.0
2018-10-17,360638.0
2018-10-18,369856.0
2018-10-19,369528.0
2018-10-22,373431.0
2018-10-23,374478.0
2018-10-24,360681.0
2018-10-25,372379.0
2018-10-26,372504.0
2018-10-29,381164.0
2018-10-30,375928.0
2018-10-31,366596.0
2018-11-01,339185.0
2018-11-02,316635.0
2018-11-05,321371.0
2018-11-06,313269.0
2018-11-07,316157.0
2018-11-08,343799.0
2018-11-09,341974.0
2018-11-13,347277.0
2018-11-14,328686.0
2018-11-15,327429.0
2018-11-16,332083.0
2018-11-19,340443.0
2018-11-20,329967.0
2018-11-21,317331.0
2018-11-23,343116.0
2018-11-26,355284.0
2018-11-27,349874.0
2018-11-28,332336.0
2018-11-29,343322.0
2018-11-30,344874.0
2018-12-03,332153.0
2018-12-04,324242.0
2018-12-05,328613.0
2018-12-06,335333.0
2018-12-07,335704.0
2018-12-10,345214.0
2018-12-11,334446.0
2018-12-12,322663.0
2018-12-13,303972.0
2018-12-14,311699.0
2018-12-17,413686.0
2018-12-18,405951.0
2018-12-19,396293.0
2018-12-20,369121.0
2018-12-21,369800.0
2018-12-24,385921.0
2018-12-26,368236.0
2018-12-27,350161.0
2018-12-28,374086.0
2018-12-31,402138.0
2019-01-02,382616.0
2019-01-03,352175.0
2019-01-04,356117.0
2019-01-07,364760.0
2019-01-08,362161.0
2019-01-09,349443.0
2019-01-10,329196.0
2019-01-11,331349.0
2019-01-14,346986.0
2019-01-15,391614.0
2019-01-16,396414.0
2019-01-17,379667.0
2019-01-18,385978.0
2019-01-22,401576.0
2019-01-23,402227.0
2019-01-24,398325.0
2019-01-25,397633.0
2019-01-28,407393.0
2019-01-29,412931.0
2019-01-30,411384.0
2019-01-31,403597.0
2019-02-01,336151.0
2019-02-04,347476.0
2019-02-05,353200.0
2019-02-06,353896.0
2019-02-07,338549.0
2019-02-08,335829.0
2019-02-11,394023.0
2019-02-12,398585.0
2019-02-13,375119.0
2019-02-14,361347.0
2019-02-15,321808.0
2019-02-19,357688.0
2019-02-20,331003.0
2019-02-21,321454.0
2019-02-22,311876.0
2019-02-25,324761.0
2019-02-26,326153.0
2019-02-27,266024.0
2019-02-28,290665.0
2019-03-01,201566.0
2019-03-04,213030.0
2019-03-05,218308.0
2019-03-06,213611.0
2019-03-07,242860.0
2019-03-08,240931.0
2019-03-11,255500.0
2019-03-12,262271.0
2019-03-13,238381.0
2019-03-14,241667.0
2019-03-15,300825.0
2019-03-18,328710.0
2019-03-19,337761.0
2019-03-20,314749.0
2019-03-21,311880.0
2019-03-22,309955.0
2019-03-25,318195.0
2019-03-26,320547.0
2019-03-27,295593.0
2019-03-28,295961.0
2019-03-29,334012.0
2019-04-01,307320.0
2019-04-02,295524.0
2019-04-03,270470.0
2019-04-04,265825.0
2019-04-05,264187.0
2019-04-08,273795.0
2019-04-09,260472.0
2019-04-10,245664.0
2019-04-11,221493.0
2019-04-12,243935.0
2019-04-15,317915.0
2019-04-16,356274.0
2019-04-17,369365.0
2019-04-18,351845.0
2019-04-19,364539.0
2019-04-22,388844.0
2019-04-23,416992.0
2019-04-24,398916.0
2019-04-25,394315.0
2019-04-26,401162.0
2019-04-29,414335.0
2019-04-30,422586.0
2019-05-01,368764.0
2019-05-02,362909.0
2019-05-03,340557.0
2019-05-06,348084.0
2019-05-07,361375.0
2019-05-08,344461.0
2019-05-09,326721.0
2019-05-10,326819.0
2019-05-13,333924.0
2019-05-14,330430.0
2019-05-15,294969.0
2019-05-16,288080.0
2019-05-17,285010.0
2019-05-20,291346.0
2019-05-21,281013.0
2019-05-22,264581.0
2019-05-23,249017.0
2019-05-24,246420.0
2019-05-28,250731.0
2019-05-29,249011.0
2019-05-30,233808.0
2019-05-31,232874.0
2019-06-03,221319.0
2019-06-04,204066.0
2019-06-05,207647.0
2019-06-06,188654.0
2019-06-07,189662.0
2019-06-10,199119.0
2019-06-11,183097.0
2019-06-12,173062.0
2019-06-13,139168.0
2019-06-14,153849.0
2019-06-17,265790.0
2019-06-18,263642.0
2019-06-19,258641.0
2019-06-20,240054.0
2019-06-21,246052.0
2019-06-24,263915.0
2019-06-25,255080.0
2019-06-26,240909.0
2019-06-27,222822.0
2019-06-28,263709.0
2019-07-01,242627.0
2019-07-02,239653.0
2019-07-03,220911.0
2019-07-05,210522.0
2019-07-08,219246.0
2019-07-09,210858.0
2019-07-10,195226.0
2019-07-11,183735.0
2019-07-12,181379.0
2019-07-15,223382.0
2019-07-16,221578.0
2019-07-17,206203.0
2019-07-18,193492.0
2019-07-19,195443.0
2019-07-22,200842.0
2019-07-23,194645.0
2019-07-24,178227.0
2019-07-25,161323.0
2019-07-26,159064.0
2019-07-29,170082.0
2019-07-30,161081.0
2019-07-31,176662.0
2019-08-01,117629.0
2019-08-02,133666.0
2019-08-05,141111.0
2019-08-06,129108.0
2019-08-07,133077.0
2019-08-08,125667.0
2019-08-09,125213.0
2019-08-12,132745.0
2019-08-13,144667.0
2019-08-14,130981.0
2019-08-15,111766.0
2019-08-16,120765.0
2019-08-19,128669.0
2019-08-20,145898.0
2019-08-21,131447.0
2019-08-22,142425.0
2019-08-23,139037.0
2019-08-26,146691.0
2019-08-27,165326.0
2019-08-28,150146.0
2019-08-29,156856.0
2019-08-30,133091.0
2019-09-03,177181.0
2019-09-04,174779.0
2019-09-05,184901.0
2019-09-06,181508.0
2019-09-09,190398.0
2019-09-10,193989.0
2019-09-11,183581.0
2019-09-12,195302.0
2019-09-13,215579.0
2019-09-16,298755.0
2019-09-17,307731.0
2019-09-18,303057.0
2019-09-19,313799.0
2019-09-20,310506.0
2019-09-23,324733.0
2019-09-24,323460.0
2019-09-25,305810.0
2019-09-26,309380.0
2019-09-27,330276.0
2019-09-30,382483.0
2019-10-01,328321.0
2019-10-02,335185.0
2019-10-03,321728.0
2019-10-04,321687.0
2019-10-07,330055.0
2019-10-08,313105.0
2019-10-09,297389.0
2019-10-10,307701.0
2019-10-11,308479.0
2019-10-15,369111.0
2019-10-16,361497.0
2019-10-17,378567.0
2019-10-18,376290.0
2019-10-21,379070.0
2019-10-22,384216.0
2019-10-23,375170.0
2019-10-24,382885.0
2019-10-25,383655.0
2019-10-28,393739.0
2019-10-29,400905.0
2019-10-30,400616.0
2019-10-31,434942.0
2019-11-01,360775.0
2019-11-04,370080.0
2019-11-05,373672.0
2019-11-06,378184.0
2019-11-07,382761.0
2019-11-08,381727.0
2019-11-12,393834.0
2019-11-13,370185.0
2019-11-14,382896.0
2019-11-15,361698.0
2019-11-18,380068.0
2019-11-19,376080.0
2019-11-20,357551.0
2019-11-21,357980.0
2019-11-22,355420.0
2019-11-25,369284.0
2019-11-26,374167.0
2019-11-27,358896.0
2019-11-29,342618.0
2019-12-02,371347.0
2019-12-03,332247.0
2019-12-04,338453.0
2019-12-05,331250.0
2019-12-06,331960.0
2019-12-09,340756.0
2019-12-10,316010.0
2019-12-11,304160.0
2019-12-12,280898.0
2019-12-13,293216.0
2019-12-16,401451.0
2019-12-17,387575.0
2019-12-18,378573.0
2019-12-19,373409.0
2019-12-20,370111.0
2019-12-23,387129.0
2019-12-24,351934.0
2019-12-26,354659.0
2019-12-27,374776.0
2019-12-30,391180.0
2019-12-31,403853.0
2020-01-02,382335.0
2020-01-03,363919.0
2020-01-06,378421.0
2020-01-07,365660.0
2020-01-08,350840.0
2020-01-09,343421.0
2020-01-10,342514.0
2020-01-13,357137.0
2020-01-14,348006.0
2020-01-15,380802.0
2020-01-16,395791.0
2020-01-17,401053.0
2020-01-21,415874.0
2020-01-22,411708.0
2020-01-23,421339.0
2020-01-24,424554.0
2020-01-27,435639.0
2020-01-28,443253.0
2020-01-29,450537.0
2020-01-30,445933.0
2020-01-31,403983.0
2020-02-03,401010.0
2020-02-04,417779.0
2020-02-05,416585.0
2020-02-06,410904.0
2020-02-07,405658.0
2020-02-10,414251.0
2020-02-11,432191.0
2020-02-12,404341.0
2020-02-13,425468.0
2020-02-14,427327.0
2020-02-18,445806.0
2020-02-19,421051.0
2020-02-20,443494.0
2020-02-21,441313.0
2020-02-24,450799.0
2020-02-25,469710.0
2020-02-26,387615.0
2020-02-27,378164.0
2020-02-28,357251.0
2020-03-02,403798.0
2020-03-03,386591.0
2020-03-04,381302.0
2020-03-05,379451.0
2020-03-06,375464.0
2020-03-09,390574.0
2020-03-10,395134.0
2020-03-11,372337.0
2020-03-12,318828.0
2020-03-13,325866.0
2020-03-16,417801.0
2020-03-17,422448.0
2020-03-18,401354.0
2020-03-19,392511.0
2020-03-20,382896.0
2020-03-23,394910.0
2020-03-24,410766.0
2020-03-25,384890.0
2020-03-26,382097.0
2020-03-27,397619.0
2020-03-30,407730.0
2020-03-31,515257.0
2020-04-01,506933.0
2020-04-02,615537.0
2020-04-03,673488.0
2020-04-06,676457.0
2020-04-07,750414.0
2020-04-08,827178.0
2020-04-09,898910.0
2020-04-10,881941.0
2020-04-13,868878.0
2020-04-14,958940.0
2020-04-15,856155.0
2020-04-16,909739.0
2020-04-17,889042.0
2020-04-20,857911.0
2020-04-21,924544.0
2020-04-22,949999.0
2020-04-23,1006551.0
2020-04-24,965931.0
2020-04-27,961804.0
2020-04-28,1040169.0
2020-04-29,1076232.0
2020-04-30,1180035.0
2020-05-01,1100958.0
2020-05-04,1099175.0
2020-05-05,1167077.0
2020-05-06,1143268.0
2020-05-07,1198455.0
2020-05-08,1193614.0
2020-05-11,1151999.0
2020-05-12,1172993.0
2020-05-13,1138172.0
2020-05-14,1206011.0
2020-05-15,1185006.0
2020-05-18,1188332.0
2020-05-19,1218209.0
2020-05-20,1193297.0
2020-05-21,1270885.0
2020-05-22,1302819.0
2020-05-26,1364378.0
2020-05-27,1326897.0
2020-05-28,1414981.0
2020-05-29,1449129.0
2020-06-01,1394436.0
2020-06-02,1455494.0
2020-06-03,1431462.0
2020-06-04,1501733.0
2020-06-05,1494494.0
2020-06-08,1520809.0
2020-06-09,1535311.0
2020-06-10,1504569.0
2020-06-11,1550414.0
2020-06-12,1541349.0
2020-06-15,1597571.0
2020-06-16,1588615.0
2020-06-17,1565306.0
2020-06-18,1634655.0
2020-06-19,1635527.0
2020-06-22,1626909.0
2020-06-23,1612877.0
2020-06-24,1586573.0
2020-06-25,1638128.0
2020-06-26,1647248.0
2020-06-29,1644690.0
2020-06-30,1722032.0
2020-07-01,1656747.0
2020-07-02,1659147.0
2020-07-03,1661799.0
2020-07-06,1660660.0
2020-07-07,1642079.0
2020-07-08,1624404.0
2020-07-09,1642285.0
2020-07-10,1641080.0
2020-07-13,1653555.0
2020-07-14,1627709.0
2020-07-15,1740455.0
2020-07-16,1807305.0
2020-07-17,1812801.0
2020-07-20,1817270.0
2020-07-21,1794448.0
2020-07-22,1777180.0
2020-07-23,1821824.0
2020-07-24,1825498.0
2020-07-27,1830546.0
2020-07-28,1795511.0
2020-07-29,1792434.0
2020-07-30,1767341.0
2020-07-31,1763090.0
2020-08-03,1745136.0
2020-08-04,1708214.0
2020-08-05,1706637.0
2020-08-06,1687233.0
2020-08-07,1678144.0
2020-08-10,1676455.0
2020-08-11,1654869.0
2020-08-12,1635143.0
2020-08-13,1641133.0
2020-08-14,1635886.0
2020-08-17,1663881.0
2020-08-18,1655467.0
2020-08-19,1636393.0
2020-08-20,1630312.0
2020-08-21,1621385.0
2020-08-24,1627631.0
2020-08-25,1629281.0
2020-08-26,1607449.0
2020-08-27,1602817.0
2020-08-28,1620187.0
2020-08-31,1705982.0
2020-09-01,1652933.0
2020-09-02,1651823.0
2020-09-03,1628420.0
2020-09-04,1621785.0
2020-09-08,1591491.0
2020-09-09,1570533.0
2020-09-10,1580972.0
2020-09-11,1581016.0
2020-09-14,1596094.0
2020-09-15,1691058.0
2020-09-16,1692809.0
2020-09-17,1686360.0
2020-09-18,1684759.0
2020-09-21,1689647.0
2020-09-22,1672796.0
2020-09-23,1661732.0
2020-09-24,1650402.0
2020-09-25,1666330.0
2020-09-28,1667836.0
2020-09-29,1655158.0
2020-09-30,1781679.0
2020-10-01,1721399.0
2020-10-02,1696491.0
2020-10-05,1699085.0
2020-10-06,1682129.0
2020-10-07,1687434.0
2020-10-08,1693511.0
2020-10-09,1688155.0
2020-10-13,1672917.0
2020-10-14,1647937.0
2020-10-15,1724441.0
2020-10-16,1731394.0
2020-10-19,1736903.0
2020-10-20,1718520.0
2020-10-21,1699497.0
2020-10-22,1686614.0
2020-10-23,1687789.0
2020-10-26,1690216.0
2020-10-27,1673293.0
2020-10-28,1653039.0
2020-10-29,1647480.0
2020-10-30,1598798.0
2020-11-02,1668478.0
2020-11-03,1618498.0
2020-11-04,1618568.0
2020-11-05,1616716.0
2020-11-06,1611360.0
2020-11-09,1613526.0
2020-11-10,1570768.0
2020-11-12,1559098.0
2020-11-13,1548695.0
2020-11-16,1583700.0
2020-11-17,1562437.0
2020-11-18,1546924.0
2020-11-19,1532201.0
2020-11-20,1523945.0
2020-11-23,1524043.0
2020-11-24,1508389.0
2020-11-25,1484036.0
2020-11-27,1497733.0
2020-11-30,1622986.0
2020-12-01,1559909.0
2020-12-02,1557239.0
2020-12-03,1542061.0
2020-12-04,1541553.0
2020-12-07,1542507.0
2020-12-08,1528113.0
2020-12-09,1502361.0
2020-12-10,1489111.0
2020-12-11,1491532.0
2020-12-14,1507694.0
2020-12-15,1620613.0
2020-12-16,1615873.0
2020-12-17,1603000.0
2020-12-18,1605924.0
2020-12-21,1609289.0
2020-12-22,1603478.0
2020-12-23,1583308.0
2020-12-24,1576370.0
2020-12-28,1611761.0
2020-12-29,1606627.0
2020-12-30,1613514.0
2020-12-31,1728569.0
2021-01-04,1563361.0
2021-01-05,1600257.0
2021-01-06,1607396.0
2021-01-07,1576756.0
2021-01-08,1592940.0
2021-01-11,1601940.0
2021-01-12,1592556.0
2021-01-13,1575875.0
2021-01-14,1574375.0
2021-01-15,1630897.0
2021-01-19,1652048.0
2021-01-20,1638331.0
2021-01-21,1639728.0
2021-01-22,1636166.0
2021-01-25,1641392.0
2021-01-26,1631783.0
2021-01-27,1613377.0
2021-01-28,1593973.0
2021-01-29,1611352.0
2021-02-01,1664596.0
2021-02-02,1654919.0
2021-02-03,1629729.0
2021-02-04,1620963.0
2021-02-05,1613958.0
2021-02-08,1619357.0
2021-02-09,1603403.0
2021-02-10,1576744.0
2021-02-11,1564862.0
2021-02-12,1560063.0
2021-02-16,1595279.0
2021-02-17,1568893.0
2021-02-18,1567702.0
2021-02-19,1557254.0
2021-02-22,1550121.0
2021-02-23,1480606.0
2021-02-24,1439646.0
2021-02-25,1379961.0
2021-02-26,1414465.0
2021-03-01,1500687.0
2021-03-02,1462558.0
2021-03-03,1420238.0
2021-03-04,1382253.0
2021-03-05,1368265.0
2021-03-08,1373951.0
2021-03-09,1349174.0
2021-03-10,1310273.0
2021-03-11,1268214.0
2021-03-12,1269979.0
2021-03-15,1379152.0
2021-03-16,1361274.0
2021-03-17,1089501.0
2021-03-18,1063289.0
2021-03-19,1058913.0
2021-03-22,1054770.0
2021-03-23,1101256.0
2021-03-24,1031908.0
2021-03-25,994029.0
2021-03-26,1013861.0
2021-03-29,1019013.0
2021-03-30,1003516.0
2021-03-31,1121951.0
2021-04-01,1045816.0
2021-04-02,1019804.0
2021-04-05,1016158.0
2021-04-06,994366.0
2021-04-07,954968.0
2021-04-08,924880.0
2021-04-09,923929.0
2021-04-12,932525.0
2021-04-13,924784.0
2021-04-14,921685.0
2021-04-15,1010328.0
2021-04-16,1015480.0
2021-04-19,1032722.0
2021-04-20,1018382.0
2021-04-21,1003443.0
2021-04-22,976597.0
2021-04-23,974621.0
2021-04-26,982206.0
2021-04-27,958871.0
2021-04-28,932287.0
2021-04-29,903015.0
2021-04-30,970716.0
2021-05-03,968663.0
2021-05-04,945860.0
2021-05-05,946134.0
2021-05-06,909277.0
2021-05-07,906936.0
2021-05-10,911337.0
2021-05-11,885779.0
2021-05-12,864253.0
2021-05-13,836852.0
2021-05-14,843078.0
2021-05-17,939902.0
2021-05-18,896013.0
2021-05-19,860833.0
2021-05-20,832974.0
2021-05-21,816930.0
2021-05-24,824521.0
2021-05-25,800118.0
2021-05-26,778912.0
2021-05-27,745973.0
2021-05-28,776700.0
2021-06-01,817789.0
2021-06-02,812087.0
2021-06-03,750152.0
2021-06-04,740611.0
2021-06-07,737590.0
2021-06-08,728517.0
2021-06-09,673555.0
2021-06-10,633055.0
2021-06-11,597051.0
2021-06-14,622178.0
2021-06-15,765721.0
2021-06-16,765114.0
2021-06-17,728246.0
2021-06-18,730159.0
2021-06-21,745970.0
2021-06-22,744249.0
2021-06-23,733877.0
2021-06-24,723946.0
2021-06-25,733226.0
2021-06-28,734915.0
2021-06-29,711267.0
2021-06-30,851929.0
2021-07-01,784035.0
2021-07-02,757682.0
2021-07-06,733889.0
2021-07-07,724898.0
2021-07-08,727336.0
2021-07-09,718092.0
2021-07-12,718474.0
2021-07-13,676800.0
2021-07-14,657542.0
2021-07-15,690107.0
2021-07-16,697581.0
2021-07-19,700041.0
2021-07-20,647533.0
2021-07-21,616294.0
2021-07-22,590042.0
2021-07-23,588083.0
2021-07-26,591368.0
2021-07-27,564799.0
2021-07-28,536966.0
2021-07-29,501179.0
2021-07-30,459402.0
2021-08-02,555569.0
2021-08-03,507848.0
2021-08-04,505871.0
2021-08-05,466601.0
2021-08-06,442557.0
2021-08-09,444212.0
2021-08-10,416199.0
2021-08-11,389747.0
2021-08-12,351572.0
2021-08-13,335190.0
2021-08-16,362012.0
2021-08-17,338853.0
2021-08-18,313651.0
2021-08-19,321137.0
2021-08-20,309820.0
2021-08-23,317103.0
2021-08-24,284110.0
2021-08-25,258200.0
2021-08-26,239304.0
2021-08-27,262811.0
2021-08-30,262895.0
2021-08-31,355984.0
2021-09-01,296934.0
2021-09-02,292163.0
2021-09-03,262488.0
2021-09-07,231654.0
2021-09-08,200702.0
2021-09-09,207218.0
2021-09-10,208035.0
2021-09-13,225075.0
2021-09-14,211227.0
2021-09-15,344668.0
2021-09-16,317970.0
2021-09-17,315003.0
2021-09-20,324877.0
2021-09-21,295620.0
2021-09-22,272679.0
2021-09-23,173922.0
2021-09-24,215533.0
2021-09-27,217019.0
2021-09-28,172920.0
2021-09-29,173745.0
2021-09-30,215160.0
2021-10-01,132452.0
2021-10-04,141318.0
2021-10-05,99385.0
2021-10-06,95854.0
2021-10-07,86339.0
2021-10-08,81803.0
2021-10-12,58993.0
2021-10-13,72460.0
2021-10-14,46508.0
2021-10-15,50846.0
2021-10-18,134768.0
2021-10-19,132525.0
2021-10-20,117364.0
2021-10-21,149154.0
2021-10-22,208815.0
2021-10-25,219868.0
2021-10-26,261071.0
2021-10-27,236495.0
2021-10-28,259761.0
2021-10-29,278023.0
2021-11-01,269343.0
2021-11-02,311302.0
2021-11-03,286959.0
2021-11-04,268350.0
2021-11-05,263023.0
2021-11-08,270273.0
2021-11-09,255937.0
2021-11-10,231421.0
2021-11-12,219793.0
2021-11-15,211700.0
2021-11-16,198696.0
2021-11-17,178972.0
2021-11-18,168229.0
2021-11-19,170311.0
2021-11-22,163242.0
2021-11-23,165160.0
2021-11-24,141042.0
2021-11-26,137091.0
2021-11-29,143941.0
2021-11-30,213153.0
2021-12-01,159148.0
2021-12-02,125195.0
2021-12-03,101192.0
2021-12-06,106980.0
2021-12-07,144924.0
2021-12-08,125144.0
2021-12-09,118145.0
2021-12-10,114680.0
2021-12-13,133605.0
2021-12-14,79505.0
2021-12-15,58294.0
2021-12-16,42111.0
2021-12-17,47877.0
2021-12-20,64905.0
2021-12-21,146518.0
2021-12-22,197516.0
2021-12-23,176914.0
2021-12-24,183671.0
2021-12-27,202813.0
2021-12-28,268208.0
2021-12-29,283995.0
2021-12-30,284174.0
2021-12-31,406108.0
2022-01-03,366304.0
2022-01-04,424696.0
2022-01-05,434757.0
2022-01-06,440561.0
2022-01-07,436443.0
2022-01-10,447887.0
2022-01-11,507352.0
2022-01-12,489679.0
2022-01-13,441135.0
2022-01-14,453239.0
2022-01-18,586619.0
2022-01-19,580171.0
2022-01-20,601115.0
2022-01-21,598929.0
2022-01-24,619699.0
2022-01-25,646920.0
2022-01-26,639620.0
2022-01-27,641597.0
2022-01-28,642334.0
2022-01-31,742843.0
2022-02-01,708705.0
2022-02-02,710267.0
2022-02-03,684721.0
2022-02-04,682002.0
2022-02-07,691711.0
2022-02-08,703228.0
2022-02-09,679019.0
2022-02-10,672004.0
2022-02-11,682930.0
2022-02-14,699135.0
2022-02-15,718597.0
2022-02-16,709261.0
2022-02-17,705359.0
2022-02-18,702252.0
2022-02-22,695704.0
2022-02-23,674797.0
2022-02-24,640342.0
2022-02-25,661184.0
2022-02-28,771264.0
2022-03-01,699674.0
2022-03-02,685491.0
2022-03-03,661486.0
2022-03-04,658241.0
2022-03-07,673387.0
2022-03-08,645312.0
2022-03-09,609369.0
2022-03-10,541965.0
2022-03-11,544592.0
2022-03-14,567360.0
2022-03-15,629614.0
2022-03-16,621527.0
2022-03-17,624216.0
2022-03-18,622418.0
2022-03-21,626636.0
2022-03-22,607762.0
2022-03-23,576442.0
2022-03-24,563796.0
2022-03-25,582578.0
2022-03-28,596168.0
2022-03-29,560968.0
2022-03-30,556791.0
2022-03-31,651523.0
2022-04-01,567423.0
2022-04-04,579607.0
2022-04-05,542176.0
2022-04-06,545584.0
2022-04-07,542946.0
2022-04-08,544736.0
2022-04-11,564856.0
2022-04-12,545611.0
2022-04-13,543536.0
2022-04-14,602292.0
2022-04-15,578473.0
2022-04-18,841253.0
2022-04-19,893351.0
2022-04-20,907526.0
2022-04-21,918877.0
2022-04-22,934238.0
2022-04-25,958291.0
2022-04-26,972993.0
2022-04-27,957419.0
2022-04-28,953933.0
2022-04-29,923240.0
2022-05-02,975018.0
2022-05-03,955262.0
2022-05-04,964412.0
2022-05-05,943481.0
2022-05-06,950700.0
2022-05-09,962928.0
2022-05-10,941766.0
2022-05-11,919331.0
2022-05-12,893803.0
2022-05-13,880792.0
2022-05-16,914571.0
2022-05-17,891271.0
2022-05-18,866726.0
2022-05-19,825182.0
2022-05-20,822339.0
2022-05-23,838141.0
2022-05-24,818688.0
2022-05-25,801714.0
2022-05-26,762674.0
2022-05-27,782309.0
2022-05-31,854240.0
2022-06-01,780575.0
2022-06-02,757559.0
2022-06-03,731781.0
2022-06-06,724554.0
2022-06-07,702336.0
2022-06-08,683892.0
2022-06-09,631026.0
2022-06-10,627393.0
2022-06-13,653718.0
2022-06-14,661227.0
2022-06-15,769937.0
2022-06-16,755888.0
2022-06-17,762327.0
2022-06-21,757733.0
2022-06-22,745052.0
2022-06-23,735139.0
2022-06-24,758505.0
2022-06-27,768652.0
2022-06-28,757242.0
2022-06-29,759845.0
2022-06-30,782406.0
2022-07-01,685842.0
2022-07-05,689482.0
2022-07-06,687943.0
2022-07-07,666044.0
2022-07-08,658096.0
2022-07-11,665792.0
2022-07-12,643141.0
2022-07-13,618740.0
2022-07-14,595272.0
2022-07-15,606834.0
2022-07-18,628659.0
2022-07-19,636362.0
2022-07-20,616348.0
2022-07-21,594035.0
2022-07-22,589322.0
2022-07-25,605872.0
2022-07-26,637228.0
2022-07-27,615515.0
2022-07-28,597017.0
2022-07-29,619273.0
2022-08-01,551023.0
2022-08-02,586370.0
2022-08-03,566577.0
2022-08-04,554402.0
2022-08-05,548849.0
2022-08-08,555513.0
2022-08-09,583255.0
2022-08-10,561140.0
2022-08-11,546978.0
2022-08-12,548414.0
2022-08-15,525921.0
2022-08-16,559827.0
2022-08-17,539278.0
2022-08-18,530499.0
2022-08-19,529281.0
2022-08-22,543194.0
2022-08-23,555139.0
2022-08-24,530196.0
2022-08-25,580033.0
2022-08-26,600109.0
2022-08-29,610399.0
2022-08-30,627082.0
2022-08-31,669911.0
2022-09-01,598859.0
2022-09-02,574423.0
2022-09-06,589596.0
2022-09-07,582921.0
2022-09-08,581785.0
2022-09-09,585000.0
2022-09-12,601944.0
2022-09-13,599932.0
2022-09-14,617997.0
2022-09-15,677452.0
2022-09-16,692971.0
2022-09-19,704998.0
2022-09-20,695823.0
2022-09-21,690286.0
2022-09-22,682027.0
2022-09-23,697726.0
2022-09-26,705918.0
2022-09-27,683943.0
2022-09-28,661920.0
2022-09-29,658634.0
2022-09-30,635994.0
2022-10-03,630975.0
2022-10-04,617850.0
2022-10-05,622131.0
2022-10-06,612400.0
2022-10-07,611855.0
2022-10-11,614781.0
2022-10-12,583513.0
2022-10-13,578283.0
2022-10-14,574982.0
2022-10-17,651318.0
2022-10-18,655230.0
2022-10-19,640613.0
2022-10-20,635492.0
2022-10-21,624584.0
2022-10-24,636785.0
2022-10-25,659483.0
2022-10-26,636327.0
2022-10-27,625362.0
2022-10-28,621627.0
2022-10-31,596470.0
2022-11-01,551009.0
2022-11-02,552089.0
2022-11-03,524883.0
2022-11-04,524694.0
2022-11-07,530764.0
2022-11-08,545285.0
2022-11-09,517340.0
2022-11-10,510550.0
2022-11-14,524136.0
2022-11-15,482354.0
2022-11-16,472185.0
2022-11-17,465368.0
2022-11-18,469610.0
2022-11-21,476764.0
2022-11-22,512602.0
2022-11-23,492754.0
2022-11-25,510532.0
2022-11-28,517125.0
2022-11-29,506052.0
2022-11-30,532791.0
2022-12-01,458408.0
2022-12-02,434939.0
2022-12-05,440836.0
2022-12-06,411431.0
2022-12-07,410853.0
2022-12-08,358794.0
2022-12-09,357709.0
2022-12-12,370897.0
2022-12-13,343699.0
2022-12-14,342104.0
2022-12-15,448106.0
2022-12-16,467544.0
2022-12-19,482388.0
2022-12-20,450413.0
2022-12-21,434922.0
2022-12-22,429684.0
2022-12-23,431253.0
2022-12-27,430977.0
2022-12-28,409809.0
2022-12-29,412900.0
2022-12-30,446685.0
2023-01-03,386114.0
2023-01-04,379620.0
2023-01-05,379653.0
2023-01-06,375694.0
2023-01-09,385220.0
2023-01-10,368000.0
2023-01-11,346426.0
2023-01-12,310363.0
2023-01-13,321572.0
2023-01-17,398974.0
2023-01-18,377500.0
2023-01-19,455623.0
2023-01-20,454615.0
2023-01-23,471005.0
2023-01-24,579841.0
2023-01-25,572622.0
2023-01-26,568553.0
2023-01-27,567827.0
2023-01-30,579826.0
2023-01-31,567908.0
2023-02-01,500852.0
2023-02-02,506179.0
2023-02-03,477618.0
2023-02-06,489948.0
2023-02-07,528118.0
2023-02-08,495838.0
2023-02-09,494252.0
2023-02-10,490201.0
2023-02-13,501103.0
2023-02-14,526992.0
2023-02-15,439703.0
2023-02-16,479039.0
2023-02-17,475675.0
2023-02-21,508286.0
2023-02-22,451307.0
2023-02-23,363666.0
2023-02-24,381671.0
2023-02-27,394017.0
2023-02-28,415005.0
2023-03-01,351015.0
2023-03-02,355232.0
2023-03-03,327193.0
2023-03-06,340182.0
2023-03-07,344724.0
2023-03-08,311731.0
2023-03-09,246969.0
2023-03-10,208074.0
2023-03-13,227312.0
2023-03-14,253921.0
2023-03-15,277643.0
2023-03-16,285108.0
2023-03-17,280148.0
2023-03-20,267101.0
2023-03-21,224604.0
2023-03-22,199856.0
2023-03-23,192910.0
2023-03-24,187365.0
2023-03-27,200926.0
2023-03-28,166348.0
2023-03-29,162758.0
2023-03-30,194336.0
2023-03-31,177692.0
2023-04-03,173105.0
2023-04-04,140347.0
2023-04-05,140688.0
2023-04-06,112965.0
2023-04-07,110822.0
2023-04-10,125004.0
2023-04-11,107469.0
2023-04-12,86554.0
2023-04-13,99488.0
2023-04-14,134890.0
2023-04-17,144079.0
2023-04-18,252552.0
2023-04-19,265095.0
2023-04-20,279942.0
2023-04-21,280912.0
2023-04-24,307101.0
2023-04-25,315930.0
2023-04-26,296209.0
2023-04-27,293717.0
2023-04-28,316381.0
2023-05-01,238463.0
2023-05-02,214882.0
2023-05-03,188309.0
2023-05-04,208666.0
2023-05-05,206714.0
2023-05-08,215133.0
2023-05-09,184915.0
2023-05-10,154808.0
2023-05-11,143314.0
2023-05-12,139944.0
2023-05-15,87431.0
2023-05-16,94629.0
2023-05-17,68332.0
2023-05-18,57341.0
2023-05-19,60656.0
2023-05-22,68335.0
2023-05-23,76546.0
2023-05-24,49473.0
2023-05-25,38837.0
2023-05-26,54493.0
2023-05-30,37357.0
2023-05-31,48512.0
2023-06-01,22892.0
2023-06-02,23368.0
2023-06-05,71218.0
2023-06-06,71577.0
2023-06-07,77500.0
2023-06-08,87972.0
2023-06-09,86001.0
2023-06-12,100939.0
2023-06-13,133059.0
2023-06-14,134857.0
2023-06-15,250417.0
2023-06-16,266875.0
2023-06-20,327925.0
2023-06-21,292106.0
2023-06-22,366505.0
2023-06-23,377384.0
2023-06-26,388777.0
2023-06-27,437999.0
2023-06-28,408561.0
2023-06-29,465122.0
2023-06-30,402394.0
2023-07-03,394457.0
2023-07-05,446864.0
2023-07-06,513410.0
2023-07-07,504990.0
2023-07-10,511777.0
2023-07-11,542784.0
2023-07-12,517418.0
2023-07-13,522700.0
2023-07-14,521622.0
2023-07-17,531417.0
2023-07-18,561519.0
2023-07-19,537441.0
2023-07-20,537869.0
2023-07-21,532834.0
2023-07-24,545014.0
2023-07-25,573898.0
2023-07-26,549897.0
2023-07-27,551631.0
2023-07-28,549904.0
2023-07-31,501828.0
2023-08-01,458113.0
2023-08-02,460926.0
2023-08-03,445120.0
2023-08-04,441481.0
2023-08-07,451335.0
2023-08-08,458998.0
2023-08-09,432262.0
2023-08-10,450098.0
2023-08-11,451362.0
2023-08-14,463127.0
2023-08-15,398438.0
2023-08-16,384814.0
2023-08-17,408836.0
2023-08-18,404968.0
2023-08-21,415598.0
2023-08-22,441138.0
2023-08-23,416031.0
2023-08-24,438914.0
2023-08-25,461257.0
2023-08-28,472203.0
2023-08-29,500010.0
2023-08-30,500702.0
2023-08-31,541843.0
2023-09-01,446118.0
2023-09-05,488303.0
2023-09-06,481552.0
2023-09-07,509104.0
2023-09-08,509313.0
2023-09-11,525312.0
2023-09-12,550831.0
2023-09-13,537364.0
2023-09-14,582843.0
2023-09-15,632855.0
2023-09-18,664013.0
2023-09-19,674935.0
2023-09-20,661717.0
2023-09-21,682503.0
2023-09-22,674158.0
2023-09-25,689999.0
2023-09-26,700881.0
2023-09-27,672142.0
2023-09-28,673174.0
2023-09-29,656889.0
2023-10-02,677935.0
2023-10-03,675324.0
2023-10-04,678959.0
2023-10-05,700182.0
2023-10-06,701735.0
2023-10-10,743996.0
2023-10-11,713000.0
2023-10-12,697013.0
2023-10-13,702519.0
2023-10-16,815980.0
2023-10-17,857495.0
2023-10-18,841103.0
2023-10-19,828553.0
2023-10-20,819841.0
2023-10-23,834758.0
2023-10-24,870378.0
2023-10-25,847717.0
2023-10-26,835081.0
2023-10-27,828313.0
2023-10-30,837969.0
2023-10-31,832412.0
2023-11-01,753008.0
2023-11-02,788127.0
2023-11-03,763377.0
2023-11-06,774170.0
2023-11-07,792916.0
2023-11-08,763459.0
2023-11-09,742861.0
2023-11-10,742834.0
2023-11-13,756859.0
2023-11-14,771735.0
2023-11-15,669976.0
2023-11-16,699261.0
2023-11-17,702626.0
2023-11-20,713770.0
2023-11-21,728200.0
2023-11-22,693007.0
2023-11-24,741224.0
2023-11-27,753486.0
2023-11-28,750724.0
2023-11-29,753570.0
2023-11-30,758851.0
2023-12-01,668199.0
2023-12-04,681693.0
2023-12-05,664742.0
2023-12-06,667678.0
2023-12-07,668198.0
2023-12-08,663322.0
2023-12-11,672734.0
2023-12-12,647560.0
2023-12-13,630618.0
2023-12-14,648048.0
2023-12-15,740109.0
2023-12-18,773190.0
2023-12-19,751089.0
2023-12-20,732721.0
2023-12-21,734159.0
2023-12-22,732312.0
2023-12-26,743365.0
2023-12-27,713064.0
2023-12-28,724973.0
2023-12-29,768590.0
2024-01-02,766340.0
2024-01-03,743464.0
2024-01-04,753179.0
2024-01-05,747982.0
2024-01-08,758566.0
2024-01-09,749407.0
2024-01-10,727856.0
2024-01-11,730305.0
2024-01-12,735757.0
2024-01-16,795304.0
2024-01-17,773544.0
2024-01-18,789692.0
2024-01-19,790018.0
2024-01-22,802545.0
2024-01-23,818059.0
2024-01-24,815159.0
2024-01-25,830060.0
2024-01-26,829406.0
2024-01-29,843812.0
2024-01-30,863278.0
2024-01-31,865481.0
2024-02-01,813657.0
2024-02-02,786179.0
2024-02-05,800298.0
2024-02-06,820881.0
2024-02-07,821575.0
2024-02-08,832976.0
2024-02-09,831940.0
2024-02-12,845004.0
2024-02-13,860356.0
2024-02-14,831880.0
2024-02-15,768884.0
2024-02-16,779746.0
2024-02-20,821629.0
2024-02-21,788759.0
2024-02-22,759556.0
2024-02-23,787483.0
2024-02-26,802419.0
2024-02-27,808655.0
2024-02-28,767672.0
2024-02-29,837099.0
2024-03-01,748140.0
2024-03-04,765413.0
2024-03-05,766649.0
2024-03-06,760550.0
2024-03-07,765974.0
2024-03-08,764686.0
2024-03-11,786418.0
2024-03-12,783745.0
2024-03-13,748388.0
2024-03-14,749212.0
2024-03-15,804194.0
2024-03-18,846001.0
2024-03-19,844682.0
2024-03-20,812605.0
2024-03-21,802910.0
2024-03-22,805042.0
2024-03-25,821686.0
2024-03-26,803649.0
2024-03-27,772260.0
2024-03-28,770655.0
2024-03-29,775268.0
2024-04-01,791219.0
2024-04-02,760049.0
2024-04-03,732828.0
2024-04-04,710202.0
2024-04-05,710389.0
2024-04-08,729067.0
2024-04-09,691824.0
2024-04-10,672537.0
2024-04-11,667717.0
2024-04-12,725026.0
2024-04-15,897016.0
2024-04-16,906002.0
2024-04-17,929932.0
2024-04-18,930542.0
2024-04-19,939464.0
2024-04-22,955986.0
2024-04-23,955714.0
2024-04-24,929379.0
2024-04-25,907965.0
2024-04-26,909938.0
2024-04-29,929594.0
2024-04-30,962428.0
2024-05-01,890442.0
2024-05-02,872592.0
2024-05-03,853110.0
2024-05-06,866863.0
2024-05-07,845541.0
2024-05-08,816809.0
2024-05-09,804246.0
2024-05-10,795161.0
2024-05-13,808430.0
2024-05-14,805661.0
2024-05-15,706108.0
2024-05-16,716876.0
2024-05-17,724577.0
2024-05-20,737727.0
2024-05-21,738412.0
2024-05-22,710882.0
2024-05-23,703626.0
2024-05-24,697953.0
2024-05-28,718888.0
2024-05-29,716020.0
2024-05-30,699060.0
2024-05-31,718926.0
2024-06-03,712359.0
2024-06-04,700652.0
2024-06-05,703314.0
2024-06-06,680746.0
2024-06-07,675508.0
2024-06-10,690309.0
2024-06-11,667218.0
2024-06-12,650212.0
2024-06-13,648027.0
2024-06-14,676305.0
2024-06-17,822612.0
2024-06-18,782158.0
2024-06-20,771749.0
2024-06-21,763426.0
2024-06-24,784434.0
2024-06-25,767249.0
2024-06-26,744206.0
2024-06-27,718618.0
2024-06-28,777798.0
2024-07-01,763439.0
2024-07-02,768554.0
2024-07-03,745608.0
2024-07-05,732159.0
2024-07-08,743168.0
2024-07-09,747238.0
2024-07-10,722328.0
2024-07-11,731416.0
2024-07-12,734465.0
2024-07-15,764538.0
2024-07-16,795024.0
2024-07-17,766779.0
2024-07-18,775779.0
2024-07-19,771252.0
2024-07-22,769783.0
2024-07-23,793467.0
2024-07-24,767419.0
2024-07-25,767894.0
2024-07-26,766528.0
2024-07-29,781500.0
2024-07-30,802422.0
2024-07-31,854001.0
2024-08-01,785094.0
2024-08-02,759058.0
2024-08-05,769196.0
2024-08-06,779820.0
2024-08-07,785233.0
2024-08-08,792296.0
2024-08-09,788359.0
2024-08-12,800035.0
2024-08-13,812614.0
2024-08-14,788823.0
2024-08-15,725909.0
2024-08-16,730937.0
2024-08-19,743033.0
2024-08-20,758980.0
2024-08-21,734727.0
2024-08-22,734733.0
2024-08-23,734234.0
2024-08-26,740219.0
2024-08-27,786228.0
2024-08-28,757077.0
2024-08-29,754480.0
2024-08-30,709513.0
2024-09-03,774135.0
2024-09-04,771047.0
2024-09-05,769122.0
2024-09-06,759836.0
2024-09-09,771405.0
2024-09-10,746095.0
2024-09-11,725577.0
2024-09-12,688354.0
2024-09-13,713930.0
2024-09-16,875103.0
2024-09-17,853715.0
2024-09-18,839398.0
2024-09-19,825250.0
2024-09-20,804739.0
2024-09-23,824326.0
2024-09-24,804696.0
2024-09-25,778910.0
2024-09-26,746699.0
2024-09-27,772704.0
2024-09-30,885725.0
2024-10-01,813994.0
2024-10-02,823412.0
2024-10-03,795948.0
2024-10-04,800250.0
2024-10-07,810517.0
2024-10-08,820191.0
2024-10-09,787395.0
2024-10-10,783345.0
2024-10-11,779699.0
2024-10-15,825653.0
2024-10-16,814751.0
2024-10-17,828847.0
2024-10-18,827798.0
2024-10-21,841596.0
2024-10-22,838690.0
2024-10-23,817410.0
2024-10-24,834134.0
2024-10-25,827478.0
2024-10-28,835894.0
2024-10-29,847063.0
2024-10-30,847137.0
2024-10-31,921042.0
2024-11-01,819229.0
2024-11-04,836603.0
2024-11-05,838800.0
2024-11-06,840227.0
2024-11-07,839963.0
2024-11-08,831278.0
2024-11-12,851371.0
2024-11-13,808857.0
2024-11-14,815693.0
2024-11-15,730911.0
2024-11-18,754133.0
2024-11-19,762717.0
2024-11-20,737834.0
2024-11-21,779696.0
2024-11-22,758663.0
2024-11-25,777116.0
2024-11-26,811242.0
2024-11-27,782704.0
2024-11-29,756878.0
2024-12-02,842781.0
2024-12-03,815482.0
2024-12-04,815011.0
2024-12-05,798654.0
2024-12-06,788754.0
2024-12-09,800890.0
2024-12-10,748309.0
2024-12-11,711354.0
2024-12-12,703676.0
2024-12-13,725325.0
2024-12-16,861216.0
2024-12-17,830681.0
2024-12-18,803975.0
2024-12-19,787982.0
2024-12-20,767489.0
2024-12-23,792864.0
2024-12-24,735039.0
2024-12-26,688699.0
2024-12-27,720401.0
2024-12-30,745427.0
2024-12-31,721892.0
2025-01-02,677045.0
2025-01-03,650277.0
2025-01-06,668557.0
2025-01-07,651488.0
2025-01-08,620531.0
2025-01-09,623729.0
2025-01-10,631584.0
2025-01-13,647354.0
2025-01-14,671551.0
2025-01-15,651187.0
2025-01-16,677188.0
2025-01-17,673357.0
2025-01-21,704874.0
2025-01-22,665485.0
2025-01-23,760043.0
2025-01-24,768984.0
2025-01-27,797458.0
2025-01-28,813442.0
2025-01-29,811549.0
2025-01-30,825951.0
2025-01-31,793025.0
2025-02-03,800006.0
2025-02-04,816166.0
2025-02-05,817953.0
2025-02-06,830323.0
2025-02-07,825751.0
2025-02-10,837805.0
2025-02-11,842182.0
2025-02-12,809154.0
2025-02-13,809338.0
2025-02-14,802084.0
2025-02-18,773826.0
2025-02-19,738938.0
2025-02-20,727881.0
2025-02-21,713642.0
2025-02-24,707057.0
2025-02-25,623711.0
2025-02-26,568550.0
2025-02-27,537294.0
2025-02-28,559582.0
2025-03-03,566710.0
2025-03-04,532751.0
2025-03-05,522818.0
2025-03-06,529488.0
2025-03-07,521461.0
2025-03-10,542588.0
2025-03-11,500897.0
2025-03-12,450713.0
2025-03-13,412423.0
2025-03-14,414141.0
2025-03-17,530752.0
2025-03-18,450153.0
2025-03-19,415799.0
2025-03-20,383246.0
2025-03-21,361945.0
2025-03-24,385686.0
2025-03-25,350498.0
2025-03-26,315970.0
2025-03-27,280650.0
2025-03-28,301789.0
2025-03-31,405786.0
2025-04-01,299858.0
2025-04-02,301624.0
2025-04-03,296360.0
2025-04-04,291391.0
2025-04-07,309989.0
2025-04-08,346635.0
2025-04-09,315189.0
2025-04-10,314467.0
2025-04-11,330503.0
2025-04-14,415670.0
2025-04-15,600455.0
2025-04-16,638783.0
2025-04-17,599993.0
2025-04-18,612381.0
2025-04-21,626444.0
2025-04-22,606684.0
2025-04-23,576159.0
2025-04-24,562759.0
2025-04-25,571691.0
2025-04-28,597998.0
2025-04-29,616705.0
2025-04-30,677657.0
2025-05-01,593088.0
2025-05-02,574345.0
2025-05-05,590351.0
2025-05-06,583753.0
2025-05-07,595860.0
2025-05-08,576228.0
2025-05-09,572746.0
2025-05-12,583369.0
2025-05-13,590652.0
2025-05-14,562433.0
2025-05-15,496649.0
2025-05-16,504706.0
2025-05-19,523207.0
2025-05-20,511526.0
2025-05-21,475886.0
2025-05-22,473748.0
2025-05-23,470643.0
2025-05-27,477481.0
2025-05-28,436627.0
2025-05-29,399844.0
2025-05-30,351443.0
2025-06-02,439362.0
2025-06-03,382937.0
2025-06-04,376160.0
2025-06-05,350843.0
2025-06-06,344758.0
2025-06-09,358796.0
2025-06-10,309409.0
2025-06-11,277025.0
2025-06-12,260807.0
2025-06-13,288078.0
2025-06-16,446302.0
2025-06-17,409139.0
2025-06-18,383851.0
2025-06-20,366520.0
2025-06-23,374568.0
2025-06-24,358071.0
2025-06-25,334579.0
2025-06-26,304841.0
2025-06-27,338348.0
2025-06-30,456980.0
2025-07-01,367512.0
2025-07-02,372232.0
2025-07-03,313162.0
2025-07-07,332482.0
2025-07-08,343047.0
2025-07-09,311048.0
2025-07-10,288395.0
2025-07-11,282363.0
2025-07-14,298224.0
2025-07-15,327937.0
2025-07-16,312085.0
2025-07-17,317026.0
2025-07-18,315658.0
2025-07-21,319359.0
2025-07-22,345335.0
2025-07-23,333538.0
2025-07-24,349408.0
2025-07-25,348098.0
2025-07-28,362570.0
2025-07-29,417834.0
2025-07-30,419446.0
2025-07-31,497596.0
2025-08-01,377780.0
2025-08-04,392810.0
2025-08-05,459240.0
2025-08-06,464315.0
2025-08-07,491691.0
2025-08-08,491063.0
2025-08-11,504280.0
2025-08-12,545499.0
2025-08-13,515469.0
2025-08-14,549080.0
2025-08-15,493107.0
2025-08-18,519490.0
2025-08-19,562784.0
2025-08-20,526063.0
2025-08-21,561249.0
2025-08-22,581509.0
2025-08-25,595519.0
2025-08-26,632894.0
2025-08-27,595798.0
2025-08-28,609660.0
2025-08-29,555224.0
2025-09-02,690094.0
2025-09-03,661939.0
2025-09-04,669272.0
2025-09-05,666137.0
2025-09-08,680369.0
2025-09-09,690281.0
2025-09-10,667585.0
2025-09-11,682732.0
2025-09-12,707770.0
2025-09-15,857709.0
2025-09-16,823741.0
2025-09-17,807142.0
2025-09-18,816451.0
2025-09-19,818530.0
2025-09-22,822471.0
2025-09-23,781512.0
2025-09-24,757970.0
2025-09-25,761087.0
2025-09-26,786337.0
2025-09-29,805674.0
2025-09-30,890825.0
2025-10-01,819378.0
2025-10-02,823845.0
2025-10-03,798367.0
2025-10-06,815262.0
2025-10-07,823736.0
2025-10-08,794054.0
2025-10-09,796023.0
2025-10-10,794452.0
2025-10-14,841366.0
2025-10-15,851952.0
2025-10-16,899682.0
2025-10-17,905393.0
2025-10-20,905754.0
2025-10-21,929315.0
2025-10-22,905074.0
2025-10-23,944965.0
2025-10-24,942495.0
2025-10-27,964762.0
2025-10-28,984857.0
2025-10-29,983859.0
2025-10-30,1000632.0
2025-10-31,926328.0
2025-11-03,924957.0
2025-11-04,939584.0
2025-11-05,942700.0
2025-11-06,953555.0
2025-11-07,949804.0
2025-11-10,965301.0
2025-11-12,943145.0
2025-11-13,961929.0
2025-11-14,959113.0
2025-11-17,924961.0
2025-11-18,928422.0
2025-11-19,900832.0
2025-11-20,909575.0
2025-11-21,892074.0
2025-11-24,906547.0
2025-11-25,931736.0
2025-11-26,899678.0
2025-11-28,956014.0
2025-12-01,948079.0
2025-12-02,935847.0
2025-12-03,908523.0
2025-12-04,878666.0
2025-12-05,870232.0
2025-12-08,880125.0
2025-12-09,837306.0
2025-12-10,805827.0
2025-12-11,792667.0
2025-12-12,792465.0
2025-12-15,912994.0
2025-12-16,887180.0
2025-12-17,861417.0
2025-12-18,842422.0
2025-12-19,839799.0
2025-12-22,872048.0
2025-12-23,824439.0
2025-12-24,801537.0
2025-12-26,833784.0
2025-12-29,858993.0
2025-12-30,826406.0
2025-12-31,872853.0
2026-01-02,781204.0
2026-01-05,801062.0
2026-01-06,771936.0
2026-01-07,783571.0
2026-01-08,773709.0
2026-01-09,775114.0
2026-01-12,797322.0
2026-01-13,780790.0
2026-01-14,777061.0
2026-01-15,840883.0
2026-01-16,868226.0
2026-01-20,899869.0
2026-01-21,871169.0
2026-01-22,888450.0
2026-01-23,900542.0
2026-01-26,943665.0
2026-01-27,974848.0
2026-01-28,952705.0
2026-01-29,968066.0
2026-01-30,893245.0
2026-02-02,897983.0
2026-02-03,907892.0
2026-02-04,907737.0
2026-02-05,914563.0
2026-02-06,905282.0
2026-02-09,917568.0
2026-02-10,948634.0
2026-02-11,910533.0
2026-02-12,920999.0
2026-02-13,913645.0
2026-02-17,924659.0
2026-02-18,888854.0
2026-02-19,904858.0
2026-02-20,893370.0
2026-02-23,888165.0
2026-02-24,901173.0
2026-02-25,838975.0
2026-02-26,849449.0
2026-02-27,798943.0
2026-03-02,871377.0
2026-03-03,859738.0
2026-03-04,846979.0
2026-03-05,840850.0
2026-03-06,833086.0
2026-03-09,858548.0
2026-03-10,862841.0
2026-03-11,805806.0
2026-03-12,809284.0
2026-03-13,806335.0
2026-03-16,937577.0
2026-03-17,929668.0
2026-03-18,875833.0
2026-03-19,882822.0
2026-03-20,870864.0
2026-03-23,909509.0
2026-03-24,876206.0
2026-03-25,837412.0
2026-03-26,823031.0
2026-03-27,848655.0
2026-03-30,868478.0
2026-03-31,893000.0
2026-04-01,803553.0
2026-04-02,776076.0
2026-04-03,753938.0
2026-04-06,775433.0
2026-04-07,728227.0
2026-04-08,697079.0
2026-04-09,686969.0
2026-04-10,703218.0
2026-04-13,758910.0
2026-04-14,779506.0
2026-04-15,924435.0
2026-04-16,971155.0
2026-04-17,998636.0
2026-04-20,1038035.0
2026-04-21,1029510.0
2026-04-22,1007172.0
2026-04-23,969844.0
2026-04-24,974251.0
2026-04-27,1002382.0
2026-04-28,990422.0
2026-04-29,988102.0
2026-04-30,969383.0
2026-05-01,857311.0
2026-05-04,879968.0
2026-05-05,860287.0
2026-05-06,862757.0
2026-05-07,846562.0
2026-05-08,839161.0
2026-05-11,854589.0
2026-05-12,844036.0
2026-05-13,807420.0
2026-05-14,802412.0
2026-05-15,758819.0
2026-05-18,785925.0
2026-05-19,822275.0
2026-05-20,781979.0
2026-05-21,785882.0
2026-05-22,825550.0
2026-05-26,881329.0
2026-05-27,842660.0
2026-05-28,849710.0
2026-05-29,903881.0
2026-06-01,856842.0
2026-06-02,866075.0
2026-06-03,845722.0
2026-06-04,844521.0
2026-06-05,825540.0
2026-06-08,844229.0
2026-06-09,830399.0
2026-06-10,801084.0
2026-06-11,799517.0
2026-06-12,816023.0
2026-06-15,979791.0
2026-06-16,981113.0
2026-06-17,956502.0
2026-06-18,915085.0
2026-06-22,942815.0
2026-06-23,925876.0
2026-06-24,901845.0
2026-06-25,871469.0
2026-06-26,895576.0
2026-06-29,876961.0
2026-06-30,919145.0
2026-07-01,807359.0
2026-07-02,770587.0
2026-07-03,776843.0
2026-07-06,783107.0
2026-07-07,784964.0
2026-07-08,749244.0
2026-07-09,744637.0
2026-07-10,738273.0
2026-07-13,750282.0
2026-07-14,787814.0
2026-07-15,795976.0
2026-07-16,822510.0
2026-07-17,815418.0
2026-07-20,828197.0
2026-07-21,874980.0
2026-07-22,835417.0
2026-07-23,877201.0
2026-07-24,886300.0
2026-07-27,902751.0
2026-07-28,966136.0
2026-07-29,970442.0
2026-07-30,997946.0
2026-07-31,876566.0
2026-08-03,870083.0
2026-08-04,924219.0
2026-08-05,929325.0
2026-08-06,961726.0
2026-08-07,954113.0
2026-08-10,966851.0
2026-08-11,997330.0
2026-08-12,959405.0
2026-08-13,966587.0
2026-08-14,959184.0
2026-08-17,932785.0
2026-08-18,961952.0
2026-08-19,936406.0
2026-08-20,935077.0
2026-08-21,933218.0
2026-08-24,966849.0
2026-08-25,994137.0
2026-08-26,959435.0
2026-08-27,950804.0
2026-08-28,971343.0
2026-08-31,1023554.0
2026-09-01,942793.0
2026-09-02,944364.0
2026-09-03,903928.0
2026-09-04,888923.0
2026-09-08,880019.0
2026-09-09,843705.0
2026-09-10,818110.0
2026-09-11,822200.0
2026-09-14,871224.0
2026-09-15,991557.0
2026-09-16,991708.0
2026-09-17,972675.0
2026-09-18,985932.0
2026-09-21,1004391.0
2026-09-22,957409.0
