date,close
2011-08-05,3.822999954223633
2011-08-08,3.6630001068115234
2011-08-09,3.572999954223633
2011-08-10,3.5380001068115234
2011-08-11,3.7869999408721924
2011-08-12,3.703000068664551
2011-08-15,3.746999979019165
2011-08-16,3.6489999294281006
2011-08-17,3.566999912261963
2011-08-18,3.441999912261963
2011-08-19,3.390000104904175
2011-08-22,3.4000000953674316
2011-08-23,3.4769999980926514
2011-08-24,3.614000082015991
2011-08-25,3.5920000076293945
2011-08-26,3.5339999198913574
2011-08-29,3.622999906539917
2011-08-30,3.51200008392334
2011-08-31,3.5920000076293945
2011-09-01,3.513000011444092
2011-09-02,3.311000108718872
2011-09-06,3.259000062942505
2011-09-07,3.3540000915527344
2011-09-08,3.309999942779541
2011-09-09,3.246000051498413
2011-09-12,3.240000009536743
2011-09-13,3.321000099182129
2011-09-14,3.305000066757202
2011-09-15,3.3510000705718994
2011-09-16,3.3410000801086426
2011-09-19,3.191999912261963
2011-09-20,3.2109999656677246
2011-09-21,3.0390000343322754
2011-09-22,2.7860000133514404
2011-09-23,2.871000051498413
2011-09-26,3.002000093460083
2011-09-27,3.115999937057495
2011-09-28,3.0920000076293945
2011-09-29,2.996999979019165
2011-09-30,2.9210000038146973
2011-10-03,2.760999917984009
2011-10-04,2.756999969482422
2011-10-05,2.882999897003174
2011-10-06,2.9489998817443848
2011-10-07,3.0160000324249268
2011-10-10,3.0239999294281006
2011-10-11,3.1110000610351562
2011-10-12,3.2139999866485596
2011-10-13,3.13700008392334
2011-10-14,3.2090001106262207
2011-10-17,3.135999917984009
2011-10-18,3.1570000648498535
2011-10-19,3.1689999103546143
2011-10-20,3.2009999752044678
2011-10-21,3.252000093460083
2011-10-24,3.2780001163482666
2011-10-25,3.1440000534057617
2011-10-26,3.2239999771118164
2011-10-27,3.446000099182129
2011-10-28,3.3519999980926514
2011-10-31,3.1989998817443848
2011-11-01,3.01200008392334
2011-11-02,3.0380001068115234
2011-11-03,3.11899995803833
2011-11-04,3.1040000915527344
2011-11-07,3.0350000858306885
2011-11-08,3.125
2011-11-09,3.0160000324249268
2011-11-10,3.1110000610351562
2011-11-11,3.109999895095825
2011-11-14,3.0920000076293945
2011-11-15,3.0969998836517334
2011-11-16,3.055000066757202
2011-11-17,2.9749999046325684
2011-11-18,2.996000051498413
2011-11-21,2.944999933242798
2011-11-22,2.9100000858306885
2011-11-23,2.822999954223633
2011-11-25,2.921999931335449
2011-11-28,2.9110000133514404
2011-11-29,2.9560000896453857
2011-11-30,3.062000036239624
2011-12-01,3.134999990463257
2011-12-02,3.0360000133514404
2011-12-05,3.0420000553131104
2011-12-06,3.1070001125335693
2011-12-07,3.0429999828338623
2011-12-08,2.996999979019165
2011-12-09,3.0999999046325684
2011-12-12,3.0460000038146973
2011-12-13,2.999000072479248
2011-12-14,2.9049999713897705
2011-12-15,2.9260001182556152
2011-12-16,2.8550000190734863
2011-12-19,2.8010001182556152
2011-12-20,2.927000045776367
2011-12-21,3.000999927520752
2011-12-22,2.9809999465942383
2011-12-23,3.063999891281128
2011-12-27,3.0390000343322754
2011-12-28,2.8970000743865967
2011-12-29,2.9070000648498535
2011-12-30,2.8889999389648438
2012-01-03,2.99399995803833
2012-01-04,3.0429999828338623
2012-01-05,3.056999921798706
2012-01-06,3.0160000324249268
2012-01-09,3.0290000438690186
2012-01-10,3.0269999504089355
2012-01-11,2.9590001106262207
2012-01-12,2.9800000190734863
2012-01-13,2.9040000438690186
2012-01-17,2.8910000324249268
2012-01-18,2.9539999961853027
2012-01-19,3.0390000343322754
2012-01-20,3.1010000705718994
2012-01-23,3.1459999084472656
2012-01-24,3.1570000648498535
2012-01-25,3.1489999294281006
2012-01-26,3.0899999141693115
2012-01-27,3.063999891281128
2012-01-30,2.9830000400543213
2012-01-31,2.934000015258789
2012-02-01,3.015000104904175
2012-02-02,3.010999917984009
2012-02-03,3.1510000228881836
2012-02-06,3.0880000591278076
2012-02-07,3.1410000324249268
2012-02-08,3.1410000324249268
2012-02-09,3.188999891281128
2012-02-10,3.121999979019165
2012-02-13,3.1419999599456787
2012-02-14,3.065000057220459
2012-02-15,3.0929999351501465
2012-02-16,3.1489999294281006
2012-02-17,3.1610000133514404
2012-02-21,3.190999984741211
2012-02-22,3.1489999294281006
2012-02-23,3.124000072479248
2012-02-24,3.0980000495910645
2012-02-27,3.0420000553131104
2012-02-28,3.059000015258789
2012-02-29,3.0859999656677246
2012-03-01,3.1570000648498535
2012-03-02,3.114000082015991
2012-03-05,3.1389999389648438
2012-03-06,3.078000068664551
2012-03-07,3.115999937057495
2012-03-08,3.1700000762939453
2012-03-09,3.188999891281128
2012-03-12,3.1700000762939453
2012-03-13,3.246000051498413
2012-03-14,3.4079999923706055
2012-03-15,3.4119999408721924
2012-03-16,3.4110000133514404
2012-03-19,3.4809999465942383
2012-03-20,3.4570000171661377
2012-03-21,3.378999948501587
2012-03-22,3.361999988555908
2012-03-23,3.313999891281128
2012-03-26,3.3299999237060547
2012-03-27,3.299999952316284
2012-03-28,3.303999900817871
2012-03-29,3.2709999084472656
2012-03-30,3.3450000286102295
2012-04-02,3.3380000591278076
2012-04-03,3.4100000858306885
2012-04-04,3.380000114440918
2012-04-05,3.322000026702881
2012-04-09,3.184000015258789
2012-04-10,3.135999917984009
2012-04-11,3.184999942779541
2012-04-12,3.2070000171661377
2012-04-13,3.1480000019073486
2012-04-16,3.114000082015991
2012-04-17,3.1549999713897705
2012-04-18,3.125999927520752
2012-04-19,3.1089999675750732
2012-04-20,3.128000020980835
2012-04-23,3.0840001106262207
2012-04-24,3.114000082015991
2012-04-25,3.1459999084472656
2012-04-26,3.134999990463257
2012-04-27,3.115000009536743
2012-04-30,3.1089999675750732
2012-05-01,3.1610000133514404
2012-05-02,3.114000082015991
2012-05-03,3.111999988555908
2012-05-04,3.071000099182129
2012-05-07,3.066999912261963
2012-05-08,3.0230000019073486
2012-05-09,3.0390000343322754
2012-05-10,3.0510001182556152
2012-05-11,3.015000104904175
2012-05-14,2.9489998817443848
2012-05-15,2.930999994277954
2012-05-16,2.9059998989105225
2012-05-17,2.805000066757202
2012-05-18,2.7890000343322754
2012-05-21,2.7939999103546143
2012-05-22,2.8919999599456787
2012-05-23,2.7939999103546143
2012-05-24,2.8469998836517334
2012-05-25,2.8459999561309814
2012-05-29,2.8420000076293945
2012-05-30,2.7179999351501465
2012-05-31,2.671999931335449
2012-06-01,2.5399999618530273
2012-06-04,2.571000099182129
2012-06-05,2.61899995803833
2012-06-06,2.7200000286102295
2012-06-07,2.756999969482422
2012-06-08,2.765000104904175
2012-06-11,2.7230000495910645
2012-06-12,2.7720000743865967
2012-06-13,2.7109999656677246
2012-06-14,2.7079999446868896
2012-06-15,2.694000005722046
2012-06-18,2.678999900817871
2012-06-19,2.7269999980926514
2012-06-20,2.7239999771118164
2012-06-21,2.687999963760376
2012-06-22,2.75600004196167
2012-06-25,2.681999921798706
2012-06-26,2.697999954223633
2012-06-27,2.693000078201294
2012-06-28,2.6659998893737793
2012-06-29,2.763000011444092
2012-07-02,2.683000087738037
2012-07-03,2.74399995803833
2012-07-05,2.7219998836517334
2012-07-06,2.6640000343322754
2012-07-09,2.619999885559082
2012-07-10,2.5940001010894775
2012-07-11,2.5889999866485596
2012-07-12,2.563999891281128
2012-07-13,2.5840001106262207
2012-07-16,2.5480000972747803
2012-07-17,2.5950000286102295
2012-07-18,2.5799999237060547
2012-07-19,2.614000082015991
2012-07-20,2.5460000038146973
2012-07-23,2.515000104904175
2012-07-24,2.4690001010894775
2012-07-25,2.4670000076293945
2012-07-26,2.490000009536743
2012-07-27,2.6419999599456787
2012-07-30,2.5789999961853027
2012-07-31,2.5769999027252197
2012-08-01,2.614000082015991
2012-08-02,2.546999931335449
2012-08-03,2.6619999408721924
2012-08-06,2.6459999084472656
2012-08-07,2.7190001010894775
2012-08-08,2.740000009536743
2012-08-09,2.75
2012-08-10,2.736999988555908
2012-08-13,2.739000082015991
2012-08-14,2.825000047683716
2012-08-15,2.9140000343322754
2012-08-16,2.9560000896453857
2012-08-17,2.934000015258789
2012-08-20,2.927000045776367
2012-08-21,2.9089999198913574
2012-08-22,2.825000047683716
2012-08-23,2.7799999713897705
2012-08-24,2.7920000553131104
2012-08-27,2.756999969482422
2012-08-28,2.743000030517578
2012-08-29,2.7679998874664307
2012-08-30,2.73799991607666
2012-08-31,2.684000015258789
2012-09-04,2.688999891281128
2012-09-05,2.7049999237060547
2012-09-06,2.7990000247955322
2012-09-07,2.8259999752044678
2012-09-10,2.8420000076293945
2012-09-11,2.8459999561309814
2012-09-12,2.9260001182556152
2012-09-13,2.9670000076293945
2012-09-14,3.0880000591278076
2012-09-17,3.0369999408721924
2012-09-18,3.0139999389648438
2012-09-19,2.9760000705718994
2012-09-20,2.9539999961853027
2012-09-21,2.9560000896453857
2012-09-24,2.9049999713897705
2012-09-25,2.861999988555908
2012-09-26,2.7920000553131104
2012-09-27,2.8239998817443848
2012-09-28,2.8340001106262207
2012-10-01,2.822999954223633
2012-10-02,2.809000015258789
2012-10-03,2.825000047683716
2012-10-04,2.881999969482422
2012-10-05,2.9660000801086426
2012-10-08,2.9739999771118164
2012-10-09,2.937000036239624
2012-10-10,2.8940000534057617
2012-10-11,2.8550000190734863
2012-10-12,2.8350000381469727
2012-10-15,2.8429999351501465
2012-10-16,2.9149999618530273
2012-10-17,2.98799991607666
2012-10-18,3.006999969482422
2012-10-19,2.937000036239624
2012-10-22,2.947000026702881
2012-10-23,2.9159998893737793
2012-10-24,2.933000087738037
2012-10-25,2.9809999465942383
2012-10-26,2.9179999828338623
2012-10-31,2.8510000705718994
2012-11-01,2.8970000743865967
2012-11-02,2.9170000553131104
2012-11-05,2.871000051498413
2012-11-06,2.9159998893737793
2012-11-07,2.821000099182129
2012-11-08,2.7690000534057617
2012-11-09,2.752000093460083
2012-11-12,2.744999885559082
2012-11-13,2.7209999561309814
2012-11-14,2.7279999256134033
2012-11-15,2.7239999771118164
2012-11-16,2.7219998836517334
2012-11-19,2.76200008392334
2012-11-20,2.809000015258789
2012-11-21,2.8299999237060547
2012-11-23,2.8289999961853027
2012-11-26,2.8010001182556152
2012-11-27,2.7909998893737793
2012-11-28,2.7790000438690186
2012-11-29,2.7960000038146973
2012-11-30,2.7939999103546143
2012-12-03,2.805999994277954
2012-12-04,2.7799999713897705
2012-12-05,2.7790000438690186
2012-12-06,2.765000104904175
2012-12-07,2.813999891281128
2012-12-10,2.802999973297119
2012-12-11,2.8369998931884766
2012-12-12,2.8970000743865967
2012-12-13,2.9049999713897705
2012-12-14,2.871000051498413
2012-12-17,2.930999994277954
2012-12-18,3.0139999389648438
2012-12-19,2.9820001125335693
2012-12-20,2.9839999675750732
2012-12-21,2.921999931335449
2012-12-24,2.943000078201294
2012-12-26,2.933000087738037
2012-12-27,2.88100004196167
2012-12-28,2.881999969482422
2012-12-31,2.9519999027252197
2013-01-02,3.0460000038146973
2013-01-03,3.1070001125335693
2013-01-04,3.1110000610351562
2013-01-07,3.0999999046325684
2013-01-08,3.071000099182129
2013-01-09,3.052999973297119
2013-01-10,3.0789999961853027
2013-01-11,3.053999900817871
2013-01-14,3.0439999103546143
2013-01-15,3.0169999599456787
2013-01-16,3.0190000534057617
2013-01-17,3.068000078201294
2013-01-18,3.0309998989105225
2013-01-22,3.0220000743865967
2013-01-23,3.0269999504089355
2013-01-24,3.0390000343322754
2013-01-25,3.132999897003174
2013-01-28,3.1500000953674316
2013-01-29,3.1679999828338623
2013-01-30,3.196000099182129
2013-01-31,3.1700000762939453
2013-02-01,3.2079999446868896
2013-02-04,3.177000045776367
2013-02-05,3.2209999561309814
2013-02-06,3.180999994277954
2013-02-07,3.1630001068115234
2013-02-08,3.1670000553131104
2013-02-11,3.1510000228881836
2013-02-12,3.190999984741211
2013-02-13,3.2239999771118164
2013-02-14,3.180999994277954
2013-02-15,3.178999900817871
2013-02-19,3.2049999237060547
2013-02-20,3.2090001106262207
2013-02-21,3.1659998893737793
2013-02-22,3.1549999713897705
2013-02-25,3.0899999141693115
2013-02-26,3.075000047683716
2013-02-27,3.1029999256134033
2013-02-28,3.0940001010894775
2013-03-01,3.065000057220459
2013-03-04,3.0859999656677246
2013-03-05,3.1040000915527344
2013-03-06,3.1489999294281006
2013-03-07,3.200000047683716
2013-03-08,3.255000114440918
2013-03-11,3.255000114440918
2013-03-12,3.2190001010894775
2013-03-13,3.2160000801086426
2013-03-14,3.242000102996826
2013-03-15,3.2249999046325684
2013-03-18,3.184999942779541
2013-03-19,3.134999990463257
2013-03-20,3.171999931335449
2013-03-21,3.1549999713897705
2013-03-22,3.134999990463257
2013-03-25,3.1389999389648438
2013-03-26,3.13100004196167
2013-03-27,3.0920000076293945
2013-03-28,3.1040000915527344
2013-04-01,3.0850000381469727
2013-04-02,3.1019999980926514
2013-04-03,3.055000066757202
2013-04-04,2.986999988555908
2013-04-05,2.86299991607666
2013-04-08,2.9030001163482666
2013-04-09,2.931999921798706
2013-04-10,3.005000114440918
2013-04-11,2.997999906539917
2013-04-12,2.9179999828338623
2013-04-15,2.881999969482422
2013-04-16,2.9030001163482666
2013-04-17,2.885999917984009
2013-04-18,2.864000082015991
2013-04-19,2.881999969482422
2013-04-22,2.880000114440918
2013-04-23,2.888000011444092
2013-04-24,2.8889999389648438
2013-04-25,2.9079999923706055
2013-04-26,2.859999895095825
2013-04-29,2.871999979019165
2013-04-30,2.884000062942505
2013-05-01,2.8399999141693115
2013-05-02,2.828000068664551
2013-05-03,2.9660000801086426
2013-05-06,2.9860000610351562
2013-05-07,3.002000093460083
2013-05-08,2.9779999256134033
2013-05-09,2.996999979019165
2013-05-10,3.1040000915527344
2013-05-13,3.128999948501587
2013-05-14,3.1630001068115234
2013-05-15,3.1589999198913574
2013-05-16,3.0859999656677246
2013-05-17,3.1649999618530273
2013-05-20,3.1740000247955322
2013-05-21,3.1489999294281006
2013-05-22,3.2090001106262207
2013-05-23,3.197000026702881
2013-05-24,3.174999952316284
2013-05-28,3.2899999618530273
2013-05-29,3.2720000743865967
2013-05-30,3.2869999408721924
2013-05-31,3.308000087738037
2013-06-03,3.2760000228881836
2013-06-04,3.296999931335449
2013-06-05,3.259999990463257
2013-06-06,3.2320001125335693
2013-06-07,3.3239998817443848
2013-06-10,3.369999885559082
2013-06-11,3.3340001106262207
2013-06-12,3.375
2013-06-13,3.3259999752044678
2013-06-14,3.296999931335449
2013-06-17,3.3480000495910645
2013-06-18,3.3420000076293945
2013-06-19,3.4140000343322754
2013-06-20,3.5139999389648438
2013-06-21,3.566999912261963
2013-06-24,3.559000015258789
2013-06-25,3.611999988555908
2013-06-26,3.5739998817443848
2013-06-27,3.546999931335449
2013-06-28,3.497999906539917
2013-07-01,3.489000082015991
2013-07-02,3.4690001010894775
2013-07-03,3.496999979019165
2013-07-05,3.677000045776367
2013-07-08,3.6429998874664307
2013-07-09,3.6540000438690186
2013-07-10,3.687999963760376
2013-07-11,3.625
2013-07-12,3.6489999294281006
2013-07-15,3.6110000610351562
2013-07-16,3.5840001106262207
2013-07-17,3.572000026702881
2013-07-18,3.630000114440918
2013-07-19,3.572000026702881
2013-07-22,3.555000066757202
2013-07-23,3.5920000076293945
2013-07-24,3.6530001163482666
2013-07-25,3.6649999618530273
2013-07-26,3.618000030517578
2013-07-29,3.6559998989105225
2013-07-30,3.671999931335449
2013-07-31,3.6459999084472656
2013-08-01,3.7739999294281006
2013-08-02,3.687999963760376
2013-08-05,3.7300000190734863
2013-08-06,3.7320001125335693
2013-08-07,3.686000108718872
2013-08-08,3.671999931335449
2013-08-09,3.6389999389648438
2013-08-12,3.6659998893737793
2013-08-13,3.75600004196167
2013-08-14,3.752000093460083
2013-08-15,3.7920000553131104
2013-08-16,3.8570001125335693
2013-08-19,3.9019999504089355
2013-08-20,3.8529999256134033
2013-08-21,3.881999969482422
2013-08-22,3.884999990463257
2013-08-23,3.7980000972747803
2013-08-26,3.7839999198913574
2013-08-27,3.703000068664551
2013-08-28,3.753999948501587
2013-08-29,3.703000068664551
2013-08-30,3.6760001182556152
2013-09-03,3.7760000228881836
2013-09-04,3.7990000247955322
2013-09-05,3.878000020980835
2013-09-06,3.872999906539917
2013-09-09,3.8399999141693115
2013-09-10,3.8889999389648438
2013-09-11,3.859999895095825
2013-09-12,3.8450000286102295
2013-09-13,3.8469998836517334
2013-09-16,3.871000051498413
2013-09-17,3.8399999141693115
2013-09-18,3.755000114440918
2013-09-19,3.805000066757202
2013-09-20,3.759999990463257
2013-09-23,3.742000102996826
2013-09-24,3.671999931335449
2013-09-25,3.6480000019073486
2013-09-26,3.690000057220459
2013-09-27,3.680999994277954
2013-09-30,3.686000108718872
2013-10-01,3.7209999561309814
2013-10-02,3.7100000381469727
2013-10-03,3.7070000171661377
2013-10-04,3.7320001125335693
2013-10-07,3.7019999027252197
2013-10-08,3.694999933242798
2013-10-09,3.7239999771118164
2013-10-10,3.742000102996826
2013-10-11,3.734999895095825
2013-10-14,3.744999885559082
2013-10-15,3.7769999504089355
2013-10-16,3.7239999771118164
2013-10-17,3.6570000648498535
2013-10-18,3.6540000438690186
2013-10-21,3.680999994277954
2013-10-22,3.6089999675750732
2013-10-23,3.5820000171661377
2013-10-24,3.61299991607666
2013-10-25,3.5929999351501465
2013-10-28,3.6019999980926514
2013-10-29,3.621999979019165
2013-10-30,3.631999969482422
2013-10-31,3.63100004196167
2013-11-01,3.696000099182129
2013-11-04,3.690999984741211
2013-11-05,3.757999897003174
2013-11-06,3.7690000534057617
2013-11-07,3.7260000705718994
2013-11-08,3.8420000076293945
2013-11-11,3.8480000495910645
2013-11-12,3.8550000190734863
2013-11-13,3.8289999961853027
2013-11-14,3.799999952316284
2013-11-15,3.8010001182556152
2013-11-18,3.7660000324249268
2013-11-19,3.803999900817871
2013-11-20,3.9049999713897705
2013-11-21,3.882999897003174
2013-11-22,3.8380000591278076
2013-11-25,3.8359999656677246
2013-11-26,3.7850000858306885
2013-11-27,3.812000036239624
2013-11-29,3.808000087738037
2013-12-02,3.859999895095825
2013-12-03,3.8369998931884766
2013-12-04,3.9049999713897705
2013-12-05,3.9140000343322754
2013-12-06,3.9170000553131104
2013-12-09,3.8889999389648438
2013-12-10,3.8289999961853027
2013-12-11,3.880000114440918
2013-12-12,3.8970000743865967
2013-12-13,3.872999906539917
2013-12-16,3.8949999809265137
2013-12-17,3.871999979019165
2013-12-18,3.9130001068115234
2013-12-19,3.9010000228881836
2013-12-20,3.8239998817443848
2013-12-23,3.8440001010894775
2013-12-24,3.9010000228881836
2013-12-26,3.9210000038146973
2013-12-27,3.943000078201294
2013-12-30,3.9070000648498535
2013-12-31,3.9639999866485596
2014-01-02,3.9189999103546143
2014-01-03,3.930000066757202
2014-01-06,3.8980000019073486
2014-01-07,3.88100004196167
2014-01-08,3.9030001163482666
2014-01-09,3.872999906539917
2014-01-10,3.7960000038146973
2014-01-13,3.7669999599456787
2014-01-14,3.799999952316284
2014-01-15,3.805999994277954
2014-01-16,3.7730000019073486
2014-01-17,3.756999969482422
2014-01-21,3.739000082015991
2014-01-22,3.759000062942505
2014-01-23,3.680999994277954
2014-01-24,3.6510000228881836
2014-01-27,3.680000066757202
2014-01-28,3.671999931335449
2014-01-29,3.621999979019165
2014-01-30,3.634999990463257
2014-01-31,3.621999979019165
2014-02-03,3.5399999618530273
2014-02-04,3.5929999351501465
2014-02-05,3.6530001163482666
2014-02-06,3.674999952316284
2014-02-07,3.6649999618530273
2014-02-10,3.6630001068115234
2014-02-11,3.684999942779541
2014-02-12,3.7230000495910645
2014-02-13,3.686000108718872
2014-02-14,3.700000047683716
2014-02-18,3.680000066757202
2014-02-19,3.7070000171661377
2014-02-20,3.7260000705718994
2014-02-21,3.696000099182129
2014-02-24,3.7109999656677246
2014-02-25,3.6610000133514404
2014-02-26,3.634999990463257
2014-02-27,3.5959999561309814
2014-02-28,3.5920000076293945
2014-03-03,3.556999921798706
2014-03-04,3.638000011444092
2014-03-05,3.6440000534057617
2014-03-06,3.687000036239624
2014-03-07,3.7219998836517334
2014-03-10,3.7279999256134033
2014-03-11,3.7090001106262207
2014-03-12,3.6670000553131104
2014-03-13,3.6010000705718994
2014-03-14,3.5869998931884766
2014-03-17,3.630000114440918
2014-03-18,3.627000093460083
2014-03-19,3.6700000762939453
2014-03-20,3.6600000858306885
2014-03-21,3.6089999675750732
2014-03-24,3.572000026702881
2014-03-25,3.5789999961853027
2014-03-26,3.5510001182556152
2014-03-27,3.509999990463257
2014-03-28,3.5439999103546143
2014-03-31,3.561000108718872
2014-04-01,3.6040000915527344
2014-04-02,3.6489999294281006
2014-04-03,3.625
2014-04-04,3.5850000381469727
2014-04-07,3.558000087738037
2014-04-08,3.5399999618530273
2014-04-09,3.565000057220459
2014-04-10,3.503000020980835
2014-04-11,3.4769999980926514
2014-04-14,3.4839999675750732
2014-04-15,3.4600000381469727
2014-04-16,3.4539999961853027
2014-04-17,3.5169999599456787
2014-04-21,3.5250000953674316
2014-04-22,3.503000020980835
2014-04-23,3.4690001010894775
2014-04-24,3.4639999866485596
2014-04-25,3.438999891281128
2014-04-28,3.4590001106262207
2014-04-29,3.490999937057495
2014-04-30,3.4579999446868896
2014-05-01,3.4049999713897705
2014-05-02,3.367000102996826
2014-05-05,3.4079999923706055
2014-05-06,3.38100004196167
2014-05-07,3.4030001163482666
2014-05-08,3.4149999618530273
2014-05-09,3.4670000076293945
2014-05-12,3.492000102996826
2014-05-13,3.4539999961853027
2014-05-14,3.375
2014-05-15,3.3369998931884766
2014-05-16,3.3469998836517334
2014-05-19,3.382999897003174
2014-05-20,3.375
2014-05-21,3.4179999828338623
2014-05-22,3.428999900817871
2014-05-23,3.3980000019073486
2014-05-27,3.367000102996826
2014-05-28,3.2880001068115234
2014-05-29,3.303999900817871
2014-05-30,3.313999891281128
2014-06-02,3.377000093460083
2014-06-03,3.434999942779541
2014-06-04,3.444000005722046
2014-06-05,3.431999921798706
2014-06-06,3.437000036239624
2014-06-09,3.4509999752044678
2014-06-10,3.4660000801086426
2014-06-11,3.4690001010894775
2014-06-12,3.4100000858306885
2014-06-13,3.4119999408721924
2014-06-16,3.3970000743865967
2014-06-17,3.446000099182129
2014-06-18,3.4179999828338623
2014-06-19,3.4590001106262207
2014-06-20,3.4519999027252197
2014-06-23,3.4489998817443848
2014-06-24,3.4059998989105225
2014-06-25,3.38100004196167
2014-06-26,3.3440001010894775
2014-06-27,3.365000009536743
2014-06-30,3.3380000591278076
2014-07-01,3.3949999809265137
2014-07-02,3.4660000801086426
2014-07-03,3.4830000400543213
2014-07-07,3.440000057220459
2014-07-08,3.380000114440918
2014-07-09,3.359999895095825
2014-07-10,3.364000082015991
2014-07-11,3.3429999351501465
2014-07-14,3.368000030517578
2014-07-15,3.365999937057495
2014-07-16,3.3480000495910645
2014-07-17,3.2899999618530273
2014-07-18,3.2920000553131104
2014-07-21,3.2639999389648438
2014-07-22,3.252000093460083
2014-07-23,3.257999897003174
2014-07-24,3.299999952316284
2014-07-25,3.24399995803833
2014-07-28,3.26200008392334
2014-07-29,3.2219998836517334
2014-07-30,3.309999942779541
2014-07-31,3.311000108718872
2014-08-01,3.296999931335449
2014-08-04,3.2950000762939453
2014-08-05,3.2790000438690186
2014-08-06,3.2769999504089355
2014-08-07,3.2339999675750732
2014-08-08,3.2260000705718994
2014-08-11,3.2320001125335693
2014-08-12,3.2660000324249268
2014-08-13,3.240999937057495
2014-08-14,3.191999912261963
2014-08-15,3.134999990463257
2014-08-18,3.194000005722046
2014-08-19,3.2209999561309814
2014-08-20,3.2200000286102295
2014-08-21,3.191999912261963
2014-08-22,3.1570000648498535
2014-08-25,3.134999990463257
2014-08-26,3.1519999504089355
2014-08-27,3.1089999675750732
2014-08-28,3.072000026702881
2014-08-29,3.0799999237060547
2014-09-02,3.1740000247955322
2014-09-03,3.1559998989105225
2014-09-04,3.2049999237060547
2014-09-05,3.236999988555908
2014-09-08,3.2230000495910645
2014-09-09,3.2330000400543213
2014-09-10,3.2690000534057617
2014-09-11,3.253999948501587
2014-09-12,3.3510000705718994
2014-09-15,3.3410000801086426
2014-09-16,3.3540000915527344
2014-09-17,3.364000082015991
2014-09-18,3.3589999675750732
2014-09-19,3.2990000247955322
2014-09-22,3.2890000343322754
2014-09-23,3.252000093460083
2014-09-24,3.2829999923706055
2014-09-25,3.2200000286102295
2014-09-26,3.2160000801086426
2014-09-29,3.180000066757202
2014-09-30,3.2119998931884766
2014-10-01,3.11299991607666
2014-10-02,3.1530001163482666
2014-10-03,3.134000062942505
2014-10-06,3.128000020980835
2014-10-07,3.055999994277954
2014-10-08,3.062000036239624
2014-10-09,3.062000036239624
2014-10-10,3.0350000858306885
2014-10-13,3.0139999389648438
2014-10-14,2.9570000171661377
2014-10-15,2.875999927520752
2014-10-16,2.936000108718872
2014-10-17,2.9679999351501465
2014-10-20,2.9590001106262207
2014-10-21,2.9839999675750732
2014-10-22,3.0
2014-10-23,3.0460000038146973
2014-10-24,3.049999952316284
2014-10-27,3.0339999198913574
2014-10-28,3.056999921798706
2014-10-29,3.0480000972747803
2014-10-30,3.0360000133514404
2014-10-31,3.059999942779541
2014-11-03,3.065999984741211
2014-11-04,3.052999973297119
2014-11-05,3.065000057220459
2014-11-06,3.0929999351501465
2014-11-07,3.0460000038146973
2014-11-10,3.0880000591278076
2014-11-11,3.0920000076293945
2014-11-12,3.0799999237060547
2014-11-13,3.0759999752044678
2014-11-14,3.0420000553131104
2014-11-17,3.059000015258789
2014-11-18,3.0429999828338623
2014-11-19,3.066999912261963
2014-11-20,3.052999973297119
2014-11-21,3.0209999084472656
2014-11-24,3.0190000534057617
2014-11-25,2.9660000801086426
2014-11-26,2.940000057220459
2014-11-28,2.9100000858306885
2014-12-01,2.946000099182129
2014-12-02,3.003999948501587
2014-12-03,2.993000030517578
2014-12-04,2.9579999446868896
2014-12-05,2.9639999866485596
2014-12-08,2.9010000228881836
2014-12-09,2.875
2014-12-10,2.8350000381469727
2014-12-11,2.825000047683716
2014-12-12,2.75600004196167
2014-12-15,2.744999885559082
2014-12-16,2.7019999027252197
2014-12-17,2.752000093460083
2014-12-18,2.812000036239624
2014-12-19,2.7739999294281006
2014-12-22,2.75
2014-12-23,2.8519999980926514
2014-12-24,2.8340001106262207
2014-12-26,2.813999891281128
2014-12-29,2.7760000228881836
2014-12-30,2.757999897003174
2014-12-31,2.749000072479248
2015-01-02,2.697000026702881
2015-01-05,2.6050000190734863
2015-01-06,2.5230000019073486
2015-01-07,2.515000104904175
2015-01-08,2.5929999351501465
2015-01-09,2.555999994277954
2015-01-12,2.492000102996826
2015-01-13,2.4820001125335693
2015-01-14,2.4509999752044678
2015-01-15,2.4110000133514404
2015-01-16,2.434999942779541
2015-01-20,2.3980000019073486
2015-01-21,2.440000057220459
2015-01-22,2.4690001010894775
2015-01-23,2.3940000534057617
2015-01-26,2.3980000019073486
2015-01-27,2.4019999504089355
2015-01-28,2.2939999103546143
2015-01-29,2.319000005722046
2015-01-30,2.250999927520752
2015-02-02,2.252000093460083
2015-02-03,2.371999979019165
2015-02-04,2.3889999389648438
2015-02-05,2.421999931335449
2015-02-06,2.5190000534057617
2015-02-09,2.5209999084472656
2015-02-10,2.571000099182129
2015-02-11,2.563999891281128
2015-02-12,2.571000099182129
2015-02-13,2.625999927520752
2015-02-17,2.73799991607666
2015-02-18,2.694999933242798
2015-02-19,2.7320001125335693
2015-02-20,2.734999895095825
2015-02-23,2.6519999504089355
2015-02-24,2.5980000495910645
2015-02-25,2.571000099182129
2015-02-26,2.6089999675750732
2015-02-27,2.5999999046325684
2015-03-02,2.684999942779541
2015-03-03,2.7130000591278076
2015-03-04,2.7190001010894775
2015-03-05,2.7160000801086426
2015-03-06,2.8389999866485596
2015-03-09,2.7990000247955322
2015-03-10,2.7190001010894775
2015-03-11,2.683000087738037
2015-03-12,2.677999973297119
2015-03-13,2.694999933242798
2015-03-16,2.677000045776367
2015-03-17,2.615999937057495
2015-03-18,2.5369999408721924
2015-03-19,2.5390000343322754
2015-03-20,2.503999948501587
2015-03-23,2.509000062942505
2015-03-24,2.4660000801086426
2015-03-25,2.500999927520752
2015-03-26,2.5999999046325684
2015-03-27,2.5269999504089355
2015-03-30,2.555999994277954
2015-03-31,2.5439999103546143
2015-04-01,2.4749999046325684
2015-04-02,2.5239999294281006
2015-04-06,2.565999984741211
2015-04-07,2.5299999713897705
2015-04-08,2.5199999809265137
2015-04-09,2.5950000286102295
2015-04-10,2.5829999446868896
2015-04-13,2.5810000896453857
2015-04-14,2.546999931335449
2015-04-15,2.555999994277954
2015-04-16,2.555999994277954
2015-04-17,2.505000114440918
2015-04-20,2.571000099182129
2015-04-21,2.5880000591278076
2015-04-22,2.6540000438690186
2015-04-23,2.634999990463257
2015-04-24,2.617000102996826
2015-04-27,2.611999988555908
2015-04-28,2.6689999103546143
2015-04-29,2.742000102996826
2015-04-30,2.753000020980835
2015-05-01,2.8269999027252197
2015-05-04,2.86899995803833
2015-05-05,2.9059998989105225
2015-05-06,2.9860000610351562
2015-05-07,2.9089999198913574
2015-05-08,2.9000000953674316
2015-05-11,3.0369999408721924
2015-05-12,3.0199999809265137
2015-05-13,3.071000099182129
2015-05-14,3.063999891281128
2015-05-15,2.9230000972747803
2015-05-18,3.0190000534057617
2015-05-19,3.0380001068115234
2015-05-20,3.052999973297119
2015-05-21,2.9779999256134033
2015-05-22,2.9860000610351562
2015-05-26,2.8919999599456787
2015-05-27,2.875
2015-05-28,2.884999990463257
2015-05-29,2.8469998836517334
2015-06-01,2.9509999752044678
2015-06-02,3.0209999084472656
2015-06-03,3.1070001125335693
2015-06-04,3.0339999198913574
2015-06-05,3.1110000610351562
2015-06-08,3.1040000915527344
2015-06-09,3.1510000228881836
2015-06-10,3.2090001106262207
2015-06-11,3.1050000190734863
2015-06-12,3.0989999771118164
2015-06-15,3.0899999141693115
2015-06-16,3.052999973297119
2015-06-17,3.072000026702881
2015-06-18,3.1410000324249268
2015-06-19,3.055999994277954
2015-06-22,3.1530001163482666
2015-06-23,3.200000047683716
2015-06-24,3.1459999084472656
2015-06-25,3.1559998989105225
2015-06-26,3.25
2015-06-29,3.0989999771118164
2015-06-30,3.1040000915527344
2015-07-01,3.194999933242798
2015-07-02,3.191999912261963
2015-07-06,3.071000099182129
2015-07-07,3.015000104904175
2015-07-08,2.9860000610351562
2015-07-09,3.0989999771118164
2015-07-10,3.2090001106262207
2015-07-13,3.2070000171661377
2015-07-14,3.190000057220459
2015-07-15,3.134000062942505
2015-07-16,3.115000009536743
2015-07-17,3.0829999446868896
2015-07-20,3.1059999465942383
2015-07-21,3.0799999237060547
2015-07-22,3.0369999408721924
2015-07-23,2.9779999256134033
2015-07-24,2.9700000286102295
2015-07-27,2.944999933242798
2015-07-28,2.9630000591278076
2015-07-29,2.98799991607666
2015-07-30,2.9539999961853027
2015-07-31,2.927000045776367
2015-08-03,2.8610000610351562
2015-08-04,2.88700008392334
2015-08-05,2.943000078201294
2015-08-06,2.9070000648498535
2015-08-07,2.828000068664551
2015-08-10,2.9030001163482666
2015-08-11,2.805000066757202
2015-08-12,2.819000005722046
2015-08-13,2.8570001125335693
2015-08-14,2.8410000801086426
2015-08-17,2.8010001182556152
2015-08-18,2.86299991607666
2015-08-19,2.819000005722046
2015-08-20,2.753999948501587
2015-08-21,2.746999979019165
2015-08-24,2.7179999351501465
2015-08-25,2.8540000915527344
2015-08-26,2.931999921798706
2015-08-27,2.9019999504089355
2015-08-28,2.9089999198913574
2015-08-31,2.930999994277954
2015-09-01,2.931999921798706
2015-09-02,2.9649999141693115
2015-09-03,2.947999954223633
2015-09-04,2.890000104904175
2015-09-08,2.9700000286102295
2015-09-09,2.943000078201294
2015-09-10,2.98799991607666
2015-09-11,2.943000078201294
2015-09-14,2.947000026702881
2015-09-15,3.062000036239624
2015-09-16,3.0920000076293945
2015-09-17,3.0339999198913574
2015-09-18,2.928999900817871
2015-09-21,3.0350000858306885
2015-09-22,2.931999921798706
2015-09-23,2.940999984741211
2015-09-24,2.9019999504089355
2015-09-25,2.9600000381469727
2015-09-28,2.869999885559082
2015-09-29,2.8550000190734863
2015-09-30,2.880000114440918
2015-10-01,2.8519999980926514
2015-10-02,2.8259999752044678
2015-10-05,2.8980000019073486
2015-10-06,2.872999906539917
2015-10-07,2.885999917984009
2015-10-08,2.946000099182129
2015-10-09,2.927000045776367
2015-10-12,2.9210000038146973
2015-10-13,2.8970000743865967
2015-10-14,2.8389999866485596
2015-10-15,2.872999906539917
2015-10-16,2.864000082015991
2015-10-19,2.884000062942505
2015-10-20,2.9230000972747803
2015-10-21,2.871000051498413
2015-10-22,2.859999895095825
2015-10-23,2.8959999084472656
2015-10-26,2.867000102996826
2015-10-27,2.8510000705718994
2015-10-28,2.86299991607666
2015-10-29,2.9649999141693115
2015-10-30,2.933000087738037
2015-11-02,2.9570000171661377
2015-11-03,3.000999927520752
2015-11-04,2.99399995803833
2015-11-05,3.013000011444092
2015-11-06,3.0889999866485596
2015-11-09,3.1059999465942383
2015-11-10,3.0940001010894775
2015-11-11,3.109999895095825
2015-11-12,3.0920000076293945
2015-11-13,3.058000087738037
2015-11-16,3.072000026702881
2015-11-17,3.046999931335449
2015-11-18,3.0409998893737793
2015-11-19,3.003000020980835
2015-11-20,3.0179998874664307
2015-11-23,3.006999969482422
2015-11-24,3.00600004196167
2015-11-25,2.994999885559082
2015-11-27,3.000999927520752
2015-11-30,2.990000009536743
2015-12-01,2.9179999828338623
2015-12-02,2.9070000648498535
2015-12-03,3.075000047683716
2015-12-04,3.009999990463257
2015-12-07,2.9509999752044678
2015-12-08,2.9749999046325684
2015-12-09,2.9590001106262207
2015-12-10,2.9749999046325684
2015-12-11,2.878999948501587
2015-12-14,2.9619998931884766
2015-12-15,2.993000030517578
2015-12-16,3.003000020980835
2015-12-17,2.936000108718872
2015-12-18,2.9100000858306885
2015-12-21,2.9260001182556152
2015-12-22,2.9639999866485596
2015-12-23,2.997999906539917
2015-12-24,2.9639999866485596
2015-12-28,2.940000057220459
2015-12-29,3.0409998893737793
2015-12-30,3.0420000553131104
2015-12-31,3.015000104904175
2016-01-04,2.990000009536743
2016-01-05,3.010999917984009
2016-01-06,2.940000057220459
2016-01-07,2.9260001182556152
2016-01-08,2.9200000762939453
2016-01-11,2.9560000896453857
2016-01-12,2.881999969482422
2016-01-13,2.8480000495910645
2016-01-14,2.8919999599456787
2016-01-15,2.812999963760376
2016-01-19,2.803999900817871
2016-01-20,2.756999969482422
2016-01-21,2.796999931335449
2016-01-22,2.819999933242798
2016-01-25,2.802000045776367
2016-01-26,2.7809998989105225
2016-01-27,2.7899999618530273
2016-01-28,2.7909998893737793
2016-01-29,2.757999897003174
2016-02-01,2.7809998989105225
2016-02-02,2.678999900817871
2016-02-03,2.7049999237060547
2016-02-04,2.700000047683716
2016-02-05,2.681999921798706
2016-02-08,2.559999942779541
2016-02-09,2.555000066757202
2016-02-10,2.5290000438690186
2016-02-11,2.503999948501587
2016-02-12,2.6050000190734863
2016-02-16,2.6419999599456787
2016-02-17,2.686000108718872
2016-02-18,2.631999969482422
2016-02-19,2.6050000190734863
2016-02-22,2.61899995803833
2016-02-23,2.5969998836517334
2016-02-24,2.5969998836517334
2016-02-25,2.5739998817443848
2016-02-26,2.635999917984009
2016-02-29,2.615000009536743
2016-03-01,2.703000068664551
2016-03-02,2.691999912261963
2016-03-03,2.6600000858306885
2016-03-04,2.703000068664551
2016-03-07,2.7019999027252197
2016-03-08,2.635999917984009
2016-03-09,2.683000087738037
2016-03-10,2.6989998817443848
2016-03-11,2.747999906539917
2016-03-14,2.7309999465942383
2016-03-15,2.7219998836517334
2016-03-16,2.7360000610351562
2016-03-17,2.694000005722046
2016-03-18,2.6730000972747803
2016-03-21,2.7300000190734863
2016-03-22,2.7190001010894775
2016-03-23,2.6489999294281006
2016-03-24,2.671999931335449
2016-03-28,2.6440000534057617
2016-03-29,2.6110000610351562
2016-03-30,2.6570000648498535
2016-03-31,2.619999885559082
2016-04-01,2.619999885559082
2016-04-04,2.6110000610351562
2016-04-05,2.5490000247955322
2016-04-06,2.5829999446868896
2016-04-07,2.5160000324249268
2016-04-08,2.555999994277954
2016-04-11,2.562000036239624
2016-04-12,2.6070001125335693
2016-04-13,2.5769999027252197
2016-04-14,2.5959999561309814
2016-04-15,2.562000036239624
2016-04-18,2.5859999656677246
2016-04-19,2.5950000286102295
2016-04-20,2.6600000858306885
2016-04-21,2.690999984741211
2016-04-22,2.7039999961853027
2016-04-25,2.7239999771118164
2016-04-26,2.75600004196167
2016-04-27,2.697999954223633
2016-04-28,2.694000005722046
2016-04-29,2.6659998893737793
2016-05-02,2.7179999351501465
2016-05-03,2.6600000858306885
2016-05-04,2.6410000324249268
2016-05-05,2.6059999465942383
2016-05-06,2.628000020980835
2016-05-09,2.621000051498413
2016-05-10,2.615000009536743
2016-05-11,2.5820000171661377
2016-05-12,2.611999988555908
2016-05-13,2.552999973297119
2016-05-16,2.5969998836517334
2016-05-17,2.5869998931884766
2016-05-18,2.684000015258789
2016-05-19,2.634999990463257
2016-05-20,2.6389999389648438
2016-05-23,2.63100004196167
2016-05-24,2.6429998874664307
2016-05-25,2.6700000762939453
2016-05-26,2.628999948501587
2016-05-27,2.6500000953674316
2016-05-31,2.628999948501587
2016-06-01,2.627000093460083
2016-06-02,2.5850000381469727
2016-06-03,2.5169999599456787
2016-06-06,2.5450000762939453
2016-06-07,2.5339999198913574
2016-06-08,2.513000011444092
2016-06-09,2.4809999465942383
2016-06-10,2.447000026702881
2016-06-13,2.434000015258789
2016-06-14,2.424999952316284
2016-06-15,2.4230000972747803
2016-06-16,2.382999897003174
2016-06-17,2.431999921798706
2016-06-20,2.4730000495910645
2016-06-21,2.496999979019165
2016-06-22,2.494999885559082
2016-06-23,2.555999994277954
2016-06-24,2.430000066757202
2016-06-27,2.2790000438690186
2016-06-28,2.2750000953674316
2016-06-29,2.2799999713897705
2016-06-30,2.306999921798706
2016-07-01,2.240999937057495
2016-07-05,2.138000011444092
2016-07-06,2.1519999504089355
2016-07-07,2.140000104904175
2016-07-08,2.109999895095825
2016-07-11,2.1500000953674316
2016-07-12,2.2309999465942383
2016-07-13,2.177000045776367
2016-07-14,2.246999979019165
2016-07-15,2.302000045776367
2016-07-18,2.302000045776367
2016-07-19,2.2739999294281006
2016-07-20,2.296999931335449
2016-07-21,2.3010001182556152
2016-07-22,2.2909998893737793
2016-07-25,2.2869999408721924
2016-07-26,2.2799999713897705
2016-07-27,2.2279999256134033
2016-07-28,2.2290000915527344
2016-07-29,2.181999921798706
2016-08-01,2.2339999675750732
2016-08-02,2.2869999408721924
2016-08-03,2.2929999828338623
2016-08-04,2.255000114440918
2016-08-05,2.309999942779541
2016-08-08,2.2990000247955322
2016-08-09,2.256999969482422
2016-08-10,2.2269999980926514
2016-08-11,2.2850000858306885
2016-08-12,2.234999895095825
2016-08-15,2.2760000228881836
2016-08-16,2.2980000972747803
2016-08-17,2.2730000019073486
2016-08-18,2.259000062942505
2016-08-19,2.2850000858306885
2016-08-22,2.2360000610351562
2016-08-23,2.2360000610351562
2016-08-24,2.243000030517578
2016-08-25,2.2639999389648438
2016-08-26,2.2960000038146973
2016-08-29,2.2160000801086426
2016-08-30,2.2339999675750732
2016-08-31,2.2309999465942383
2016-09-01,2.2300000190734863
2016-09-02,2.2709999084472656
2016-09-06,2.240000009536743
2016-09-07,2.236999988555908
2016-09-08,2.322999954223633
2016-09-09,2.390000104904175
2016-09-12,2.3949999809265137
2016-09-13,2.4709999561309814
2016-09-14,2.444000005722046
2016-09-15,2.4730000495910645
2016-09-16,2.4509999752044678
2016-09-19,2.444000005722046
2016-09-20,2.428999900817871
2016-09-21,2.3980000019073486
2016-09-22,2.3540000915527344
2016-09-23,2.3399999141693115
2016-09-26,2.3259999752044678
2016-09-27,2.2790000438690186
2016-09-28,2.2880001068115234
2016-09-29,2.2750000953674316
2016-09-30,2.3359999656677246
2016-10-03,2.3350000381469727
2016-10-04,2.4059998989105225
2016-10-05,2.436000108718872
2016-10-06,2.4600000381469727
2016-10-07,2.4679999351501465
2016-10-10,2.4549999237060547
2016-10-11,2.493000030517578
2016-10-12,2.507999897003174
2016-10-13,2.4739999771118164
2016-10-14,2.555000066757202
2016-10-17,2.5230000019073486
2016-10-18,2.51200008392334
2016-10-19,2.5160000324249268
2016-10-20,2.499000072479248
2016-10-21,2.492000102996826
2016-10-24,2.5160000324249268
2016-10-25,2.500999927520752
2016-10-26,2.5360000133514404
2016-10-27,2.6010000705718994
2016-10-28,2.615999937057495
2016-10-31,2.5889999866485596
2016-11-01,2.571000099182129
2016-11-02,2.562999963760376
2016-11-03,2.5999999046325684
2016-11-04,2.571000099182129
2016-11-07,2.6019999980926514
2016-11-08,2.625999927520752
2016-11-09,2.881999969482422
2016-11-10,2.927999973297119
2016-11-14,2.9820001125335693
2016-11-15,2.9730000495910645
2016-11-16,2.9260001182556152
2016-11-17,2.9860000610351562
2016-11-18,3.0160000324249268
2016-11-21,3.013000011444092
2016-11-22,3.009000062942505
2016-11-23,3.0230000019073486
2016-11-25,3.0220000743865967
2016-11-28,2.9830000400543213
2016-11-29,2.950000047683716
2016-11-30,3.0169999599456787
2016-12-01,3.0950000286102295
2016-12-02,3.061000108718872
2016-12-05,3.055999994277954
2016-12-06,3.0820000171661377
2016-12-07,3.0290000438690186
2016-12-08,3.0850000381469727
2016-12-09,3.1540000438690186
2016-12-12,3.1619999408721924
2016-12-13,3.1470000743865967
2016-12-14,3.1489999294281006
2016-12-15,3.1449999809265137
2016-12-16,3.184000015258789
2016-12-19,3.121000051498413
2016-12-20,3.1510000228881836
2016-12-21,3.125
2016-12-22,3.130000114440918
2016-12-23,3.115999937057495
2016-12-27,3.1389999389648438
2016-12-28,3.0840001106262207
2016-12-29,3.0840001106262207
2016-12-30,3.062999963760376
2017-01-03,3.046999931335449
2017-01-04,3.0450000762939453
2017-01-05,2.9619998931884766
2017-01-06,3.003999948501587
2017-01-09,2.9679999351501465
2017-01-10,2.9700000286102295
2017-01-11,2.9570000171661377
2017-01-12,2.9600000381469727
2017-01-13,2.9769999980926514
2017-01-17,2.927000045776367
2017-01-18,2.984999895095825
2017-01-19,3.0320000648498535
2017-01-20,3.0460000038146973
2017-01-23,2.990999937057495
2017-01-24,3.055999994277954
2017-01-25,3.1080000400543213
2017-01-26,3.0910000801086426
2017-01-27,3.059000015258789
2017-01-30,3.0769999027252197
2017-01-31,3.0510001182556152
2017-02-01,3.0810000896453857
2017-02-02,3.0829999446868896
2017-02-03,3.114000082015991
2017-02-06,3.0480000972747803
2017-02-07,3.0190000534057617
2017-02-08,2.9609999656677246
2017-02-09,3.010999917984009
2017-02-10,3.01200008392334
2017-02-13,3.0339999198913574
2017-02-14,3.062000036239624
2017-02-15,3.0910000801086426
2017-02-16,3.0510001182556152
2017-02-17,3.0309998989105225
2017-02-21,3.0369999408721924
2017-02-22,3.0369999408721924
2017-02-23,3.0230000019073486
2017-02-24,2.9549999237060547
2017-02-27,2.9860000610351562
2017-02-28,2.9679999351501465
2017-03-01,3.071000099182129
2017-03-02,3.0820000171661377
2017-03-03,3.0840001106262207
2017-03-06,3.0980000495910645
2017-03-07,3.109999895095825
2017-03-08,3.1459999084472656
2017-03-09,3.183000087738037
2017-03-10,3.1689999103546143
2017-03-13,3.191999912261963
2017-03-14,3.171999931335449
2017-03-15,3.1059999465942383
2017-03-16,3.134999990463257
2017-03-17,3.11299991607666
2017-03-20,3.0899999141693115
2017-03-21,3.049999952316284
2017-03-22,3.010999917984009
2017-03-23,3.0260000228881836
2017-03-24,3.002000093460083
2017-03-27,2.9790000915527344
2017-03-28,3.013000011444092
2017-03-29,2.992000102996826
2017-03-30,3.0250000953674316
2017-03-31,3.0179998874664307
2017-04-03,2.984999895095825
2017-04-04,2.993000030517578
2017-04-05,3.00600004196167
2017-04-06,2.986999988555908
2017-04-07,2.997999906539917
2017-04-10,2.986999988555908
2017-04-11,2.928999900817871
2017-04-12,2.930000066757202
2017-04-13,2.888000011444092
2017-04-17,2.9130001068115234
2017-04-18,2.8420000076293945
2017-04-19,2.8610000610351562
2017-04-20,2.8910000324249268
2017-04-21,2.8949999809265137
2017-04-24,2.927000045776367
2017-04-25,2.9790000915527344
2017-04-26,2.9709999561309814
2017-04-27,2.9649999141693115
2017-04-28,2.9519999027252197
2017-05-01,3.010999917984009
2017-05-02,2.9820001125335693
2017-05-03,2.9549999237060547
2017-05-04,2.999000072479248
2017-05-05,2.989000082015991
2017-05-08,3.0139999389648438
2017-05-09,3.0380001068115234
2017-05-10,3.0409998893737793
2017-05-11,3.0380001068115234
2017-05-12,2.99399995803833
2017-05-15,3.00600004196167
2017-05-16,2.992000102996826
2017-05-17,2.8970000743865967
2017-05-18,2.9049999713897705
2017-05-19,2.9049999713897705
2017-05-22,2.9149999618530273
2017-05-23,2.944999933242798
2017-05-24,2.934999942779541
2017-05-25,2.921999931335449
2017-05-26,2.9159998893737793
2017-05-30,2.885999917984009
2017-05-31,2.8570001125335693
2017-06-01,2.869999885559082
2017-06-02,2.812999963760376
2017-06-05,2.8410000801086426
2017-06-06,2.809999942779541
2017-06-07,2.8369998931884766
2017-06-08,2.8550000190734863
2017-06-09,2.8540000915527344
2017-06-12,2.868000030517578
2017-06-13,2.86299991607666
2017-06-14,2.7829999923706055
2017-06-15,2.7850000858306885
2017-06-16,2.7820000648498535
2017-06-19,2.7880001068115234
2017-06-20,2.734999895095825
2017-06-21,2.7239999771118164
2017-06-22,2.7239999771118164
2017-06-23,2.7139999866485596
2017-06-26,2.696000099182129
2017-06-27,2.74399995803833
2017-06-28,2.7739999294281006
2017-06-29,2.813999891281128
2017-06-30,2.8399999141693115
2017-07-03,2.861999988555908
2017-07-05,2.8550000190734863
2017-07-06,2.9030001163482666
2017-07-07,2.934999942779541
2017-07-10,2.9230000972747803
2017-07-11,2.9230000972747803
2017-07-12,2.8949999809265137
2017-07-13,2.9230000972747803
2017-07-14,2.9100000858306885
2017-07-17,2.8929998874664307
2017-07-18,2.8510000705718994
2017-07-19,2.8450000286102295
2017-07-20,2.8369998931884766
2017-07-21,2.802000045776367
2017-07-24,2.8329999446868896
2017-07-25,2.9100000858306885
2017-07-26,2.8910000324249268
2017-07-27,2.927999973297119
2017-07-28,2.8919999599456787
2017-07-31,2.8980000019073486
2017-08-01,2.8510000705718994
2017-08-02,2.8450000286102295
2017-08-03,2.805999994277954
2017-08-04,2.8440001010894775
2017-08-07,2.8369998931884766
2017-08-08,2.867000102996826
2017-08-09,2.816999912261963
2017-08-10,2.7869999408721924
2017-08-11,2.7869999408721924
2017-08-14,2.805000066757202
2017-08-15,2.8410000801086426
2017-08-16,2.808000087738037
2017-08-17,2.7820000648498535
2017-08-18,2.7769999504089355
2017-08-21,2.763000011444092
2017-08-22,2.7890000343322754
2017-08-23,2.749000072479248
2017-08-24,2.7690000534057617
2017-08-25,2.750999927520752
2017-08-28,2.752000093460083
2017-08-29,2.747999906539917
2017-08-30,2.747999906539917
2017-08-31,2.7249999046325684
2017-09-01,2.7679998874664307
2017-09-05,2.687999963760376
2017-09-06,2.7239999771118164
2017-09-07,2.677000045776367
2017-09-08,2.678999900817871
2017-09-11,2.73799991607666
2017-09-12,2.7750000953674316
2017-09-13,2.7950000762939453
2017-09-14,2.7809998989105225
2017-09-15,2.7720000743865967
2017-09-18,2.802999973297119
2017-09-19,2.812999963760376
2017-09-20,2.821000099182129
2017-09-21,2.808000087738037
2017-09-22,2.7960000038146973
2017-09-25,2.759999990463257
2017-09-26,2.7699999809265137
2017-09-27,2.86299991607666
2017-09-28,2.86899995803833
2017-09-29,2.8570001125335693
2017-10-02,2.865000009536743
2017-10-03,2.874000072479248
2017-10-04,2.877000093460083
2017-10-05,2.8929998874664307
2017-10-06,2.9059998989105225
2017-10-09,2.8940000534057617
2017-10-10,2.88100004196167
2017-10-11,2.875
2017-10-12,2.8529999256134033
2017-10-13,2.812000036239624
2017-10-16,2.822000026702881
2017-10-17,2.802999973297119
2017-10-18,2.8499999046325684
2017-10-19,2.8289999961853027
2017-10-20,2.8940000534057617
2017-10-23,2.890000104904175
2017-10-24,2.921999931335449
2017-10-25,2.9549999237060547
2017-10-26,2.9600000381469727
2017-10-27,2.936000108718872
2017-10-30,2.880000114440918
2017-10-31,2.875
2017-11-01,2.861999988555908
2017-11-02,2.8289999961853027
2017-11-03,2.822000026702881
2017-11-06,2.796999931335449
2017-11-07,2.7690000534057617
2017-11-08,2.7839999198913574
2017-11-09,2.805999994277954
2017-11-10,2.880000114440918
2017-11-13,2.86899995803833
2017-11-14,2.8389999866485596
2017-11-15,2.7809998989105225
2017-11-16,2.805999994277954
2017-11-17,2.7929999828338623
2017-11-20,2.7929999828338623
2017-11-21,2.763000011444092
2017-11-22,2.746000051498413
2017-11-24,2.76200008392334
2017-11-27,2.765000104904175
2017-11-28,2.7660000324249268
2017-11-29,2.816999912261963
2017-11-30,2.8320000171661377
2017-12-01,2.757999897003174
2017-12-04,2.7690000534057617
2017-12-05,2.7320001125335693
2017-12-06,2.7190001010894775
2017-12-07,2.7750000953674316
2017-12-08,2.7750000953674316
2017-12-11,2.7709999084472656
2017-12-12,2.7809998989105225
2017-12-13,2.7339999675750732
2017-12-14,2.7100000381469727
2017-12-15,2.688999891281128
2017-12-18,2.74399995803833
2017-12-19,2.821000099182129
2017-12-20,2.875999927520752
2017-12-21,2.8320000171661377
2017-12-22,2.8329999446868896
2017-12-26,2.812999963760376
2017-12-27,2.747999906539917
2017-12-28,2.75600004196167
2017-12-29,2.739000082015991
2018-01-02,2.811000108718872
2018-01-03,2.7850000858306885
2018-01-04,2.7860000133514404
2018-01-05,2.811000108718872
2018-01-08,2.813999891281128
2018-01-09,2.88700008392334
2018-01-10,2.8910000324249268
2018-01-11,2.865000009536743
2018-01-12,2.8529999256134033
2018-01-16,2.8359999656677246
2018-01-17,2.8480000495910645
2018-01-18,2.888000011444092
2018-01-19,2.9119999408721924
2018-01-22,2.927999973297119
2018-01-23,2.9019999504089355
2018-01-24,2.937999963760376
2018-01-25,2.88100004196167
2018-01-26,2.9119999408721924
2018-01-29,2.943000078201294
2018-01-30,2.9800000190734863
2018-01-31,2.941999912261963
2018-02-01,3.005000114440918
2018-02-02,3.0969998836517334
2018-02-05,3.066999912261963
2018-02-06,3.0439999103546143
2018-02-07,3.117000102996826
2018-02-08,3.13700008392334
2018-02-09,3.135999917984009
2018-02-12,3.13700008392334
2018-02-13,3.128000020980835
2018-02-14,3.177000045776367
2018-02-15,3.1419999599456787
2018-02-16,3.135999917984009
2018-02-20,3.1549999713897705
2018-02-21,3.2200000286102295
2018-02-22,3.2060000896453857
2018-02-23,3.1600000858306885
2018-02-26,3.1549999713897705
2018-02-27,3.1740000247955322
2018-02-28,3.127000093460083
2018-03-01,3.0880000591278076
2018-03-02,3.13100004196167
2018-03-05,3.1510000228881836
2018-03-06,3.135999917984009
2018-03-07,3.1519999504089355
2018-03-08,3.132999897003174
2018-03-09,3.1589999198913574
2018-03-12,3.128999948501587
2018-03-13,3.1010000705718994
2018-03-14,3.058000087738037
2018-03-15,3.061000108718872
2018-03-16,3.0799999237060547
2018-03-19,3.0789999961853027
2018-03-20,3.109999895095825
2018-03-21,3.128999948501587
2018-03-22,3.069000005722046
2018-03-23,3.0759999752044678
2018-03-26,3.071000099182129
2018-03-27,3.0290000438690186
2018-03-28,3.0139999389648438
2018-03-29,2.9719998836517334
2018-04-02,2.9700000286102295
2018-04-03,3.0179998874664307
2018-04-04,3.0280001163482666
2018-04-05,3.072999954223633
2018-04-06,3.0179998874664307
2018-04-09,3.0179998874664307
2018-04-10,3.0169999599456787
2018-04-11,3.00600004196167
2018-04-12,3.0399999618530273
2018-04-13,3.0360000133514404
2018-04-16,3.0299999713897705
2018-04-17,2.999000072479248
2018-04-18,3.0460000038146973
2018-04-19,3.1050000190734863
2018-04-20,3.1419999599456787
2018-04-23,3.1440000534057617
2018-04-24,3.1679999828338623
2018-04-25,3.2090001106262207
2018-04-26,3.174999952316284
2018-04-27,3.125
2018-04-30,3.0969998836517334
2018-05-01,3.13700008392334
2018-05-02,3.134999990463257
2018-05-03,3.121000051498413
2018-05-04,3.115000009536743
2018-05-07,3.119999885559082
2018-05-08,3.125
2018-05-09,3.1549999713897705
2018-05-10,3.121000051498413
2018-05-11,3.1110000610351562
2018-05-14,3.128999948501587
2018-05-15,3.2090001106262207
2018-05-16,3.2160000801086426
2018-05-17,3.246000051498413
2018-05-18,3.2100000381469727
2018-05-21,3.2070000171661377
2018-05-22,3.2090001106262207
2018-05-23,3.1689999103546143
2018-05-24,3.13100004196167
2018-05-25,3.0899999141693115
2018-05-29,2.9679999351501465
2018-05-30,3.0139999389648438
2018-05-31,2.9860000610351562
2018-06-01,3.0460000038146973
2018-06-04,3.0840001106262207
2018-06-05,3.075000047683716
2018-06-06,3.130000114440918
2018-06-07,3.0799999237060547
2018-06-08,3.0820000171661377
2018-06-11,3.0980000495910645
2018-06-12,3.0920000076293945
2018-06-13,3.1010000705718994
2018-06-14,3.066999912261963
2018-06-15,3.046999931335449
2018-06-18,3.055000066757202
2018-06-19,3.0280001163482666
2018-06-20,3.062999963760376
2018-06-21,3.0429999828338623
2018-06-22,3.0450000762939453
2018-06-25,3.0239999294281006
2018-06-26,3.0280001163482666
2018-06-27,2.9709999561309814
2018-06-28,2.9779999256134033
2018-06-29,2.9830000400543213
2018-07-02,2.990000009536743
2018-07-03,2.9660000801086426
2018-07-05,2.953000068664551
2018-07-06,2.940999984741211
2018-07-09,2.9660000801086426
2018-07-10,2.9709999561309814
2018-07-11,2.944999933242798
2018-07-12,2.950000047683716
2018-07-13,2.933000087738037
2018-07-16,2.9670000076293945
2018-07-17,2.9709999561309814
2018-07-18,2.989000082015991
2018-07-19,2.9670000076293945
2018-07-20,3.0309998989105225
2018-07-23,3.1040000915527344
2018-07-24,3.0759999752044678
2018-07-25,3.063999891281128
2018-07-26,3.0999999046325684
2018-07-27,3.0880000591278076
2018-07-30,3.1059999465942383
2018-07-31,3.0829999446868896
2018-08-01,3.127000093460083
2018-08-02,3.119999885559082
2018-08-03,3.0929999351501465
2018-08-06,3.0820000171661377
2018-08-07,3.118000030517578
2018-08-08,3.118000030517578
2018-08-09,3.0820000171661377
2018-08-10,3.0160000324249268
2018-08-13,3.0460000038146973
2018-08-14,3.062000036239624
2018-08-15,3.0239999294281006
2018-08-16,3.0320000648498535
2018-08-17,3.0290000438690186
2018-08-20,2.9830000400543213
2018-08-21,3.000999927520752
2018-08-22,2.9860000610351562
2018-08-23,2.9730000495910645
2018-08-24,2.9749999046325684
2018-08-27,2.996999979019165
2018-08-28,3.0339999198913574
2018-08-29,3.0209999084472656
2018-08-30,3.00600004196167
2018-08-31,3.009999990463257
2018-09-04,3.069000005722046
2018-09-05,3.0739998817443848
2018-09-06,3.053999900817871
2018-09-07,3.1029999256134033
2018-09-10,3.0880000591278076
2018-09-11,3.124000072479248
2018-09-12,3.1059999465942383
2018-09-13,3.1010000705718994
2018-09-14,3.131999969482422
2018-09-17,3.138000011444092
2018-09-18,3.194999933242798
2018-09-19,3.236999988555908
2018-09-20,3.2149999141693115
2018-09-21,3.2049999237060547
2018-09-24,3.2100000381469727
2018-09-25,3.2330000400543213
2018-09-26,3.190999984741211
2018-09-27,3.183000087738037
2018-09-28,3.197000026702881
2018-10-01,3.2320001125335693
2018-10-02,3.2070000171661377
2018-10-03,3.319000005722046
2018-10-04,3.3550000190734863
2018-10-05,3.3949999809265137
2018-10-08,3.4049999713897705
2018-10-09,3.369999885559082
2018-10-10,3.3980000019073486
2018-10-11,3.306999921798706
2018-10-12,3.315999984741211
2018-10-15,3.3410000801086426
2018-10-16,3.3299999237060547
2018-10-17,3.3459999561309814
2018-10-18,3.3589999675750732
2018-10-19,3.384000062942505
2018-10-22,3.382999897003174
2018-10-23,3.364000082015991
2018-10-24,3.3459999561309814
2018-10-25,3.3459999561309814
2018-10-26,3.316999912261963
2018-10-29,3.3289999961853027
2018-10-30,3.3559999465942383
2018-10-31,3.4019999504089355
2018-11-01,3.38700008392334
2018-11-02,3.453000068664551
2018-11-05,3.431999921798706
2018-11-06,3.4260001182556152
2018-11-07,3.424999952316284
2018-11-08,3.427000045776367
2018-11-09,3.3919999599456787
2018-11-12,3.38700008392334
2018-11-13,3.367000102996826
2018-11-14,3.3540000915527344
2018-11-15,3.368000030517578
2018-11-16,3.3269999027252197
2018-11-19,3.315999984741211
2018-11-20,3.305000066757202
2018-11-21,3.311000108718872
2018-11-23,3.309999942779541
2018-11-26,3.319999933242798
2018-11-27,3.319000005722046
2018-11-28,3.3289999961853027
2018-11-29,3.328000068664551
2018-11-30,3.311000108718872
2018-12-03,3.2780001163482666
2018-12-04,3.177999973297119
2018-12-06,3.135999917984009
2018-12-07,3.1429998874664307
2018-12-10,3.128999948501587
2018-12-11,3.128999948501587
2018-12-12,3.1480000019073486
2018-12-13,3.1630001068115234
2018-12-14,3.1429998874664307
2018-12-17,3.114000082015991
2018-12-18,3.0789999961853027
2018-12-19,3.015000104904175
2018-12-20,3.01200008392334
2018-12-21,3.0280001163482666
2018-12-24,3.003000020980835
2018-12-26,3.0480000972747803
2018-12-27,3.0299999713897705
2018-12-28,3.0420000553131104
2018-12-31,3.0199999809265137
2019-01-02,2.9820001125335693
2019-01-03,2.9000000953674316
2019-01-04,2.9739999771118164
2019-01-07,2.9779999256134033
2019-01-08,2.993000030517578
2019-01-09,3.0239999294281006
2019-01-10,3.0510001182556152
2019-01-11,3.0369999408721924
2019-01-14,3.059999942779541
2019-01-15,3.071000099182129
2019-01-16,3.0769999027252197
2019-01-17,3.0769999027252197
2019-01-18,3.0980000495910645
2019-01-22,3.053999900817871
2019-01-23,3.069000005722046
2019-01-24,3.0329999923706055
2019-01-25,3.062000036239624
2019-01-28,3.061000108718872
2019-01-29,3.0409998893737793
2019-01-30,3.052999973297119
2019-01-31,3.005000114440918
2019-02-01,3.0320000648498535
2019-02-04,3.059999942779541
2019-02-05,3.0350000858306885
2019-02-06,3.0380001068115234
2019-02-07,2.993000030517578
2019-02-08,2.9760000705718994
2019-02-11,2.999000072479248
2019-02-12,3.0220000743865967
2019-02-13,3.0339999198913574
2019-02-14,3.006999969482422
2019-02-15,2.996999979019165
2019-02-19,2.990999937057495
2019-02-20,3.0
2019-02-21,3.0450000762939453
2019-02-22,3.0199999809265137
2019-02-25,3.0339999198913574
2019-02-26,3.00600004196167
2019-02-27,3.069000005722046
2019-02-28,3.0829999446868896
2019-03-01,3.124000072479248
2019-03-04,3.0899999141693115
2019-03-05,3.0869998931884766
2019-03-06,3.071000099182129
2019-03-07,3.0250000953674316
2019-03-08,3.009000062942505
2019-03-11,3.0329999923706055
2019-03-12,2.98799991607666
2019-03-13,3.009999990463257
2019-03-14,3.0450000762939453
2019-03-15,3.0199999809265137
2019-03-18,3.010999917984009
2019-03-19,3.0280001163482666
2019-03-20,2.9749999046325684
2019-03-21,2.9639999866485596
2019-03-22,2.8889999389648438
2019-03-25,2.867000102996826
2019-03-26,2.867000102996826
2019-03-27,2.821000099182129
2019-03-28,2.811000108718872
2019-03-29,2.822000026702881
2019-04-01,2.890000104904175
2019-04-02,2.888000011444092
2019-04-03,2.928999900817871
2019-04-04,2.921999931335449
2019-04-05,2.9089999198913574
2019-04-08,2.924999952316284
2019-04-09,2.9110000133514404
2019-04-10,2.9040000438690186
2019-04-11,2.937999963760376
2019-04-12,2.9709999561309814
2019-04-15,2.9630000591278076
2019-04-16,2.993000030517578
2019-04-17,2.990999937057495
2019-04-18,2.9590001106262207
2019-04-22,2.99399995803833
2019-04-23,2.9809999465942383
2019-04-24,2.940999984741211
2019-04-25,2.947000026702881
2019-04-26,2.927000045776367
2019-04-29,2.9649999141693115
2019-04-30,2.940000057220459
2019-05-01,2.9170000553131104
2019-05-02,2.943000078201294
2019-05-03,2.9260001182556152
2019-05-06,2.9070000648498535
2019-05-07,2.861999988555908
2019-05-08,2.8889999389648438
2019-05-09,2.877000093460083
2019-05-10,2.872999906539917
2019-05-13,2.8380000591278076
2019-05-14,2.8519999980926514
2019-05-15,2.822999954223633
2019-05-16,2.8399999141693115
2019-05-17,2.8239998817443848
2019-05-20,2.8350000381469727
2019-05-21,2.8420000076293945
2019-05-22,2.818000078201294
2019-05-23,2.7320001125335693
2019-05-24,2.752000093460083
2019-05-28,2.7070000171661377
2019-05-29,2.6730000972747803
2019-05-30,2.6540000438690186
2019-05-31,2.5829999446868896
2019-06-03,2.5480000972747803
2019-06-04,2.6029999256134033
2019-06-05,2.632999897003174
2019-06-06,2.621999979019165
2019-06-07,2.571000099182129
2019-06-10,2.621999979019165
2019-06-11,2.617000102996826
2019-06-12,2.622999906539917
2019-06-13,2.6010000705718994
2019-06-14,2.5920000076293945
2019-06-17,2.5769999027252197
2019-06-18,2.552000045776367
2019-06-19,2.5399999618530273
2019-06-20,2.5269999504089355
2019-06-21,2.5920000076293945
2019-06-24,2.549999952316284
2019-06-25,2.5260000228881836
2019-06-26,2.565000057220459
2019-06-27,2.5239999294281006
2019-06-28,2.5280001163482666
2019-07-01,2.559000015258789
2019-07-02,2.506999969482422
2019-07-03,2.4700000286102295
2019-07-05,2.5490000247955322
2019-07-08,2.5199999809265137
2019-07-09,2.5309998989105225
2019-07-10,2.571000099182129
2019-07-11,2.6410000324249268
2019-07-12,2.632999897003174
2019-07-15,2.611999988555908
2019-07-16,2.631999969482422
2019-07-17,2.572999954223633
2019-07-18,2.568000078201294
2019-07-19,2.578000068664551
2019-07-22,2.569999933242798
2019-07-23,2.6080000400543213
2019-07-24,2.578000068664551
2019-07-25,2.6029999256134033
2019-07-26,2.6010000705718994
2019-07-29,2.5829999446868896
2019-07-30,2.5859999656677246
2019-07-31,2.5269999504089355
2019-08-01,2.440999984741211
2019-08-02,2.3910000324249268
2019-08-05,2.2950000762939453
2019-08-06,2.2690000534057617
2019-08-07,2.197000026702881
2019-08-08,2.2320001125335693
2019-08-09,2.247999906539917
2019-08-12,2.130000114440918
2019-08-13,2.13700008392334
2019-08-14,2.0250000953674316
2019-08-15,1.9800000190734863
2019-08-16,2.0
2019-08-19,2.0850000381469727
2019-08-20,2.0439999103546143
2019-08-21,2.052999973297119
2019-08-22,2.1019999980926514
2019-08-23,2.0250000953674316
2019-08-26,2.0399999618530273
2019-08-27,1.968999981880188
2019-08-28,1.937999963760376
2019-08-29,1.9789999723434448
2019-08-30,1.9700000286102295
2019-09-03,1.9490000009536743
2019-09-04,1.9559999704360962
2019-09-05,2.053999900817871
2019-09-06,2.0199999809265137
2019-09-09,2.0980000495910645
2019-09-10,2.181999921798706
2019-09-11,2.2079999446868896
2019-09-12,2.2639999389648438
2019-09-13,2.378000020980835
2019-09-16,2.308000087738037
2019-09-17,2.2799999713897705
2019-09-18,2.2360000610351562
2019-09-19,2.2130000591278076
2019-09-20,2.1989998817443848
2019-09-23,2.1540000438690186
2019-09-24,2.0950000286102295
2019-09-25,2.184000015258789
2019-09-26,2.128000020980835
2019-09-27,2.124000072479248
2019-09-30,2.121000051498413
2019-10-01,2.1050000190734863
2019-10-02,2.0859999656677246
2019-10-03,2.0380001068115234
2019-10-04,2.015000104904175
2019-10-07,2.0450000762939453
2019-10-08,2.0409998893737793
2019-10-09,2.0869998931884766
2019-10-10,2.1519999504089355
2019-10-11,2.2149999141693115
2019-10-14,2.197000026702881
2019-10-15,2.2330000400543213
2019-10-16,2.2330000400543213
2019-10-17,2.243000030517578
2019-10-18,2.246000051498413
2019-10-21,2.2839999198913574
2019-10-22,2.250999927520752
2019-10-23,2.250999927520752
2019-10-24,2.259000062942505
2019-10-25,2.2920000553131104
2019-10-28,2.3480000495910645
2019-10-29,2.3299999237060547
2019-10-30,2.2720000743865967
2019-10-31,2.1760001182556152
2019-11-01,2.2119998931884766
2019-11-04,2.2730000019073486
2019-11-05,2.3480000495910645
2019-11-06,2.296999931335449
2019-11-07,2.4030001163482666
2019-11-08,2.4170000553131104
2019-11-11,2.427000045776367
2019-11-12,2.384000062942505
2019-11-13,2.3510000705718994
2019-11-14,2.296999931335449
2019-11-15,2.311000108718872
2019-11-18,2.2929999828338623
2019-11-19,2.255000114440918
2019-11-20,2.203000068664551
2019-11-21,2.2309999465942383
2019-11-22,2.2230000495910645
2019-11-25,2.2070000171661377
2019-11-26,2.177999973297119
2019-11-27,2.193000078201294
2019-11-29,2.2019999027252197
2019-12-02,2.2850000858306885
2019-12-03,2.1600000858306885
2019-12-04,2.2290000915527344
2019-12-05,2.246999979019165
2019-12-06,2.2839999198913574
2019-12-09,2.2639999389648438
2019-12-10,2.253000020980835
2019-12-11,2.2200000286102295
2019-12-12,2.318000078201294
2019-12-13,2.25
2019-12-16,2.309999942779541
2019-12-17,2.315999984741211
2019-12-18,2.3510000705718994
2019-12-19,2.3440001010894775
2019-12-20,2.3459999561309814
2019-12-23,2.36299991607666
2019-12-24,2.3389999866485596
2019-12-26,2.3369998931884766
2019-12-27,2.311000108718872
2019-12-30,2.3429999351501465
2019-12-31,2.3889999389648438
2020-01-02,2.3410000801086426
2020-01-03,2.249000072479248
2020-01-06,2.2809998989105225
2020-01-07,2.305000066757202
2020-01-08,2.3580000400543213
2020-01-09,2.3299999237060547
2020-01-10,2.2839999198913574
2020-01-13,2.306999921798706
2020-01-14,2.2750000953674316
2020-01-15,2.242000102996826
2020-01-16,2.260999917984009
2020-01-17,2.2960000038146973
2020-01-21,2.2309999465942383
2020-01-22,2.2179999351501465
2020-01-23,2.181999921798706
2020-01-24,2.128000020980835
2020-01-27,2.055000066757202
2020-01-28,2.0950000286102295
2020-01-29,2.052999973297119
2020-01-30,2.0280001163482666
2020-01-31,2.015000104904175
2020-02-03,1.996999979019165
2020-02-04,2.0810000896453857
2020-02-05,2.132999897003174
2020-02-06,2.114000082015991
2020-02-07,2.0420000553131104
2020-02-10,2.0199999809265137
2020-02-11,2.0510001182556152
2020-02-12,2.0910000801086426
2020-02-13,2.071000099182129
2020-02-14,2.0429999828338623
2020-02-18,2.00600004196167
2020-02-19,2.0160000324249268
2020-02-20,1.972000002861023
2020-02-21,1.9179999828338623
2020-02-24,1.8370000123977661
2020-02-25,1.8040000200271606
2020-02-26,1.7960000038146973
2020-02-27,1.784000039100647
2020-02-28,1.6710000038146973
2020-03-02,1.6460000276565552
2020-03-03,1.6299999952316284
2020-03-04,1.6349999904632568
2020-03-05,1.5709999799728394
2020-03-06,1.215000033378601
2020-03-09,0.9369999766349792
2020-03-10,1.218999981880188
2020-03-11,1.3079999685287476
2020-03-12,1.406999945640564
2020-03-13,1.5520000457763672
2020-03-16,1.3339999914169312
2020-03-17,1.5820000171661377
2020-03-18,1.8969999551773071
2020-03-19,1.7400000095367432
2020-03-20,1.555999994277954
2020-03-23,1.343999981880188
2020-03-24,1.36899995803833
2020-03-25,1.4229999780654907
2020-03-26,1.3949999809265137
2020-03-27,1.3370000123977661
2020-03-30,1.281999945640564
2020-03-31,1.3509999513626099
2020-04-01,1.2890000343322754
2020-04-02,1.2699999809265137
2020-04-03,1.2139999866485596
2020-04-06,1.284000039100647
2020-04-07,1.3320000171661377
2020-04-08,1.3639999628067017
2020-04-09,1.3530000448226929
2020-04-13,1.3910000324249268
2020-04-14,1.4119999408721924
2020-04-15,1.274999976158142
2020-04-16,1.2100000381469727
2020-04-17,1.2760000228881836
2020-04-20,1.2369999885559082
2020-04-21,1.1619999408721924
2020-04-22,1.2200000286102295
2020-04-23,1.2039999961853027
2020-04-24,1.1770000457763672
2020-04-27,1.2510000467300415
2020-04-28,1.2059999704360962
2020-04-29,1.2450000047683716
2020-04-30,1.2660000324249268
2020-05-01,1.277999997138977
2020-05-04,1.2970000505447388
2020-05-05,1.3300000429153442
2020-05-06,1.4149999618530273
2020-05-07,1.3220000267028809
2020-05-08,1.3860000371932983
2020-05-11,1.4450000524520874
2020-05-12,1.38100004196167
2020-05-13,1.340999960899353
2020-05-14,1.2960000038146973
2020-05-15,1.319000005722046
2020-05-18,1.4579999446868896
2020-05-19,1.434999942779541
2020-05-20,1.3990000486373901
2020-05-21,1.3990000486373901
2020-05-22,1.371000051498413
2020-05-26,1.4390000104904175
2020-05-27,1.434000015258789
2020-05-28,1.4739999771118164
2020-05-29,1.406999945640564
2020-06-01,1.4550000429153442
2020-06-02,1.4789999723434448
2020-06-03,1.5509999990463257
2020-06-04,1.6239999532699585
2020-06-05,1.6779999732971191
2020-06-08,1.659999966621399
2020-06-09,1.5829999446868896
2020-06-10,1.5199999809265137
2020-06-11,1.4010000228881836
2020-06-12,1.4500000476837158
2020-06-15,1.4479999542236328
2020-06-16,1.5390000343322754
2020-06-17,1.5240000486373901
2020-06-18,1.4609999656677246
2020-06-19,1.4700000286102295
2020-06-22,1.4609999656677246
2020-06-23,1.4889999628067017
2020-06-24,1.4450000524520874
2020-06-25,1.4179999828338623
2020-06-26,1.371999979019165
2020-06-29,1.3910000324249268
2020-06-30,1.409000039100647
2020-07-01,1.4329999685287476
2020-07-02,1.4290000200271606
2020-07-06,1.4429999589920044
2020-07-07,1.3899999856948853
2020-07-08,1.3919999599456787
2020-07-09,1.3079999685287476
2020-07-10,1.3259999752044678
2020-07-13,1.3370000123977661
2020-07-14,1.3020000457763672
2020-07-15,1.3309999704360962
2020-07-16,1.3009999990463257
2020-07-17,1.3289999961853027
2020-07-20,1.319000005722046
2020-07-21,1.312999963760376
2020-07-22,1.2890000343322754
2020-07-23,1.2489999532699585
2020-07-24,1.2389999628067017
2020-07-27,1.2519999742507935
2020-07-28,1.2230000495910645
2020-07-29,1.2419999837875366
2020-07-30,1.1979999542236328
2020-07-31,1.1979999542236328
2020-08-03,1.2450000047683716
2020-08-04,1.190999984741211
2020-08-05,1.218999981880188
2020-08-06,1.2009999752044678
2020-08-07,1.2289999723434448
2020-08-10,1.2480000257492065
2020-08-11,1.3480000495910645
2020-08-12,1.3650000095367432
2020-08-13,1.4259999990463257
2020-08-14,1.4420000314712524
2020-08-17,1.4240000247955322
2020-08-18,1.3980000019073486
2020-08-19,1.4149999618530273
2020-08-20,1.3769999742507935
2020-08-21,1.3530000448226929
2020-08-24,1.350000023841858
2020-08-25,1.3880000114440918
2020-08-26,1.406000018119812
2020-08-27,1.5
2020-08-28,1.5080000162124634
2020-08-31,1.4520000219345093
2020-09-01,1.4249999523162842
2020-09-02,1.375
2020-09-03,1.340999960899353
2020-09-04,1.4700000286102295
2020-09-08,1.4229999780654907
2020-09-09,1.4579999446868896
2020-09-10,1.434000015258789
2020-09-11,1.4170000553131104
2020-09-14,1.409000039100647
2020-09-15,1.4320000410079956
2020-09-16,1.4470000267028809
2020-09-17,1.4290000200271606
2020-09-18,1.4529999494552612
2020-09-21,1.4270000457763672
2020-09-22,1.4140000343322754
2020-09-23,1.4249999523162842
2020-09-24,1.4010000228881836
2020-09-25,1.4049999713897705
2020-09-28,1.4229999780654907
2020-09-29,1.406000018119812
2020-09-30,1.4509999752044678
2020-10-01,1.4539999961853027
2020-10-02,1.4809999465942383
2020-10-05,1.5670000314712524
2020-10-06,1.5360000133514404
2020-10-07,1.5880000591278076
2020-10-08,1.565999984741211
2020-10-09,1.5740000009536743
2020-10-12,1.5740000009536743
2020-10-13,1.5130000114440918
2020-10-14,1.5
2020-10-15,1.5069999694824219
2020-10-16,1.5290000438690186
2020-10-19,1.5479999780654907
2020-10-20,1.6039999723434448
2020-10-21,1.628999948501587
2020-10-22,1.6579999923706055
2020-10-23,1.6449999809265137
2020-10-26,1.593999981880188
2020-10-27,1.5709999799728394
2020-10-28,1.5700000524520874
2020-10-29,1.625
2020-10-30,1.6399999856948853
2020-11-02,1.6239999532699585
2020-11-03,1.6549999713897705
2020-11-04,1.5460000038146973
2020-11-05,1.5440000295639038
2020-11-06,1.5989999771118164
2020-11-09,1.7510000467300415
2020-11-10,1.7599999904632568
2020-11-11,1.7389999628067017
2020-11-12,1.6510000228881836
2020-11-13,1.6480000019073486
2020-11-16,1.659999966621399
2020-11-17,1.6260000467300415
2020-11-18,1.6180000305175781
2020-11-19,1.5779999494552612
2020-11-20,1.531999945640564
2020-11-23,1.562000036239624
2020-11-24,1.6030000448226929
2020-11-25,1.6200000047683716
2020-11-27,1.5740000009536743
2020-11-30,1.5729999542236328
2020-12-01,1.6759999990463257
2020-12-02,1.7039999961853027
2020-12-03,1.6660000085830688
2020-12-04,1.7300000190734863
2020-12-07,1.6859999895095825
2020-12-08,1.659000039100647
2020-12-09,1.6890000104904175
2020-12-10,1.6369999647140503
2020-12-11,1.6260000467300415
2020-12-14,1.628000020980835
2020-12-15,1.6649999618530273
2020-12-16,1.6660000085830688
2020-12-17,1.6759999990463257
2020-12-18,1.7000000476837158
2020-12-21,1.684000015258789
2020-12-22,1.652999997138977
2020-12-23,1.6970000267028809
2020-12-24,1.6640000343322754
2020-12-28,1.6690000295639038
2020-12-29,1.6740000247955322
2020-12-30,1.6619999408721924
2020-12-31,1.6460000276565552
2021-01-04,1.656000018119812
2021-01-05,1.7050000429153442
2021-01-06,1.8209999799728394
2021-01-07,1.8450000286102295
2021-01-08,1.8630000352859497
2021-01-11,1.8760000467300415
2021-01-12,1.8849999904632568
2021-01-13,1.8179999589920044
2021-01-14,1.8739999532699585
2021-01-15,1.8530000448226929
2021-01-19,1.840000033378601
2021-01-20,1.8420000076293945
2021-01-21,1.871999979019165
2021-01-22,1.8569999933242798
2021-01-25,1.7979999780654907
2021-01-26,1.8020000457763672
2021-01-27,1.777999997138977
2021-01-28,1.8200000524520874
2021-01-29,1.8580000400543213
2021-02-01,1.847000002861023
2021-02-02,1.8769999742507935
2021-02-03,1.9119999408721924
2021-02-04,1.9329999685287476
2021-02-05,1.9739999771118164
2021-02-08,1.9429999589920044
2021-02-09,1.9470000267028809
2021-02-10,1.9240000247955322
2021-02-11,1.9470000267028809
2021-02-12,2.003000020980835
2021-02-16,2.0899999141693115
2021-02-17,2.069000005722046
2021-02-18,2.0759999752044678
2021-02-19,2.140000104904175
2021-02-22,2.180000066757202
2021-02-23,2.200000047683716
2021-02-24,2.242000102996826
2021-02-25,2.308000087738037
2021-02-26,2.181999921798706
2021-03-01,2.2200000286102295
2021-03-02,2.2160000801086426
2021-03-03,2.252000093460083
2021-03-04,2.309000015258789
2021-03-05,2.2880001068115234
2021-03-08,2.308000087738037
2021-03-09,2.259000062942505
2021-03-10,2.243000030517578
2021-03-11,2.2809998989105225
2021-03-12,2.4019999504089355
2021-03-15,2.368000030517578
2021-03-16,2.3910000324249268
2021-03-17,2.437000036239624
2021-03-18,2.4760000705718994
2021-03-19,2.4509999752044678
2021-03-22,2.382999897003174
2021-03-23,2.3480000495910645
2021-03-24,2.313999891281128
2021-03-25,2.3340001106262207
2021-03-26,2.367000102996826
2021-03-29,2.4240000247955322
2021-03-30,2.3959999084472656
2021-03-31,2.424999952316284
2021-04-01,2.3399999141693115
2021-04-05,2.36299991607666
2021-04-06,2.315999984741211
2021-04-07,2.3350000381469727
2021-04-08,2.322000026702881
2021-04-09,2.3389999866485596
2021-04-12,2.3469998836517334
2021-04-13,2.306999921798706
2021-04-14,2.325000047683716
2021-04-15,2.2100000381469727
2021-04-16,2.260999917984009
2021-04-19,2.2939999103546143
2021-04-20,2.259000062942505
2021-04-21,2.2639999389648438
2021-04-22,2.239000082015991
2021-04-23,2.250999927520752
2021-04-26,2.24399995803833
2021-04-27,2.2939999103546143
2021-04-28,2.299999952316284
2021-04-29,2.311000108718872
2021-04-30,2.3010001182556152
2021-05-03,2.2880001068115234
2021-05-04,2.2660000324249268
2021-05-05,2.259000062942505
2021-05-06,2.2360000610351562
2021-05-07,2.2769999504089355
2021-05-10,2.319000005722046
2021-05-11,2.3510000705718994
2021-05-12,2.4149999618530273
2021-05-13,2.3959999084472656
2021-05-14,2.3550000190734863
2021-05-17,2.3550000190734863
2021-05-18,2.364000082015991
2021-05-19,2.38700008392334
2021-05-20,2.3420000076293945
2021-05-21,2.3329999446868896
2021-05-24,2.302000045776367
2021-05-25,2.259999990463257
2021-05-26,2.259999990463257
2021-05-27,2.2899999618530273
2021-05-28,2.263000011444092
2021-06-01,2.2960000038146973
2021-06-02,2.2799999713897705
2021-06-03,2.2950000762939453
2021-06-04,2.239000082015991
2021-06-07,2.250999927520752
2021-06-08,2.2090001106262207
2021-06-09,2.1689999103546143
2021-06-10,2.1530001163482666
2021-06-11,2.1519999504089355
2021-06-14,2.190000057220459
2021-06-15,2.1989998817443848
2021-06-16,2.2090001106262207
2021-06-17,2.0999999046325684
2021-06-18,2.0269999504089355
2021-06-21,2.1040000915527344
2021-06-22,2.1050000190734863
2021-06-23,2.111999988555908
2021-06-24,2.0950000286102295
2021-06-25,2.1689999103546143
2021-06-28,2.0980000495910645
2021-06-29,2.0959999561309814
2021-06-30,2.065000057220459
2021-07-01,2.0859999656677246
2021-07-02,2.0450000762939453
2021-07-06,2.003999948501587
2021-07-07,1.944000005722046
2021-07-08,1.909999966621399
2021-07-09,1.9819999933242798
2021-07-12,1.9930000305175781
2021-07-13,2.0380001068115234
2021-07-14,1.9889999628067017
2021-07-15,1.9199999570846558
2021-07-16,1.930999994277954
2021-07-19,1.815000057220459
2021-07-20,1.86899995803833
2021-07-21,1.9299999475479126
2021-07-22,1.9019999504089355
2021-07-23,1.9249999523162842
2021-07-26,1.9259999990463257
2021-07-27,1.8890000581741333
2021-07-28,1.9110000133514404
2021-07-29,1.9160000085830688
2021-07-30,1.8969999551773071
2021-08-02,1.8530000448226929
2021-08-03,1.8519999980926514
2021-08-04,1.840000033378601
2021-08-05,1.8630000352859497
2021-08-06,1.934000015258789
2021-08-09,1.9630000591278076
2021-08-10,1.9839999675750732
2021-08-11,1.996999979019165
2021-08-12,2.013000011444092
2021-08-13,1.9479999542236328
2021-08-16,1.9240000247955322
2021-08-17,1.9190000295639038
2021-08-18,1.9140000343322754
2021-08-19,1.8760000467300415
2021-08-20,1.8739999532699585
2021-08-23,1.871999979019165
2021-08-24,1.906999945640564
2021-08-25,1.9589999914169312
2021-08-26,1.940999984741211
2021-08-27,1.9179999828338623
2021-08-30,1.899999976158142
2021-08-31,1.9270000457763672
2021-09-01,1.9190000295639038
2021-09-02,1.906999945640564
2021-09-03,1.9429999589920044
2021-09-07,1.9839999675750732
2021-09-08,1.9529999494552612
2021-09-09,1.8969999551773071
2021-09-10,1.934000015258789
2021-09-13,1.9049999713897705
2021-09-14,1.850000023841858
2021-09-15,1.86899995803833
2021-09-16,1.88100004196167
2021-09-17,1.909000039100647
2021-09-20,1.8459999561309814
2021-09-21,1.8569999933242798
2021-09-22,1.8509999513626099
2021-09-23,1.9240000247955322
2021-09-24,1.9880000352859497
2021-09-27,1.9950000047683716
2021-09-28,2.069999933242798
2021-09-29,2.0899999141693115
2021-09-30,2.0920000076293945
2021-10-01,2.058000087738037
2021-10-04,2.046999931335449
2021-10-05,2.0980000495910645
2021-10-06,2.0759999752044678
2021-10-07,2.131999969482422
2021-10-08,2.1619999408721924
2021-10-11,2.1659998893737793
2021-10-12,2.1059999465942383
2021-10-13,2.0409998893737793
2021-10-14,2.0250000953674316
2021-10-15,2.0510001182556152
2021-10-18,2.0169999599456787
2021-10-19,2.0880000591278076
2021-10-20,2.1110000610351562
2021-10-21,2.128000020980835
2021-10-22,2.0910000801086426
2021-10-25,2.0850000381469727
2021-10-26,2.0510001182556152
2021-10-27,1.9420000314712524
2021-10-28,1.9630000591278076
2021-10-29,1.9420000314712524
2021-11-01,1.968999981880188
2021-11-02,1.9600000381469727
2021-11-03,1.9859999418258667
2021-11-04,1.9639999866485596
2021-11-05,1.8860000371932983
2021-11-08,1.8869999647140503
2021-11-09,1.8220000267028809
2021-11-10,1.9179999828338623
2021-11-11,1.9160000085830688
2021-11-12,1.9550000429153442
2021-11-15,2.006999969482422
2021-11-16,2.0179998874664307
2021-11-17,1.996000051498413
2021-11-18,1.972000002861023
2021-11-19,1.906999945640564
2021-11-22,1.9780000448226929
2021-11-23,2.0230000019073486
2021-11-24,1.968999981880188
2021-11-26,1.8270000219345093
2021-11-29,1.8799999952316284
2021-11-30,1.7869999408721924
2021-12-01,1.777999997138977
2021-12-02,1.7690000534057617
2021-12-03,1.6779999732971191
2021-12-06,1.7569999694824219
2021-12-07,1.7960000038146973
2021-12-08,1.875
2021-12-09,1.8660000562667847
2021-12-10,1.8839999437332153
2021-12-13,1.812000036239624
2021-12-14,1.8179999589920044
2021-12-15,1.8550000190734863
2021-12-16,1.8609999418258667
2021-12-17,1.8179999589920044
2021-12-20,1.8489999771118164
2021-12-21,1.8969999551773071
2021-12-22,1.8569999933242798
2021-12-23,1.9049999713897705
2021-12-27,1.8860000371932983
2021-12-28,1.902999997138977
2021-12-29,1.9529999494552612
2021-12-30,1.9249999523162842
2021-12-31,1.9049999713897705
2022-01-03,2.0160000324249268
2022-01-04,2.0769999027252197
2022-01-05,2.0880000591278076
2022-01-06,2.0929999351501465
2022-01-07,2.118000030517578
2022-01-10,2.109999895095825
2022-01-11,2.072999954223633
2022-01-12,2.0739998817443848
2022-01-13,2.055000066757202
2022-01-14,2.114000082015991
2022-01-18,2.184000015258789
2022-01-19,2.138000011444092
2022-01-20,2.140000104904175
2022-01-21,2.063999891281128
2022-01-24,2.0829999446868896
2022-01-25,2.128999948501587
2022-01-26,2.1670000553131104
2022-01-27,2.0910000801086426
2022-01-28,2.0829999446868896
2022-01-31,2.0980000495910645
2022-02-01,2.124000072479248
2022-02-02,2.0940001010894775
2022-02-03,2.1449999809265137
2022-02-04,2.2330000400543213
2022-02-07,2.2179999351501465
2022-02-08,2.250999927520752
2022-02-09,2.2320001125335693
2022-02-10,2.309000015258789
2022-02-11,2.256999969482422
2022-02-14,2.3010001182556152
2022-02-15,2.361999988555908
2022-02-16,2.365000009536743
2022-02-17,2.312000036239624
2022-02-18,2.250999927520752
2022-02-22,2.253000020980835
2022-02-23,2.2750000953674316
2022-02-24,2.2929999828338623
2022-02-25,2.2960000038146973
2022-02-28,2.181999921798706
2022-03-01,2.1040000915527344
2022-03-02,2.2330000400543213
2022-03-03,2.2269999980926514
2022-03-04,2.1510000228881836
2022-03-07,2.1519999504089355
2022-03-08,2.24399995803833
2022-03-09,2.302000045776367
2022-03-10,2.3940000534057617
2022-03-11,2.364000082015991
2022-03-14,2.4760000705718994
2022-03-15,2.505000114440918
2022-03-16,2.4590001106262207
2022-03-17,2.484999895095825
2022-03-18,2.4179999828338623
2022-03-21,2.5339999198913574
2022-03-22,2.5929999351501465
2022-03-23,2.5190000534057617
2022-03-24,2.510999917984009
2022-03-25,2.6029999256134033
2022-03-28,2.572999954223633
2022-03-29,2.5239999294281006
2022-03-30,2.4800000190734863
2022-03-31,2.447999954223633
2022-04-01,2.4240000247955322
2022-04-04,2.4739999771118164
2022-04-05,2.5840001106262207
2022-04-06,2.631999969482422
2022-04-07,2.687000036239624
2022-04-08,2.746000051498413
2022-04-11,2.819999933242798
2022-04-12,2.8259999752044678
2022-04-13,2.7939999103546143
2022-04-14,2.9189999103546143
2022-04-18,2.953000068664551
2022-04-19,2.990000009536743
2022-04-20,2.878999948501587
2022-04-21,2.933000087738037
2022-04-22,2.944000005722046
2022-04-25,2.8940000534057617
2022-04-26,2.86899995803833
2022-04-27,2.9079999923706055
2022-04-28,2.928999900817871
2022-04-29,2.947000026702881
2022-05-02,3.061000108718872
2022-05-03,3.00600004196167
2022-05-04,3.003000020980835
2022-05-05,3.1600000858306885
2022-05-06,3.2209999561309814
2022-05-09,3.2079999446868896
2022-05-10,3.130000114440918
2022-05-11,3.0439999103546143
2022-05-12,2.984999895095825
2022-05-13,3.0929999351501465
2022-05-16,3.0840001106262207
2022-05-17,3.1619999408721924
2022-05-18,3.072000026702881
2022-05-19,3.065999984741211
2022-05-20,2.996000051498413
2022-05-23,3.065000057220459
2022-05-24,2.9730000495910645
2022-05-25,2.9649999141693115
2022-05-26,2.990999937057495
2022-05-27,2.9719998836517334
2022-05-31,3.056999921798706
2022-06-01,3.0759999752044678
2022-06-02,3.0759999752044678
2022-06-03,3.114000082015991
2022-06-06,3.190999984741211
2022-06-07,3.122999906539917
2022-06-08,3.177000045776367
2022-06-09,3.1710000038146973
2022-06-10,3.196000099182129
2022-06-13,3.367000102996826
2022-06-14,3.431999921798706
2022-06-15,3.4130001068115234
2022-06-16,3.361999988555908
2022-06-17,3.2939999103546143
2022-06-21,3.390000104904175
2022-06-22,3.243000030517578
2022-06-23,3.178999900817871
2022-06-24,3.256999969482422
2022-06-27,3.305000066757202
2022-06-28,3.309999942779541
2022-06-29,3.2119998931884766
2022-06-30,3.11899995803833
2022-07-01,3.115999937057495
2022-07-05,3.0320000648498535
2022-07-06,3.11899995803833
2022-07-07,3.194000005722046
2022-07-08,3.2690000534057617
2022-07-11,3.180000066757202
2022-07-12,3.13700008392334
2022-07-13,3.069000005722046
2022-07-14,3.1040000915527344
2022-07-15,3.0940001010894775
2022-07-18,3.134999990463257
2022-07-19,3.178999900817871
2022-07-20,3.1700000762939453
2022-07-21,3.072999954223633
2022-07-22,2.997999906539917
2022-07-25,3.0490000247955322
2022-07-26,3.009000062942505
2022-07-27,3.002000093460083
2022-07-28,3.0390000343322754
2022-07-29,2.9739999771118164
2022-08-01,2.924999952316284
2022-08-02,2.984999895095825
2022-08-03,2.9769999980926514
2022-08-04,2.9609999656677246
2022-08-05,3.065000057220459
2022-08-08,2.997999906539917
2022-08-09,3.005000114440918
2022-08-10,3.0420000553131104
2022-08-11,3.1730000972747803
2022-08-12,3.118000030517578
2022-08-15,3.0959999561309814
2022-08-16,3.11299991607666
2022-08-17,3.1459999084472656
2022-08-18,3.1389999389648438
2022-08-19,3.2249999046325684
2022-08-22,3.242000102996826
2022-08-23,3.25600004196167
2022-08-24,3.321000099182129
2022-08-25,3.2339999675750732
2022-08-26,3.2049999237060547
2022-08-29,3.246999979019165
2022-08-30,3.2200000286102295
2022-08-31,3.255000114440918
2022-09-01,3.374000072479248
2022-09-02,3.3440001010894775
2022-09-06,3.4820001125335693
2022-09-07,3.4059998989105225
2022-09-08,3.441999912261963
2022-09-09,3.4560000896453857
2022-09-12,3.513000011444092
2022-09-13,3.506999969482422
2022-09-14,3.4690001010894775
2022-09-15,3.4800000190734863
2022-09-16,3.5190000534057617
2022-09-19,3.505000114440918
2022-09-20,3.5810000896453857
2022-09-21,3.5179998874664307
2022-09-22,3.6389999389648438
2022-09-23,3.611999988555908
2022-09-26,3.697999954223633
2022-09-27,3.8289999961853027
2022-09-28,3.680999994277954
2022-09-29,3.693000078201294
2022-09-30,3.765000104904175
2022-10-03,3.7060000896453857
2022-10-04,3.687000036239624
2022-10-05,3.765000104904175
2022-10-06,3.7939999103546143
2022-10-07,3.8410000801086426
2022-10-10,3.8480000495910645
2022-10-11,3.9019999504089355
2022-10-12,3.884000062942505
2022-10-13,3.931999921798706
2022-10-14,3.9779999256134033
2022-10-17,4.014999866485596
2022-10-18,4.020999908447266
2022-10-19,4.125999927520752
2022-10-20,4.216000080108643
2022-10-21,4.304999828338623
2022-10-24,4.36299991607666
2022-10-25,4.263000011444092
2022-10-26,4.163000106811523
2022-10-27,4.0920000076293945
2022-10-28,4.129000186920166
2022-10-31,4.203999996185303
2022-11-01,4.124000072479248
2022-11-02,4.122000217437744
2022-11-03,4.1519999504089355
2022-11-04,4.245999813079834
2022-11-07,4.313000202178955
2022-11-08,4.257999897003174
2022-11-09,4.320000171661377
2022-11-10,4.080999851226807
2022-11-11,4.058000087738037
2022-11-14,4.058000087738037
2022-11-15,3.9820001125335693
2022-11-16,3.859999895095825
2022-11-17,3.890000104904175
2022-11-18,3.927000045776367
2022-11-21,3.9049999713897705
2022-11-22,3.8299999237060547
2022-11-23,3.739000082015991
2022-11-25,3.750999927520752
2022-11-28,3.75
2022-11-29,3.802999973297119
2022-11-30,3.822000026702881
2022-12-01,3.635999917984009
2022-12-02,3.562000036239624
2022-12-05,3.615999937057495
2022-12-06,3.5230000019073486
2022-12-07,3.4149999618530273
2022-12-08,3.4549999237060547
2022-12-09,3.5490000247955322
2022-12-12,3.5759999752044678
2022-12-13,3.5280001163482666
2022-12-14,3.5390000343322754
2022-12-15,3.496000051498413
2022-12-16,3.5329999923706055
2022-12-19,3.622999906539917
2022-12-20,3.736999988555908
2022-12-21,3.743000030517578
2022-12-22,3.7230000495910645
2022-12-23,3.8269999027252197
2022-12-27,3.944000005722046
2022-12-28,3.9739999771118164
2022-12-29,3.9240000247955322
2022-12-30,3.9749999046325684
2023-01-03,3.8929998874664307
2023-01-04,3.819999933242798
2023-01-05,3.7980000972747803
2023-01-06,3.691999912261963
2023-01-09,3.6500000953674316
2023-01-10,3.756999969482422
2023-01-11,3.678999900817871
2023-01-12,3.575000047683716
2023-01-13,3.622999906539917
2023-01-17,3.6470000743865967
2023-01-18,3.5420000553131104
2023-01-19,3.568000078201294
2023-01-20,3.6559998989105225
2023-01-23,3.690999984741211
2023-01-24,3.622999906539917
2023-01-25,3.622999906539917
2023-01-26,3.628000020980835
2023-01-27,3.632999897003174
2023-01-30,3.6600000858306885
2023-01-31,3.6610000133514404
2023-02-01,3.546999931335449
2023-02-02,3.555000066757202
2023-02-03,3.628000020980835
2023-02-06,3.671999931335449
2023-02-07,3.7049999237060547
2023-02-08,3.7100000381469727
2023-02-09,3.74399995803833
2023-02-10,3.8269999027252197
2023-02-13,3.7909998893737793
2023-02-14,3.802000045776367
2023-02-15,3.8540000915527344
2023-02-16,3.9040000438690186
2023-02-17,3.888000011444092
2023-02-21,3.9769999980926514
2023-02-22,3.927999973297119
2023-02-23,3.877000093460083
2023-02-24,3.937999963760376
2023-02-27,3.9179999828338623
2023-02-28,3.930999994277954
2023-03-01,3.953000068664551
2023-03-02,4.020999908447266
2023-03-03,3.88700008392334
2023-03-06,3.9130001068115234
2023-03-07,3.888000011444092
2023-03-08,3.878000020980835
2023-03-09,3.871000051498413
2023-03-10,3.700000047683716
2023-03-13,3.6659998893737793
2023-03-14,3.760999917984009
2023-03-15,3.687000036239624
2023-03-16,3.7139999866485596
2023-03-17,3.5980000495910645
2023-03-20,3.6630001068115234
2023-03-21,3.736999988555908
2023-03-22,3.697999954223633
2023-03-23,3.681999921798706
2023-03-24,3.6440000534057617
2023-03-27,3.759999990463257
2023-03-28,3.7829999923706055
2023-03-29,3.7780001163482666
2023-03-30,3.746000051498413
2023-03-31,3.688999891281128
2023-04-03,3.6440000534057617
2023-04-04,3.5940001010894775
2023-04-05,3.558000087738037
2023-04-06,3.5399999618530273
2023-04-10,3.625999927520752
2023-04-11,3.621000051498413
2023-04-12,3.6530001163482666
2023-04-13,3.687000036239624
2023-04-14,3.739000082015991
2023-04-17,3.805000066757202
2023-04-18,3.7869999408721924
2023-04-19,3.7890000343322754
2023-04-20,3.753000020980835
2023-04-21,3.7780001163482666
2023-04-24,3.7279999256134033
2023-04-25,3.6510000228881836
2023-04-26,3.688999891281128
2023-04-27,3.75600004196167
2023-04-28,3.677999973297119
2023-05-01,3.818000078201294
2023-05-02,3.7330000400543213
2023-05-03,3.7149999141693115
2023-05-04,3.7230000495910645
2023-05-05,3.76200008392334
2023-05-08,3.8350000381469727
2023-05-09,3.8480000495910645
2023-05-10,3.7990000247955322
2023-05-11,3.747999906539917
2023-05-12,3.7769999504089355
2023-05-15,3.8420000076293945
2023-05-16,3.871000051498413
2023-05-17,3.878000020980835
2023-05-18,3.9010000228881836
2023-05-19,3.947999954223633
2023-05-22,3.9700000286102295
2023-05-23,3.9509999752044678
2023-05-24,3.9649999141693115
2023-05-25,4.002999782562256
2023-05-26,3.9690001010894775
2023-05-30,3.9030001163482666
2023-05-31,3.8559999465942383
2023-06-01,3.8329999446868896
2023-06-02,3.881999969482422
2023-06-05,3.890000104904175
2023-06-06,3.874000072479248
2023-06-07,3.941999912261963
2023-06-08,3.881999969482422
2023-06-09,3.88700008392334
2023-06-12,3.9070000648498535
2023-06-13,3.940999984741211
2023-06-14,3.88100004196167
2023-06-15,3.8480000495910645
2023-06-16,3.8550000190734863
2023-06-20,3.818000078201294
2023-06-21,3.808000087738037
2023-06-22,3.871999979019165
2023-06-23,3.821000099182129
2023-06-26,3.819000005722046
2023-06-27,3.8399999141693115
2023-06-28,3.802999973297119
2023-06-29,3.9130001068115234
2023-06-30,3.8550000190734863
2023-07-03,3.869999885559082
2023-07-05,3.944000005722046
2023-07-06,4.002999782562256
2023-07-07,4.033999919891357
2023-07-10,4.043000221252441
2023-07-11,4.019000053405762
2023-07-12,3.9509999752044678
2023-07-13,3.8949999809265137
2023-07-14,3.9230000972747803
2023-07-17,3.9230000972747803
2023-07-18,3.9010000228881836
2023-07-19,3.8389999866485596
2023-07-20,3.9100000858306885
2023-07-21,3.9070000648498535
2023-07-24,3.9200000762939453
2023-07-25,3.9549999237060547
2023-07-26,3.927999973297119
2023-07-27,4.058000087738037
2023-07-28,4.03000020980835
2023-07-31,4.019000053405762
2023-08-01,4.105000019073486
2023-08-02,4.164999961853027
2023-08-03,4.303999900817871
2023-08-04,4.214000225067139
2023-08-07,4.257999897003174
2023-08-08,4.203999996185303
2023-08-09,4.178999900817871
2023-08-10,4.241000175476074
2023-08-11,4.271999835968018
2023-08-14,4.281000137329102
2023-08-15,4.318999767303467
2023-08-16,4.361000061035156
2023-08-17,4.4120001792907715
2023-08-18,4.379000186920166
2023-08-21,4.455999851226807
2023-08-22,4.409999847412109
2023-08-23,4.283999919891357
2023-08-24,4.301000118255615
2023-08-25,4.294000148773193
2023-08-28,4.290999889373779
2023-08-29,4.236999988555908
2023-08-30,4.228000164031982
2023-08-31,4.203999996185303
2023-09-01,4.284999847412109
2023-09-05,4.375999927520752
2023-09-06,4.359000205993652
2023-09-07,4.3520002365112305
2023-09-08,4.331999778747559
2023-09-11,4.376999855041504
2023-09-12,4.3460001945495605
2023-09-13,4.336999893188477
2023-09-14,4.385000228881836
2023-09-15,4.410999774932861
2023-09-18,4.395999908447266
2023-09-19,4.427999973297119
2023-09-20,4.401000022888184
2023-09-21,4.552000045776367
2023-09-22,4.520999908447266
2023-09-25,4.6579999923706055
2023-09-26,4.696000099182129
2023-09-27,4.73199987411499
2023-09-28,4.729000091552734
2023-09-29,4.710999965667725
2023-10-02,4.795000076293945
2023-10-03,4.936999797821045
2023-10-04,4.876999855041504
2023-10-05,4.886000156402588
2023-10-06,4.940999984741211
2023-10-09,4.965000152587891
2023-10-10,4.830999851226807
2023-10-11,4.73799991607666
2023-10-12,4.870999813079834
2023-10-13,4.78000020980835
2023-10-16,4.866000175476074
2023-10-17,4.949999809265137
2023-10-18,4.994999885559082
2023-10-19,5.103000164031982
2023-10-20,5.089000225067139
2023-10-23,4.988999843597412
2023-10-24,4.9629998207092285
2023-10-25,5.0920000076293945
2023-10-26,4.98799991607666
2023-10-27,5.0229997634887695
2023-10-30,5.034999847412109
2023-10-31,5.021999835968018
2023-11-01,4.974999904632568
2023-11-02,4.821000099182129
2023-11-03,4.751999855041504
2023-11-06,4.831999778747559
2023-11-07,4.735000133514404
2023-11-08,4.656000137329102
2023-11-09,4.7769999504089355
2023-11-10,4.732999801635742
2023-11-13,4.74399995803833
2023-11-14,4.620999813079834
2023-11-15,4.691999912261963
2023-11-16,4.622000217437744
2023-11-17,4.5970001220703125
2023-11-20,4.574999809265137
2023-11-21,4.579999923706055
2023-11-22,4.546999931335449
2023-11-24,4.603000164031982
2023-11-27,4.5329999923706055
2023-11-28,4.52400016784668
2023-11-29,4.451000213623047
2023-11-30,4.513000011444092
2023-12-01,4.418000221252441
2023-12-04,4.438000202178955
2023-12-05,4.304999828338623
2023-12-06,4.223999977111816
2023-12-07,4.245999813079834
2023-12-08,4.324999809265137
2023-12-11,4.329999923706055
2023-12-12,4.303999900817871
2023-12-13,4.183000087738037
2023-12-14,4.053999900817871
2023-12-15,4.0269999504089355
2023-12-18,4.068999767303467
2023-12-19,4.034999847412109
2023-12-20,4.005000114440918
2023-12-21,4.035999774932861
2023-12-22,4.053999900817871
2023-12-26,4.043000221252441
2023-12-27,3.944999933242798
2023-12-28,3.98799991607666
2023-12-29,4.019000053405762
2024-01-02,4.085000038146973
2024-01-03,4.056000232696533
2024-01-04,4.13700008392334
2024-01-05,4.199999809265137
2024-01-08,4.172999858856201
2024-01-09,4.184999942779541
2024-01-10,4.199999809265137
2024-01-11,4.182000160217285
2024-01-12,4.197000026702881
2024-01-16,4.302999973297119
2024-01-17,4.311999797821045
2024-01-18,4.370999813079834
2024-01-19,4.353000164031982
2024-01-22,4.315999984741211
2024-01-23,4.377999782562256
2024-01-24,4.413000106811523
2024-01-25,4.380000114440918
2024-01-26,4.389999866485596
2024-01-29,4.335000038146973
2024-01-30,4.2779998779296875
2024-01-31,4.215000152587891
2024-02-01,4.103000164031982
2024-02-02,4.2270002365112305
2024-02-05,4.34499979019165
2024-02-06,4.296000003814697
2024-02-07,4.309999942779541
2024-02-08,4.375999927520752
2024-02-09,4.38100004196167
2024-02-12,4.369999885559082
2024-02-13,4.466000080108643
2024-02-14,4.447999954223633
2024-02-15,4.421000003814697
2024-02-16,4.447999954223633
2024-02-20,4.448999881744385
2024-02-21,4.492000102996826
2024-02-22,4.461999893188477
2024-02-23,4.380000114440918
2024-02-26,4.418000221252441
2024-02-27,4.440999984741211
2024-02-28,4.409999847412109
2024-02-29,4.375
2024-03-01,4.326000213623047
2024-03-04,4.355000019073486
2024-03-05,4.275000095367432
2024-03-06,4.239999771118164
2024-03-07,4.248000144958496
2024-03-08,4.26200008392334
2024-03-11,4.2769999504089355
2024-03-12,4.311999797821045
2024-03-13,4.348999977111816
2024-03-14,4.442999839782715
2024-03-15,4.427999973297119
2024-03-18,4.466000080108643
2024-03-19,4.440999984741211
2024-03-20,4.454999923706055
2024-03-21,4.441999912261963
2024-03-22,4.392000198364258
2024-03-25,4.426000118255615
2024-03-26,4.400000095367432
2024-03-27,4.359000205993652
2024-03-28,4.348999977111816
2024-04-01,4.4679999351501465
2024-04-02,4.508999824523926
2024-04-03,4.508999824523926
2024-04-04,4.4720001220703125
2024-04-05,4.5320000648498535
2024-04-08,4.552999973297119
2024-04-09,4.499000072479248
2024-04-10,4.635000228881836
2024-04-11,4.659999847412109
2024-04-12,4.6020002365112305
2024-04-15,4.741000175476074
2024-04-16,4.757999897003174
2024-04-17,4.698999881744385
2024-04-18,4.744999885559082
2024-04-19,4.710999965667725
2024-04-22,4.723999977111816
2024-04-23,4.7230000495910645
2024-04-24,4.783999919891357
2024-04-25,4.820000171661377
2024-04-26,4.781000137329102
2024-04-29,4.73799991607666
2024-04-30,4.789999961853027
2024-05-01,4.7129998207092285
2024-05-02,4.7179999351501465
2024-05-03,4.660999774932861
2024-05-06,4.642000198364258
2024-05-07,4.60699987411499
2024-05-08,4.631999969482422
2024-05-09,4.605999946594238
2024-05-10,4.645999908447266
2024-05-13,4.623000144958496
2024-05-14,4.593999862670898
2024-05-15,4.515999794006348
2024-05-16,4.51800012588501
2024-05-17,4.559999942779541
2024-05-20,4.572999954223633
2024-05-21,4.553999900817871
2024-05-22,4.551000118255615
2024-05-23,4.579999923706055
2024-05-24,4.572999954223633
2024-05-28,4.656000137329102
2024-05-29,4.74399995803833
2024-05-30,4.684999942779541
2024-05-31,4.6519999504089355
2024-06-03,4.551000118255615
2024-06-04,4.484000205993652
2024-06-05,4.440999984741211
2024-06-06,4.429999828338623
2024-06-07,4.547999858856201
2024-06-10,4.59499979019165
2024-06-11,4.5370001792907715
2024-06-12,4.449999809265137
2024-06-13,4.400000095367432
2024-06-14,4.35099983215332
2024-06-17,4.409999847412109
2024-06-18,4.354000091552734
2024-06-20,4.392000198364258
2024-06-21,4.3979997634887695
2024-06-24,4.377999782562256
2024-06-25,4.372000217437744
2024-06-26,4.447000026702881
2024-06-27,4.427000045776367
2024-06-28,4.501999855041504
2024-07-01,4.64300012588501
2024-07-02,4.609000205993652
2024-07-03,4.5229997634887695
2024-07-05,4.4679999351501465
2024-07-08,4.458000183105469
2024-07-09,4.494999885559082
2024-07-10,4.46999979019165
2024-07-11,4.4039998054504395
2024-07-12,4.4019999504089355
2024-07-15,4.453999996185303
2024-07-16,4.374000072479248
2024-07-17,4.359000205993652
2024-07-18,4.406000137329102
2024-07-19,4.449999809265137
2024-07-22,4.478000164031982
2024-07-23,4.4710001945495605
2024-07-24,4.547999858856201
2024-07-25,4.5
2024-07-26,4.455999851226807
2024-07-29,4.433000087738037
2024-07-30,4.400000095367432
2024-07-31,4.36899995803833
2024-08-01,4.270999908447266
2024-08-02,4.109000205993652
2024-08-05,4.072000026702881
2024-08-06,4.177000045776367
2024-08-07,4.261000156402588
2024-08-08,4.2870001792907715
2024-08-09,4.224999904632568
2024-08-12,4.197000026702881
2024-08-13,4.164999961853027
2024-08-14,4.107999801635742
2024-08-15,4.179999828338623
2024-08-16,4.14900016784668
2024-08-19,4.114999771118164
2024-08-20,4.070000171661377
2024-08-21,4.051000118255615
2024-08-22,4.133999824523926
2024-08-23,4.1020002365112305
2024-08-26,4.107999801635742
2024-08-27,4.127999782562256
2024-08-28,4.13100004196167
2024-08-29,4.151000022888184
2024-08-30,4.196000099182129
2024-09-03,4.13100004196167
2024-09-04,4.066999912261963
2024-09-05,4.0229997634887695
2024-09-06,4.019999980926514
2024-09-09,3.999000072479248
2024-09-10,3.9549999237060547
2024-09-11,3.9630000591278076
2024-09-12,3.994999885559082
2024-09-13,3.9769999980926514
2024-09-16,3.937000036239624
2024-09-17,3.953000068664551
2024-09-18,4.007999897003174
2024-09-19,4.072000026702881
2024-09-20,4.071000099182129
2024-09-23,4.081999778747559
2024-09-24,4.089000225067139
2024-09-25,4.133999824523926
2024-09-26,4.124000072479248
2024-09-27,4.0980000495910645
2024-09-30,4.133999824523926
2024-10-01,4.079999923706055
2024-10-02,4.131999969482422
2024-10-03,4.179999828338623
2024-10-04,4.267000198364258
2024-10-07,4.306000232696533
2024-10-08,4.321000099182129
2024-10-09,4.339000225067139
2024-10-10,4.386000156402588
2024-10-11,4.382999897003174
2024-10-14,4.408999919891357
2024-10-15,4.328999996185303
2024-10-16,4.298999786376953
2024-10-17,4.394999980926514
2024-10-18,4.380000114440918
2024-10-21,4.486999988555908
2024-10-22,4.493000030517578
2024-10-23,4.515999794006348
2024-10-24,4.465000152587891
2024-10-25,4.499000072479248
2024-10-28,4.53000020980835
2024-10-29,4.519000053405762
2024-10-30,4.480000019073486
2024-10-31,4.4730000495910645
2024-11-01,4.558000087738037
2024-11-04,4.49399995803833
2024-11-05,4.449999809265137
2024-11-06,4.6020002365112305
2024-11-07,4.543000221252441
2024-11-08,4.4770002365112305
2024-11-11,4.474999904632568
2024-11-12,4.577000141143799
2024-11-13,4.63700008392334
2024-11-14,4.583000183105469
2024-11-15,4.60099983215332
2024-11-18,4.605999946594238
2024-11-19,4.565000057220459
2024-11-20,4.5920000076293945
2024-11-21,4.622000217437744
2024-11-22,4.59499979019165
2024-11-25,4.447000026702881
2024-11-26,4.480000019073486
2024-11-27,4.427000045776367
2024-11-29,4.366000175476074
2024-12-02,4.361000061035156
2024-12-03,4.394000053405762
2024-12-04,4.3470001220703125
2024-12-05,4.335999965667725
2024-12-06,4.330999851226807
2024-12-09,4.389999866485596
2024-12-10,4.4079999923706055
2024-12-11,4.479000091552734
2024-12-12,4.546999931335449
2024-12-13,4.614999771118164
2024-12-16,4.607999801635742
2024-12-17,4.578999996185303
2024-12-18,4.658999919891357
2024-12-19,4.739999771118164
2024-12-20,4.716000080108643
2024-12-23,4.783999919891357
2024-12-24,4.764999866485596
2024-12-26,4.76200008392334
2024-12-27,4.810999870300293
2024-12-30,4.763000011444092
2024-12-31,4.785999774932861
2025-01-02,4.797999858856201
2025-01-03,4.814000129699707
2025-01-06,4.8379998207092285
2025-01-07,4.909999847412109
2025-01-08,4.932000160217285
2025-01-10,4.965000152587891
2025-01-13,4.986000061035156
2025-01-14,4.984000205993652
2025-01-15,4.879000186920166
2025-01-16,4.843999862670898
2025-01-17,4.84499979019165
2025-01-21,4.802000045776367
2025-01-22,4.814000129699707
2025-01-23,4.86899995803833
2025-01-24,4.8480000495910645
2025-01-27,4.769999980926514
2025-01-28,4.789999961853027
2025-01-29,4.789999961853027
2025-01-30,4.757999897003174
2025-01-31,4.813000202178955
2025-02-03,4.770999908447266
2025-02-04,4.748000144958496
2025-02-05,4.642000198364258
2025-02-06,4.650000095367432
2025-02-07,4.690000057220459
2025-02-10,4.710999965667725
2025-02-11,4.75
2025-02-12,4.835000038146973
2025-02-13,4.73199987411499
2025-02-14,4.692999839782715
2025-02-18,4.76200008392334
2025-02-19,4.764999866485596
2025-02-20,4.73799991607666
2025-02-21,4.669000148773193
2025-02-24,4.6479997634887695
2025-02-25,4.557000160217285
2025-02-26,4.506999969482422
2025-02-27,4.553999900817871
2025-02-28,4.515999794006348
2025-03-03,4.464000225067139
2025-03-04,4.517000198364258
2025-03-05,4.557000160217285
2025-03-06,4.579999923706055
2025-03-07,4.616000175476074
2025-03-10,4.539000034332275
2025-03-11,4.603000164031982
2025-03-12,4.632999897003174
2025-03-13,4.5970001220703125
2025-03-14,4.614999771118164
2025-03-17,4.598999977111816
2025-03-18,4.578999996185303
2025-03-19,4.567999839782715
2025-03-20,4.557000160217285
2025-03-21,4.5960001945495605
2025-03-24,4.65500020980835
2025-03-25,4.656000137329102
2025-03-26,4.683000087738037
2025-03-27,4.728000164031982
2025-03-28,4.632999897003174
2025-03-31,4.61299991607666
2025-04-01,4.515999794006348
2025-04-02,4.552999973297119
2025-04-03,4.485000133514404
2025-04-04,4.388000011444092
2025-04-07,4.5929999351501465
2025-04-08,4.715000152587891
2025-04-09,4.793000221252441
2025-04-10,4.848999977111816
2025-04-11,4.876999855041504
2025-04-14,4.797999858856201
2025-04-15,4.776000022888184
2025-04-16,4.747000217437744
2025-04-17,4.809000015258789
2025-04-21,4.910999774932861
2025-04-22,4.879000186920166
2025-04-23,4.833000183105469
2025-04-24,4.764999866485596
2025-04-25,4.73799991607666
2025-04-28,4.693999767303467
2025-04-29,4.6479997634887695
2025-04-30,4.681000232696533
2025-05-01,4.736999988555908
2025-05-02,4.795000076293945
2025-05-05,4.829999923706055
2025-05-06,4.813000202178955
2025-05-07,4.7729997634887695
2025-05-08,4.835999965667725
2025-05-09,4.833000183105469
2025-05-12,4.888000011444092
2025-05-13,4.942999839782715
2025-05-14,4.9670000076293945
2025-05-15,4.918000221252441
2025-05-16,4.89900016784668
2025-05-19,4.940000057220459
2025-05-20,4.9670000076293945
2025-05-21,5.090000152587891
2025-05-22,5.065000057220459
2025-05-23,5.031000137329102
2025-05-27,4.940000057220459
2025-05-28,4.974999904632568
2025-05-29,4.922999858856201
2025-05-30,4.928999900817871
2025-06-02,4.994999885559082
2025-06-03,4.982999801635742
2025-06-04,4.88700008392334
2025-06-05,4.883999824523926
2025-06-06,4.9629998207092285
2025-06-09,4.953999996185303
2025-06-10,4.940000057220459
2025-06-11,4.9079999923706055
2025-06-12,4.8420000076293945
2025-06-13,4.914999961853027
2025-06-16,4.953999996185303
2025-06-17,4.89300012588501
2025-06-18,4.894999980926514
2025-06-20,4.888999938964844
2025-06-23,4.85699987411499
2025-06-24,4.828999996185303
2025-06-25,4.8420000076293945
2025-06-26,4.815999984741211
2025-06-27,4.84499979019165
2025-06-30,4.7789998054504395
2025-07-01,4.7789998054504395
2025-07-02,4.822999954223633
2025-07-03,4.861999988555908
2025-07-07,4.931000232696533
2025-07-08,4.943999767303467
2025-07-09,4.875999927520752
2025-07-10,4.861000061035156
2025-07-11,4.956999778747559
2025-07-14,4.9730000495910645
2025-07-15,5.01800012588501
2025-07-16,5.013999938964844
2025-07-17,5.013999938964844
2025-07-18,5.000999927520752
2025-07-21,4.936999797821045
2025-07-22,4.9019999504089355
2025-07-23,4.948999881744385
2025-07-24,4.948999881744385
2025-07-25,4.928999900817871
2025-07-28,4.964000225067139
2025-07-29,4.870999813079834
2025-07-30,4.910999774932861
2025-07-31,4.886000156402588
2025-08-01,4.807000160217285
2025-08-04,4.796999931335449
2025-08-05,4.769000053405762
2025-08-06,4.810999870300293
2025-08-07,4.815999984741211
2025-08-08,4.855000019073486
2025-08-11,4.841000080108643
2025-08-12,4.885000228881836
2025-08-13,4.828000068664551
2025-08-14,4.882999897003174
2025-08-15,4.926000118255615
2025-08-18,4.941999912261963
2025-08-19,4.9019999504089355
2025-08-20,4.9039998054504395
2025-08-21,4.923999786376953
2025-08-22,4.883999824523926
2025-08-25,4.888000011444092
2025-08-26,4.908999919891357
2025-08-27,4.913000106811523
2025-08-28,4.874000072479248
2025-08-29,4.916999816894531
2025-09-02,4.9710001945495605
2025-09-03,4.892000198364258
2025-09-04,4.874000072479248
2025-09-05,4.775000095367432
2025-09-08,4.689000129699707
2025-09-09,4.7179999351501465
2025-09-10,4.677999973297119
2025-09-11,4.651000022888184
2025-09-12,4.678999900817871
2025-09-15,4.656000137329102
2025-09-16,4.645999908447266
2025-09-17,4.675000190734863
2025-09-18,4.71999979019165
2025-09-19,4.75600004196167
2025-09-22,4.761000156402588
2025-09-23,4.73799991607666
2025-09-24,4.757999897003174
2025-09-25,4.751999855041504
2025-09-26,4.765999794006348
2025-09-29,4.703999996185303
2025-09-30,4.73199987411499
2025-10-01,4.715000152587891
2025-10-02,4.695000171661377
2025-10-03,4.714000225067139
2025-10-06,4.757999897003174
2025-10-07,4.72599983215332
2025-10-08,4.723999977111816
2025-10-09,4.732999801635742
2025-10-10,4.633999824523926
2025-10-13,4.63100004196167
2025-10-14,4.623000144958496
2025-10-15,4.638999938964844
2025-10-16,4.583000183105469
2025-10-17,4.603000164031982
2025-10-20,4.576000213623047
2025-10-21,4.547999858856201
2025-10-22,4.539000034332275
2025-10-23,4.572999954223633
2025-10-24,4.585000038146973
2025-10-27,4.570000171661377
2025-10-28,4.546999931335449
2025-10-29,4.599999904632568
2025-10-30,4.646999835968018
2025-10-31,4.670000076293945
2025-11-03,4.689000129699707
2025-11-04,4.670000076293945
2025-11-05,4.736000061035156
2025-11-06,4.688000202178955
2025-11-07,4.699999809265137
2025-11-10,4.702000141143799
2025-11-11,4.710000038146973
2025-11-12,4.660999774932861
2025-11-13,4.702000141143799
2025-11-14,4.747000217437744
2025-11-17,4.736000061035156
2025-11-18,4.743000030517578
2025-11-19,4.751999855041504
2025-11-20,4.73199987411499
2025-11-21,4.715000152587891
2025-11-24,4.677999973297119
2025-11-25,4.6579999923706055
2025-11-26,4.644000053405762
2025-11-28,4.664999961853027
2025-12-01,4.74399995803833
2025-12-02,4.741000175476074
2025-12-03,4.724999904632568
2025-12-04,4.764999866485596
2025-12-05,4.791999816894531
2025-12-08,4.815999984741211
2025-12-09,4.809000015258789
2025-12-10,4.796999931335449
2025-12-11,4.789999961853027
2025-12-12,4.857999801635742
2025-12-15,4.85099983215332
2025-12-16,4.823999881744385
2025-12-17,4.828000068664551
2025-12-18,4.798999786376953
2025-12-19,4.828000068664551
2025-12-22,4.8420000076293945
2025-12-23,4.830999851226807
2025-12-24,4.797999858856201
2025-12-26,4.820000171661377
2025-12-29,4.804999828338623
2025-12-30,4.813000202178955
2025-12-31,4.840000152587891
2026-01-02,4.863999843597412
2026-01-05,4.854000091552734
2026-01-06,4.866000175476074
2026-01-07,4.815000057220459
2026-01-08,4.857999801635742
2026-01-09,4.818999767303467
2026-01-12,4.840000152587891
2026-01-13,4.828000068664551
2026-01-14,4.795000076293945
2026-01-15,4.7870001792907715
2026-01-16,4.840000152587891
2026-01-20,4.920000076293945
2026-01-21,4.870999813079834
2026-01-22,4.8470001220703125
2026-01-23,4.833000183105469
2026-01-26,4.804999828338623
2026-01-27,4.831999778747559
2026-01-28,4.860000133514404
2026-01-29,4.854000091552734
2026-01-30,4.872000217437744
2026-02-02,4.908999919891357
2026-02-03,4.906000137329102
2026-02-04,4.914999961853027
2026-02-05,4.861999988555908
2026-02-06,4.855000019073486
2026-02-09,4.8480000495910645
2026-02-10,4.788000106811523
2026-02-11,4.814000129699707
2026-02-12,4.730999946594238
2026-02-13,4.697999954223633
2026-02-17,4.683000087738037
2026-02-18,4.705999851226807
2026-02-19,4.703999996185303
2026-02-20,4.724999904632568
2026-02-23,4.696000099182129
2026-02-24,4.689000129699707
2026-02-25,4.693999767303467
2026-02-26,4.669000148773193
2026-02-27,4.632999897003174
2026-03-02,4.697999954223633
2026-03-03,4.702000141143799
2026-03-04,4.716000080108643
2026-03-05,4.751999855041504
2026-03-06,4.755000114440918
2026-03-09,4.739999771118164
2026-03-10,4.770999908447266
2026-03-11,4.85699987411499
2026-03-12,4.885000228881836
2026-03-13,4.9079999923706055
2026-03-16,4.859000205993652
2026-03-17,4.8520002365112305
2026-03-18,4.88100004196167
2026-03-19,4.8520002365112305
2026-03-20,4.960000038146973
2026-03-23,4.9120001792907715
2026-03-24,4.940999984741211
2026-03-25,4.896999835968018
2026-03-26,4.935999870300293
2026-03-27,4.98199987411499
2026-03-30,4.90500020980835
2026-03-31,4.890999794006348
2026-04-01,4.900000095367432
2026-04-02,4.889999866485596
2026-04-06,4.890999794006348
2026-04-07,4.921000003814697
2026-04-08,4.88700008392334
2026-04-09,4.896999835968018
2026-04-10,4.914000034332275
2026-04-13,4.900000095367432
2026-04-14,4.868000030517578
2026-04-15,4.890999794006348
2026-04-16,4.928999900817871
2026-04-17,4.885000228881836
2026-04-20,4.88100004196167
2026-04-21,4.8979997634887695
2026-04-22,4.9019999504089355
2026-04-23,4.918000221252441
2026-04-24,4.915999889373779
2026-04-27,4.941999912261963
2026-04-28,4.943999767303467
2026-04-29,4.986999988555908
2026-04-30,4.986999988555908
2026-05-01,4.966000080108643
2026-05-04,5.025000095367432
2026-05-05,4.984000205993652
2026-05-06,4.942999839782715
2026-05-07,4.968999862670898
2026-05-08,4.947000026702881
2026-05-11,4.986000061035156
2026-05-12,5.031000137329102
2026-05-13,5.046999931335449
2026-05-14,5.01200008392334
2026-05-15,5.127999782562256
2026-05-18,5.146999835968018
2026-05-19,5.181000232696533
2026-05-20,5.116000175476074
2026-05-21,5.111999988555908
2026-05-22,5.064000129699707
2026-05-26,5.026000022888184
2026-05-27,5.011000156402588
2026-05-28,4.985000133514404
2026-05-29,4.993000030517578
2026-06-01,4.991000175476074
2026-06-02,4.9670000076293945
2026-06-03,4.989999771118164
2026-06-04,4.978000164031982
2026-06-05,4.999000072479248
2026-06-08,5.02400016784668
2026-06-09,5.011000156402588
2026-06-10,5.025000095367432
2026-06-11,4.951000213623047
2026-06-12,4.974999904632568
2026-06-15,4.9710001945495605
2026-06-16,4.927999973297119
2026-06-17,4.926000118255615
2026-06-18,4.901000022888184
2026-06-22,4.947000026702881
2026-06-23,4.940000057220459
2026-06-24,4.855999946594238
2026-06-25,4.857999801635742
2026-06-26,4.863999843597412
2026-06-29,4.860000133514404
2026-06-30,4.9019999504089355
2026-07-01,4.966000080108643
2026-07-02,4.985000133514404
2026-07-06,4.993000030517578
2026-07-07,5.043000221252441
2026-07-08,5.065000057220459
2026-07-09,5.052999973297119
2026-07-10,5.071000099182129
2026-07-13,5.0980000495910645
2026-07-14,5.093999862670898
2026-07-15,5.083000183105469
2026-07-16,5.0980000495910645
2026-07-17,5.064000129699707
2026-07-20,5.118000030517578
2026-07-21,5.130000114440918
2026-07-22,5.146999835968018
2026-07-23,5.171000003814697
2026-07-24,5.1620001792907715
2026-07-27,5.125
2026-07-28,5.0960001945495605
2026-07-29,5.14300012588501
2026-07-30,5.208000183105469
2026-07-31,5.275000095367432
2026-08-03,5.230999946594238
2026-08-04,5.190000057220459
2026-08-05,5.168999671936035
